Date,CO2_Value,CO2_Value_lag1,CO2_Value_lag2,CO2_Value_lag3,CO2_Value_lag4,CO2_Value_lag5,CO2_Value_lag6,CO2_Value_lag7,CO2_Value_lag8,CO2_Value_lag9,CO2_Value_lag10,CO2_Value_lag11,CO2_Value_lag12,CO2_Value_lag13,CO2_Value_lag14,CO2_Value_lag15
2023-01-16,74.79,77.05,77.05,77.05,77.41,76.17,77.75,78.75,74.75,74.75,74.75,76.21,75.09,80.72,83.4,83.4
2023-01-17,76.79,74.79,77.05,77.05,77.05,77.41,76.17,77.75,78.75,74.75,74.75,74.75,76.21,75.09,80.72,83.4
2023-01-18,80.48,76.79,74.79,77.05,77.05,77.05,77.41,76.17,77.75,78.75,74.75,74.75,74.75,76.21,75.09,80.72
2023-01-19,81.1,80.48,76.79,74.79,77.05,77.05,77.05,77.41,76.17,77.75,78.75,74.75,74.75,74.75,76.21,75.09
2023-01-20,82.28,81.1,80.48,76.79,74.79,77.05,77.05,77.05,77.41,76.17,77.75,78.75,74.75,74.75,74.75,76.21
2023-01-21,82.28,82.28,81.1,80.48,76.79,74.79,77.05,77.05,77.05,77.41,76.17,77.75,78.75,74.75,74.75,74.75
2023-01-22,82.28,82.28,82.28,81.1,80.48,76.79,74.79,77.05,77.05,77.05,77.41,76.17,77.75,78.75,74.75,74.75
2023-01-23,82.36,82.28,82.28,82.28,81.1,80.48,76.79,74.79,77.05,77.05,77.05,77.41,76.17,77.75,78.75,74.75
2023-01-24,78.87,82.36,82.28,82.28,82.28,81.1,80.48,76.79,74.79,77.05,77.05,77.05,77.41,76.17,77.75,78.75
2023-01-25,81.43,78.87,82.36,82.28,82.28,82.28,81.1,80.48,76.79,74.79,77.05,77.05,77.05,77.41,76.17,77.75
2023-01-26,86.43,81.43,78.87,82.36,82.28,82.28,82.28,81.1,80.48,76.79,74.79,77.05,77.05,77.05,77.41,76.17
2023-01-27,86.14,86.43,81.43,78.87,82.36,82.28,82.28,82.28,81.1,80.48,76.79,74.79,77.05,77.05,77.05,77.41
2023-01-28,86.14,86.14,86.43,81.43,78.87,82.36,82.28,82.28,82.28,81.1,80.48,76.79,74.79,77.05,77.05,77.05
2023-01-29,86.14,86.14,86.14,86.43,81.43,78.87,82.36,82.28,82.28,82.28,81.1,80.48,76.79,74.79,77.05,77.05
2023-01-30,86.53,86.14,86.14,86.14,86.43,81.43,78.87,82.36,82.28,82.28,82.28,81.1,80.48,76.79,74.79,77.05
2023-01-31,90.05,86.53,86.14,86.14,86.14,86.43,81.43,78.87,82.36,82.28,82.28,82.28,81.1,80.48,76.79,74.79
2023-02-01,92.38,90.05,86.53,86.14,86.14,86.14,86.43,81.43,78.87,82.36,82.28,82.28,82.28,81.1,80.48,76.79
2023-02-02,89.98,92.38,90.05,86.53,86.14,86.14,86.14,86.43,81.43,78.87,82.36,82.28,82.28,82.28,81.1,80.48
2023-02-03,90.24,89.98,92.38,90.05,86.53,86.14,86.14,86.14,86.43,81.43,78.87,82.36,82.28,82.28,82.28,81.1
2023-02-04,90.24,90.24,89.98,92.38,90.05,86.53,86.14,86.14,86.14,86.43,81.43,78.87,82.36,82.28,82.28,82.28
2023-02-05,90.24,90.24,90.24,89.98,92.38,90.05,86.53,86.14,86.14,86.14,86.43,81.43,78.87,82.36,82.28,82.28
2023-02-06,87.87,90.24,90.24,90.24,89.98,92.38,90.05,86.53,86.14,86.14,86.14,86.43,81.43,78.87,82.36,82.28
2023-02-07,87.32,87.87,90.24,90.24,90.24,89.98,92.38,90.05,86.53,86.14,86.14,86.14,86.43,81.43,78.87,82.36
2023-02-08,87.31,87.32,87.87,90.24,90.24,90.24,89.98,92.38,90.05,86.53,86.14,86.14,86.14,86.43,81.43,78.87
2023-02-09,88.01,87.31,87.32,87.87,90.24,90.24,90.24,89.98,92.38,90.05,86.53,86.14,86.14,86.14,86.43,81.43
2023-02-10,90.02,88.01,87.31,87.32,87.87,90.24,90.24,90.24,89.98,92.38,90.05,86.53,86.14,86.14,86.14,86.43
2023-02-11,90.02,90.02,88.01,87.31,87.32,87.87,90.24,90.24,90.24,89.98,92.38,90.05,86.53,86.14,86.14,86.14
2023-02-12,90.02,90.02,90.02,88.01,87.31,87.32,87.87,90.24,90.24,90.24,89.98,92.38,90.05,86.53,86.14,86.14
2023-02-13,89.22,90.02,90.02,90.02,88.01,87.31,87.32,87.87,90.24,90.24,90.24,89.98,92.38,90.05,86.53,86.14
2023-02-14,89.07,89.22,90.02,90.02,90.02,88.01,87.31,87.32,87.87,90.24,90.24,90.24,89.98,92.38,90.05,86.53
2023-02-15,91.29,89.07,89.22,90.02,90.02,90.02,88.01,87.31,87.32,87.87,90.24,90.24,90.24,89.98,92.38,90.05
2023-02-16,94.4,91.29,89.07,89.22,90.02,90.02,90.02,88.01,87.31,87.32,87.87,90.24,90.24,90.24,89.98,92.38
2023-02-17,93.13,94.4,91.29,89.07,89.22,90.02,90.02,90.02,88.01,87.31,87.32,87.87,90.24,90.24,90.24,89.98
2023-02-18,93.13,93.13,94.4,91.29,89.07,89.22,90.02,90.02,90.02,88.01,87.31,87.32,87.87,90.24,90.24,90.24
2023-02-19,93.13,93.13,93.13,94.4,91.29,89.07,89.22,90.02,90.02,90.02,88.01,87.31,87.32,87.87,90.24,90.24
2023-02-20,95.16,93.13,93.13,93.13,94.4,91.29,89.07,89.22,90.02,90.02,90.02,88.01,87.31,87.32,87.87,90.24
2023-02-21,97.08,95.16,93.13,93.13,93.13,94.4,91.29,89.07,89.22,90.02,90.02,90.02,88.01,87.31,87.32,87.87
2023-02-22,93.58,97.08,95.16,93.13,93.13,93.13,94.4,91.29,89.07,89.22,90.02,90.02,90.02,88.01,87.31,87.32
2023-02-23,94.34,93.58,97.08,95.16,93.13,93.13,93.13,94.4,91.29,89.07,89.22,90.02,90.02,90.02,88.01,87.31
2023-02-24,94.1,94.34,93.58,97.08,95.16,93.13,93.13,93.13,94.4,91.29,89.07,89.22,90.02,90.02,90.02,88.01
2023-02-25,94.1,94.1,94.34,93.58,97.08,95.16,93.13,93.13,93.13,94.4,91.29,89.07,89.22,90.02,90.02,90.02
2023-02-26,94.1,94.1,94.1,94.34,93.58,97.08,95.16,93.13,93.13,93.13,94.4,91.29,89.07,89.22,90.02,90.02
2023-02-27,96.85,94.1,94.1,94.1,94.34,93.58,97.08,95.16,93.13,93.13,93.13,94.4,91.29,89.07,89.22,90.02
2023-02-28,96.58,96.85,94.1,94.1,94.1,94.34,93.58,97.08,95.16,93.13,93.13,93.13,94.4,91.29,89.07,89.22
2023-03-01,93.72,96.58,96.85,94.1,94.1,94.1,94.34,93.58,97.08,95.16,93.13,93.13,93.13,94.4,91.29,89.07
2023-03-02,90.23,93.72,96.58,96.85,94.1,94.1,94.1,94.34,93.58,97.08,95.16,93.13,93.13,93.13,94.4,91.29
2023-03-03,89.07,90.23,93.72,96.58,96.85,94.1,94.1,94.1,94.34,93.58,97.08,95.16,93.13,93.13,93.13,94.4
2023-03-04,89.07,89.07,90.23,93.72,96.58,96.85,94.1,94.1,94.1,94.34,93.58,97.08,95.16,93.13,93.13,93.13
2023-03-05,89.07,89.07,89.07,90.23,93.72,96.58,96.85,94.1,94.1,94.1,94.34,93.58,97.08,95.16,93.13,93.13
2023-03-06,89.9,89.07,89.07,89.07,90.23,93.72,96.58,96.85,94.1,94.1,94.1,94.34,93.58,97.08,95.16,93.13
2023-03-07,92.59,89.9,89.07,89.07,89.07,90.23,93.72,96.58,96.85,94.1,94.1,94.1,94.34,93.58,97.08,95.16
2023-03-08,94.7,92.59,89.9,89.07,89.07,89.07,90.23,93.72,96.58,96.85,94.1,94.1,94.1,94.34,93.58,97.08
2023-03-09,95.31,94.7,92.59,89.9,89.07,89.07,89.07,90.23,93.72,96.58,96.85,94.1,94.1,94.1,94.34,93.58
2023-03-10,96.72,95.31,94.7,92.59,89.9,89.07,89.07,89.07,90.23,93.72,96.58,96.85,94.1,94.1,94.1,94.34
2023-03-11,96.72,96.72,95.31,94.7,92.59,89.9,89.07,89.07,89.07,90.23,93.72,96.58,96.85,94.1,94.1,94.1
2023-03-12,96.72,96.72,96.72,95.31,94.7,92.59,89.9,89.07,89.07,89.07,90.23,93.72,96.58,96.85,94.1,94.1
2023-03-13,94.26,96.72,96.72,96.72,95.31,94.7,92.59,89.9,89.07,89.07,89.07,90.23,93.72,96.58,96.85,94.1
2023-03-14,89.8,94.26,96.72,96.72,96.72,95.31,94.7,92.59,89.9,89.07,89.07,89.07,90.23,93.72,96.58,96.85
2023-03-15,86.6,89.8,94.26,96.72,96.72,96.72,95.31,94.7,92.59,89.9,89.07,89.07,89.07,90.23,93.72,96.58
2023-03-16,84.43,86.6,89.8,94.26,96.72,96.72,96.72,95.31,94.7,92.59,89.9,89.07,89.07,89.07,90.23,93.72
2023-03-17,84.58,84.43,86.6,89.8,94.26,96.72,96.72,96.72,95.31,94.7,92.59,89.9,89.07,89.07,89.07,90.23
2023-03-18,84.58,84.58,84.43,86.6,89.8,94.26,96.72,96.72,96.72,95.31,94.7,92.59,89.9,89.07,89.07,89.07
2023-03-19,84.58,84.58,84.58,84.43,86.6,89.8,94.26,96.72,96.72,96.72,95.31,94.7,92.59,89.9,89.07,89.07
2023-03-20,85.11,84.58,84.58,84.58,84.43,86.6,89.8,94.26,96.72,96.72,96.72,95.31,94.7,92.59,89.9,89.07
2023-03-21,86.88,85.11,84.58,84.58,84.58,84.43,86.6,89.8,94.26,96.72,96.72,96.72,95.31,94.7,92.59,89.9
2023-03-22,86.77,86.88,85.11,84.58,84.58,84.58,84.43,86.6,89.8,94.26,96.72,96.72,96.72,95.31,94.7,92.59
2023-03-23,89.69,86.77,86.88,85.11,84.58,84.58,84.58,84.43,86.6,89.8,94.26,96.72,96.72,96.72,95.31,94.7
2023-03-24,85.1,89.69,86.77,86.88,85.11,84.58,84.58,84.58,84.43,86.6,89.8,94.26,96.72,96.72,96.72,95.31
2023-03-25,85.1,85.1,89.69,86.77,86.88,85.11,84.58,84.58,84.58,84.43,86.6,89.8,94.26,96.72,96.72,96.72
2023-03-26,85.1,85.1,85.1,89.69,86.77,86.88,85.11,84.58,84.58,84.58,84.43,86.6,89.8,94.26,96.72,96.72
2023-03-27,84.77,85.1,85.1,85.1,89.69,86.77,86.88,85.11,84.58,84.58,84.58,84.43,86.6,89.8,94.26,96.72
2023-03-28,86.88,84.77,85.1,85.1,85.1,89.69,86.77,86.88,85.11,84.58,84.58,84.58,84.43,86.6,89.8,94.26
2023-03-29,87.81,86.88,84.77,85.1,85.1,85.1,89.69,86.77,86.88,85.11,84.58,84.58,84.58,84.43,86.6,89.8
2023-03-30,88.5,87.81,86.88,84.77,85.1,85.1,85.1,89.69,86.77,86.88,85.11,84.58,84.58,84.58,84.43,86.6
2023-03-31,89.48,88.5,87.81,86.88,84.77,85.1,85.1,85.1,89.69,86.77,86.88,85.11,84.58,84.58,84.58,84.43
2023-04-01,89.48,89.48,88.5,87.81,86.88,84.77,85.1,85.1,85.1,89.69,86.77,86.88,85.11,84.58,84.58,84.58
2023-04-02,89.48,89.48,89.48,88.5,87.81,86.88,84.77,85.1,85.1,85.1,89.69,86.77,86.88,85.11,84.58,84.58
2023-04-03,93.24,89.48,89.48,89.48,88.5,87.81,86.88,84.77,85.1,85.1,85.1,89.69,86.77,86.88,85.11,84.58
2023-04-04,92.46,93.24,89.48,89.48,89.48,88.5,87.81,86.88,84.77,85.1,85.1,85.1,89.69,86.77,86.88,85.11
2023-04-05,94.13,92.46,93.24,89.48,89.48,89.48,88.5,87.81,86.88,84.77,85.1,85.1,85.1,89.69,86.77,86.88
2023-04-06,94.15,94.13,92.46,93.24,89.48,89.48,89.48,88.5,87.81,86.88,84.77,85.1,85.1,85.1,89.69,86.77
2023-04-07,94.15,94.15,94.13,92.46,93.24,89.48,89.48,89.48,88.5,87.81,86.88,84.77,85.1,85.1,85.1,89.69
2023-04-08,94.15,94.15,94.15,94.13,92.46,93.24,89.48,89.48,89.48,88.5,87.81,86.88,84.77,85.1,85.1,85.1
2023-04-09,94.15,94.15,94.15,94.15,94.13,92.46,93.24,89.48,89.48,89.48,88.5,87.81,86.88,84.77,85.1,85.1
2023-04-10,94.15,94.15,94.15,94.15,94.15,94.13,92.46,93.24,89.48,89.48,89.48,88.5,87.81,86.88,84.77,85.1
2023-04-11,94.86,94.15,94.15,94.15,94.15,94.15,94.13,92.46,93.24,89.48,89.48,89.48,88.5,87.81,86.88,84.77
2023-04-12,93.39,94.86,94.15,94.15,94.15,94.15,94.15,94.13,92.46,93.24,89.48,89.48,89.48,88.5,87.81,86.88
2023-04-13,91.95,93.39,94.86,94.15,94.15,94.15,94.15,94.15,94.13,92.46,93.24,89.48,89.48,89.48,88.5,87.81
2023-04-14,91.38,91.95,93.39,94.86,94.15,94.15,94.15,94.15,94.15,94.13,92.46,93.24,89.48,89.48,89.48,88.5
2023-04-15,91.38,91.38,91.95,93.39,94.86,94.15,94.15,94.15,94.15,94.15,94.13,92.46,93.24,89.48,89.48,89.48
2023-04-16,91.38,91.38,91.38,91.95,93.39,94.86,94.15,94.15,94.15,94.15,94.15,94.13,92.46,93.24,89.48,89.48
2023-04-17,90.62,91.38,91.38,91.38,91.95,93.39,94.86,94.15,94.15,94.15,94.15,94.15,94.13,92.46,93.24,89.48
2023-04-18,92.86,90.62,91.38,91.38,91.38,91.95,93.39,94.86,94.15,94.15,94.15,94.15,94.15,94.13,92.46,93.24
2023-04-19,92.0,92.86,90.62,91.38,91.38,91.38,91.95,93.39,94.86,94.15,94.15,94.15,94.15,94.15,94.13,92.46
2023-04-20,89.54,92.0,92.86,90.62,91.38,91.38,91.38,91.95,93.39,94.86,94.15,94.15,94.15,94.15,94.15,94.13
2023-04-21,87.29,89.54,92.0,92.86,90.62,91.38,91.38,91.38,91.95,93.39,94.86,94.15,94.15,94.15,94.15,94.15
2023-04-22,87.29,87.29,89.54,92.0,92.86,90.62,91.38,91.38,91.38,91.95,93.39,94.86,94.15,94.15,94.15,94.15
2023-04-23,87.29,87.29,87.29,89.54,92.0,92.86,90.62,91.38,91.38,91.38,91.95,93.39,94.86,94.15,94.15,94.15
2023-04-24,85.94,87.29,87.29,87.29,89.54,92.0,92.86,90.62,91.38,91.38,91.38,91.95,93.39,94.86,94.15,94.15
2023-04-25,84.84,85.94,87.29,87.29,87.29,89.54,92.0,92.86,90.62,91.38,91.38,91.38,91.95,93.39,94.86,94.15
2023-04-26,83.54,84.84,85.94,87.29,87.29,87.29,89.54,92.0,92.86,90.62,91.38,91.38,91.38,91.95,93.39,94.86
2023-04-27,84.03,83.54,84.84,85.94,87.29,87.29,87.29,89.54,92.0,92.86,90.62,91.38,91.38,91.38,91.95,93.39
2023-04-28,85.37,84.03,83.54,84.84,85.94,87.29,87.29,87.29,89.54,92.0,92.86,90.62,91.38,91.38,91.38,91.95
2023-04-29,85.37,85.37,84.03,83.54,84.84,85.94,87.29,87.29,87.29,89.54,92.0,92.86,90.62,91.38,91.38,91.38
2023-04-30,85.37,85.37,85.37,84.03,83.54,84.84,85.94,87.29,87.29,87.29,89.54,92.0,92.86,90.62,91.38,91.38
2023-05-01,83.96,85.37,85.37,85.37,84.03,83.54,84.84,85.94,87.29,87.29,87.29,89.54,92.0,92.86,90.62,91.38
2023-05-02,86.31,83.96,85.37,85.37,85.37,84.03,83.54,84.84,85.94,87.29,87.29,87.29,89.54,92.0,92.86,90.62
2023-05-03,83.01,86.31,83.96,85.37,85.37,85.37,84.03,83.54,84.84,85.94,87.29,87.29,87.29,89.54,92.0,92.86
2023-05-04,82.72,83.01,86.31,83.96,85.37,85.37,85.37,84.03,83.54,84.84,85.94,87.29,87.29,87.29,89.54,92.0
2023-05-05,82.98,82.72,83.01,86.31,83.96,85.37,85.37,85.37,84.03,83.54,84.84,85.94,87.29,87.29,87.29,89.54
2023-05-06,82.98,82.98,82.72,83.01,86.31,83.96,85.37,85.37,85.37,84.03,83.54,84.84,85.94,87.29,87.29,87.29
2023-05-07,82.98,82.98,82.98,82.72,83.01,86.31,83.96,85.37,85.37,85.37,84.03,83.54,84.84,85.94,87.29,87.29
2023-05-08,83.41,82.98,82.98,82.98,82.72,83.01,86.31,83.96,85.37,85.37,85.37,84.03,83.54,84.84,85.94,87.29
2023-05-09,84.75,83.41,82.98,82.98,82.98,82.72,83.01,86.31,83.96,85.37,85.37,85.37,84.03,83.54,84.84,85.94
2023-05-10,87.39,84.75,83.41,82.98,82.98,82.98,82.72,83.01,86.31,83.96,85.37,85.37,85.37,84.03,83.54,84.84
2023-05-11,86.3,87.39,84.75,83.41,82.98,82.98,82.98,82.72,83.01,86.31,83.96,85.37,85.37,85.37,84.03,83.54
2023-05-12,86.36,86.3,87.39,84.75,83.41,82.98,82.98,82.98,82.72,83.01,86.31,83.96,85.37,85.37,85.37,84.03
2023-05-13,86.36,86.36,86.3,87.39,84.75,83.41,82.98,82.98,82.98,82.72,83.01,86.31,83.96,85.37,85.37,85.37
2023-05-14,86.36,86.36,86.36,86.3,87.39,84.75,83.41,82.98,82.98,82.98,82.72,83.01,86.31,83.96,85.37,85.37
2023-05-15,84.91,86.36,86.36,86.36,86.3,87.39,84.75,83.41,82.98,82.98,82.98,82.72,83.01,86.31,83.96,85.37
2023-05-16,86.52,84.91,86.36,86.36,86.36,86.3,87.39,84.75,83.41,82.98,82.98,82.98,82.72,83.01,86.31,83.96
2023-05-17,86.12,86.52,84.91,86.36,86.36,86.36,86.3,87.39,84.75,83.41,82.98,82.98,82.98,82.72,83.01,86.31
2023-05-18,87.76,86.12,86.52,84.91,86.36,86.36,86.36,86.3,87.39,84.75,83.41,82.98,82.98,82.98,82.72,83.01
2023-05-19,87.79,87.76,86.12,86.52,84.91,86.36,86.36,86.36,86.3,87.39,84.75,83.41,82.98,82.98,82.98,82.72
2023-05-20,87.79,87.79,87.76,86.12,86.52,84.91,86.36,86.36,86.36,86.3,87.39,84.75,83.41,82.98,82.98,82.98
2023-05-21,87.79,87.79,87.79,87.76,86.12,86.52,84.91,86.36,86.36,86.36,86.3,87.39,84.75,83.41,82.98,82.98
2023-05-22,85.65,87.79,87.79,87.79,87.76,86.12,86.52,84.91,86.36,86.36,86.36,86.3,87.39,84.75,83.41,82.98
2023-05-23,83.68,85.65,87.79,87.79,87.79,87.76,86.12,86.52,84.91,86.36,86.36,86.36,86.3,87.39,84.75,83.41
2023-05-24,83.35,83.68,85.65,87.79,87.79,87.79,87.76,86.12,86.52,84.91,86.36,86.36,86.36,86.3,87.39,84.75
2023-05-25,81.23,83.35,83.68,85.65,87.79,87.79,87.79,87.76,86.12,86.52,84.91,86.36,86.36,86.36,86.3,87.39
2023-05-26,80.56,81.23,83.35,83.68,85.65,87.79,87.79,87.79,87.76,86.12,86.52,84.91,86.36,86.36,86.36,86.3
2023-05-27,80.56,80.56,81.23,83.35,83.68,85.65,87.79,87.79,87.79,87.76,86.12,86.52,84.91,86.36,86.36,86.36
2023-05-28,80.56,80.56,80.56,81.23,83.35,83.68,85.65,87.79,87.79,87.79,87.76,86.12,86.52,84.91,86.36,86.36
2023-05-29,81.13,80.56,80.56,80.56,81.23,83.35,83.68,85.65,87.79,87.79,87.79,87.76,86.12,86.52,84.91,86.36
2023-05-30,78.82,81.13,80.56,80.56,80.56,81.23,83.35,83.68,85.65,87.79,87.79,87.79,87.76,86.12,86.52,84.91
2023-05-31,79.38,78.82,81.13,80.56,80.56,80.56,81.23,83.35,83.68,85.65,87.79,87.79,87.79,87.76,86.12,86.52
2023-06-01,77.11,79.38,78.82,81.13,80.56,80.56,80.56,81.23,83.35,83.68,85.65,87.79,87.79,87.79,87.76,86.12
2023-06-02,77.38,77.11,79.38,78.82,81.13,80.56,80.56,80.56,81.23,83.35,83.68,85.65,87.79,87.79,87.79,87.76
2023-06-03,77.38,77.38,77.11,79.38,78.82,81.13,80.56,80.56,80.56,81.23,83.35,83.68,85.65,87.79,87.79,87.79
2023-06-04,77.38,77.38,77.38,77.11,79.38,78.82,81.13,80.56,80.56,80.56,81.23,83.35,83.68,85.65,87.79,87.79
2023-06-05,80.88,77.38,77.38,77.38,77.11,79.38,78.82,81.13,80.56,80.56,80.56,81.23,83.35,83.68,85.65,87.79
2023-06-06,80.05,80.88,77.38,77.38,77.38,77.11,79.38,78.82,81.13,80.56,80.56,80.56,81.23,83.35,83.68,85.65
2023-06-07,81.92,80.05,80.88,77.38,77.38,77.38,77.11,79.38,78.82,81.13,80.56,80.56,80.56,81.23,83.35,83.68
2023-06-08,82.32,81.92,80.05,80.88,77.38,77.38,77.38,77.11,79.38,78.82,81.13,80.56,80.56,80.56,81.23,83.35
2023-06-09,85.06,82.32,81.92,80.05,80.88,77.38,77.38,77.38,77.11,79.38,78.82,81.13,80.56,80.56,80.56,81.23
2023-06-10,85.06,85.06,82.32,81.92,80.05,80.88,77.38,77.38,77.38,77.11,79.38,78.82,81.13,80.56,80.56,80.56
2023-06-11,85.06,85.06,85.06,82.32,81.92,80.05,80.88,77.38,77.38,77.38,77.11,79.38,78.82,81.13,80.56,80.56
2023-06-12,86.09,85.06,85.06,85.06,82.32,81.92,80.05,80.88,77.38,77.38,77.38,77.11,79.38,78.82,81.13,80.56
2023-06-13,88.12,86.09,85.06,85.06,85.06,82.32,81.92,80.05,80.88,77.38,77.38,77.38,77.11,79.38,78.82,81.13
2023-06-14,91.52,88.12,86.09,85.06,85.06,85.06,82.32,81.92,80.05,80.88,77.38,77.38,77.38,77.11,79.38,78.82
2023-06-15,91.41,91.52,88.12,86.09,85.06,85.06,85.06,82.32,81.92,80.05,80.88,77.38,77.38,77.38,77.11,79.38
2023-06-16,90.51,91.41,91.52,88.12,86.09,85.06,85.06,85.06,82.32,81.92,80.05,80.88,77.38,77.38,77.38,77.11
2023-06-17,90.51,90.51,91.41,91.52,88.12,86.09,85.06,85.06,85.06,82.32,81.92,80.05,80.88,77.38,77.38,77.38
2023-06-18,90.51,90.51,90.51,91.41,91.52,88.12,86.09,85.06,85.06,85.06,82.32,81.92,80.05,80.88,77.38,77.38
2023-06-19,90.25,90.51,90.51,90.51,91.41,91.52,88.12,86.09,85.06,85.06,85.06,82.32,81.92,80.05,80.88,77.38
2023-06-20,92.9,90.25,90.51,90.51,90.51,91.41,91.52,88.12,86.09,85.06,85.06,85.06,82.32,81.92,80.05,80.88
2023-06-21,88.59,92.9,90.25,90.51,90.51,90.51,91.41,91.52,88.12,86.09,85.06,85.06,85.06,82.32,81.92,80.05
2023-06-22,88.29,88.59,92.9,90.25,90.51,90.51,90.51,91.41,91.52,88.12,86.09,85.06,85.06,85.06,82.32,81.92
2023-06-23,85.93,88.29,88.59,92.9,90.25,90.51,90.51,90.51,91.41,91.52,88.12,86.09,85.06,85.06,85.06,82.32
2023-06-24,85.93,85.93,88.29,88.59,92.9,90.25,90.51,90.51,90.51,91.41,91.52,88.12,86.09,85.06,85.06,85.06
2023-06-25,85.93,85.93,85.93,88.29,88.59,92.9,90.25,90.51,90.51,90.51,91.41,91.52,88.12,86.09,85.06,85.06
2023-06-26,84.3,85.93,85.93,85.93,88.29,88.59,92.9,90.25,90.51,90.51,90.51,91.41,91.52,88.12,86.09,85.06
2023-06-27,87.25,84.3,85.93,85.93,85.93,88.29,88.59,92.9,90.25,90.51,90.51,90.51,91.41,91.52,88.12,86.09
2023-06-28,86.12,87.25,84.3,85.93,85.93,85.93,88.29,88.59,92.9,90.25,90.51,90.51,90.51,91.41,91.52,88.12
2023-06-29,86.29,86.12,87.25,84.3,85.93,85.93,85.93,88.29,88.59,92.9,90.25,90.51,90.51,90.51,91.41,91.52
2023-06-30,87.48,86.29,86.12,87.25,84.3,85.93,85.93,85.93,88.29,88.59,92.9,90.25,90.51,90.51,90.51,91.41
2023-07-01,87.48,87.48,86.29,86.12,87.25,84.3,85.93,85.93,85.93,88.29,88.59,92.9,90.25,90.51,90.51,90.51
2023-07-02,87.48,87.48,87.48,86.29,86.12,87.25,84.3,85.93,85.93,85.93,88.29,88.59,92.9,90.25,90.51,90.51
2023-07-03,85.72,87.48,87.48,87.48,86.29,86.12,87.25,84.3,85.93,85.93,85.93,88.29,88.59,92.9,90.25,90.51
2023-07-04,85.65,85.72,87.48,87.48,87.48,86.29,86.12,87.25,84.3,85.93,85.93,85.93,88.29,88.59,92.9,90.25
2023-07-05,84.26,85.65,85.72,87.48,87.48,87.48,86.29,86.12,87.25,84.3,85.93,85.93,85.93,88.29,88.59,92.9
2023-07-06,84.45,84.26,85.65,85.72,87.48,87.48,87.48,86.29,86.12,87.25,84.3,85.93,85.93,85.93,88.29,88.59
2023-07-07,84.65,84.45,84.26,85.65,85.72,87.48,87.48,87.48,86.29,86.12,87.25,84.3,85.93,85.93,85.93,88.29
2023-07-08,84.65,84.65,84.45,84.26,85.65,85.72,87.48,87.48,87.48,86.29,86.12,87.25,84.3,85.93,85.93,85.93
2023-07-09,84.65,84.65,84.65,84.45,84.26,85.65,85.72,87.48,87.48,87.48,86.29,86.12,87.25,84.3,85.93,85.93
2023-07-10,84.8,84.65,84.65,84.65,84.45,84.26,85.65,85.72,87.48,87.48,87.48,86.29,86.12,87.25,84.3,85.93
2023-07-11,85.25,84.8,84.65,84.65,84.65,84.45,84.26,85.65,85.72,87.48,87.48,87.48,86.29,86.12,87.25,84.3
2023-07-12,84.32,85.25,84.8,84.65,84.65,84.65,84.45,84.26,85.65,85.72,87.48,87.48,87.48,86.29,86.12,87.25
2023-07-13,84.35,84.32,85.25,84.8,84.65,84.65,84.65,84.45,84.26,85.65,85.72,87.48,87.48,87.48,86.29,86.12
2023-07-14,84.54,84.35,84.32,85.25,84.8,84.65,84.65,84.65,84.45,84.26,85.65,85.72,87.48,87.48,87.48,86.29
2023-07-15,84.54,84.54,84.35,84.32,85.25,84.8,84.65,84.65,84.65,84.45,84.26,85.65,85.72,87.48,87.48,87.48
2023-07-16,84.54,84.54,84.54,84.35,84.32,85.25,84.8,84.65,84.65,84.65,84.45,84.26,85.65,85.72,87.48,87.48
2023-07-17,84.99,84.54,84.54,84.54,84.35,84.32,85.25,84.8,84.65,84.65,84.65,84.45,84.26,85.65,85.72,87.48
2023-07-18,85.85,84.99,84.54,84.54,84.54,84.35,84.32,85.25,84.8,84.65,84.65,84.65,84.45,84.26,85.65,85.72
2023-07-19,87.67,85.85,84.99,84.54,84.54,84.54,84.35,84.32,85.25,84.8,84.65,84.65,84.65,84.45,84.26,85.65
2023-07-20,88.99,87.67,85.85,84.99,84.54,84.54,84.54,84.35,84.32,85.25,84.8,84.65,84.65,84.65,84.45,84.26
2023-07-21,89.86,88.99,87.67,85.85,84.99,84.54,84.54,84.54,84.35,84.32,85.25,84.8,84.65,84.65,84.65,84.45
2023-07-22,89.86,89.86,88.99,87.67,85.85,84.99,84.54,84.54,84.54,84.35,84.32,85.25,84.8,84.65,84.65,84.65
2023-07-23,89.86,89.86,89.86,88.99,87.67,85.85,84.99,84.54,84.54,84.54,84.35,84.32,85.25,84.8,84.65,84.65
2023-07-24,89.54,89.86,89.86,89.86,88.99,87.67,85.85,84.99,84.54,84.54,84.54,84.35,84.32,85.25,84.8,84.65
2023-07-25,90.32,89.54,89.86,89.86,89.86,88.99,87.67,85.85,84.99,84.54,84.54,84.54,84.35,84.32,85.25,84.8
2023-07-26,89.26,90.32,89.54,89.86,89.86,89.86,88.99,87.67,85.85,84.99,84.54,84.54,84.54,84.35,84.32,85.25
2023-07-27,89.5,89.26,90.32,89.54,89.86,89.86,89.86,88.99,87.67,85.85,84.99,84.54,84.54,84.54,84.35,84.32
2023-07-28,87.15,89.5,89.26,90.32,89.54,89.86,89.86,89.86,88.99,87.67,85.85,84.99,84.54,84.54,84.54,84.35
2023-07-29,87.15,87.15,89.5,89.26,90.32,89.54,89.86,89.86,89.86,88.99,87.67,85.85,84.99,84.54,84.54,84.54
2023-07-30,87.15,87.15,87.15,89.5,89.26,90.32,89.54,89.86,89.86,89.86,88.99,87.67,85.85,84.99,84.54,84.54
2023-07-31,85.16,87.15,87.15,87.15,89.5,89.26,90.32,89.54,89.86,89.86,89.86,88.99,87.67,85.85,84.99,84.54
2023-08-01,83.85,85.16,87.15,87.15,87.15,89.5,89.26,90.32,89.54,89.86,89.86,89.86,88.99,87.67,85.85,84.99
2023-08-02,82.25,83.85,85.16,87.15,87.15,87.15,89.5,89.26,90.32,89.54,89.86,89.86,89.86,88.99,87.67,85.85
2023-08-03,83.59,82.25,83.85,85.16,87.15,87.15,87.15,89.5,89.26,90.32,89.54,89.86,89.86,89.86,88.99,87.67
2023-08-04,82.45,83.59,82.25,83.85,85.16,87.15,87.15,87.15,89.5,89.26,90.32,89.54,89.86,89.86,89.86,88.99
2023-08-05,82.45,82.45,83.59,82.25,83.85,85.16,87.15,87.15,87.15,89.5,89.26,90.32,89.54,89.86,89.86,89.86
2023-08-06,82.45,82.45,82.45,83.59,82.25,83.85,85.16,87.15,87.15,87.15,89.5,89.26,90.32,89.54,89.86,89.86
2023-08-07,81.48,82.45,82.45,82.45,83.59,82.25,83.85,85.16,87.15,87.15,87.15,89.5,89.26,90.32,89.54,89.86
2023-08-08,83.16,81.48,82.45,82.45,82.45,83.59,82.25,83.85,85.16,87.15,87.15,87.15,89.5,89.26,90.32,89.54
2023-08-09,82.74,83.16,81.48,82.45,82.45,82.45,83.59,82.25,83.85,85.16,87.15,87.15,87.15,89.5,89.26,90.32
2023-08-10,83.66,82.74,83.16,81.48,82.45,82.45,82.45,83.59,82.25,83.85,85.16,87.15,87.15,87.15,89.5,89.26
2023-08-11,85.5,83.66,82.74,83.16,81.48,82.45,82.45,82.45,83.59,82.25,83.85,85.16,87.15,87.15,87.15,89.5
2023-08-12,85.5,85.5,83.66,82.74,83.16,81.48,82.45,82.45,82.45,83.59,82.25,83.85,85.16,87.15,87.15,87.15
2023-08-13,85.5,85.5,85.5,83.66,82.74,83.16,81.48,82.45,82.45,82.45,83.59,82.25,83.85,85.16,87.15,87.15
2023-08-14,86.47,85.5,85.5,85.5,83.66,82.74,83.16,81.48,82.45,82.45,82.45,83.59,82.25,83.85,85.16,87.15
2023-08-15,85.84,86.47,85.5,85.5,85.5,83.66,82.74,83.16,81.48,82.45,82.45,82.45,83.59,82.25,83.85,85.16
2023-08-16,87.17,85.84,86.47,85.5,85.5,85.5,83.66,82.74,83.16,81.48,82.45,82.45,82.45,83.59,82.25,83.85
2023-08-17,87.53,87.17,85.84,86.47,85.5,85.5,85.5,83.66,82.74,83.16,81.48,82.45,82.45,82.45,83.59,82.25
2023-08-18,86.73,87.53,87.17,85.84,86.47,85.5,85.5,85.5,83.66,82.74,83.16,81.48,82.45,82.45,82.45,83.59
2023-08-19,86.73,86.73,87.53,87.17,85.84,86.47,85.5,85.5,85.5,83.66,82.74,83.16,81.48,82.45,82.45,82.45
2023-08-20,86.73,86.73,86.73,87.53,87.17,85.84,86.47,85.5,85.5,85.5,83.66,82.74,83.16,81.48,82.45,82.45
2023-08-21,86.59,86.73,86.73,86.73,87.53,87.17,85.84,86.47,85.5,85.5,85.5,83.66,82.74,83.16,81.48,82.45
2023-08-22,88.92,86.59,86.73,86.73,86.73,87.53,87.17,85.84,86.47,85.5,85.5,85.5,83.66,82.74,83.16,81.48
2023-08-23,87.31,88.92,86.59,86.73,86.73,86.73,87.53,87.17,85.84,86.47,85.5,85.5,85.5,83.66,82.74,83.16
2023-08-24,84.94,87.31,88.92,86.59,86.73,86.73,86.73,87.53,87.17,85.84,86.47,85.5,85.5,85.5,83.66,82.74
2023-08-25,84.5,84.94,87.31,88.92,86.59,86.73,86.73,86.73,87.53,87.17,85.84,86.47,85.5,85.5,85.5,83.66
2023-08-26,84.5,84.5,84.94,87.31,88.92,86.59,86.73,86.73,86.73,87.53,87.17,85.84,86.47,85.5,85.5,85.5
2023-08-27,84.5,84.5,84.5,84.94,87.31,88.92,86.59,86.73,86.73,86.73,87.53,87.17,85.84,86.47,85.5,85.5
2023-08-28,84.79,84.5,84.5,84.5,84.94,87.31,88.92,86.59,86.73,86.73,86.73,87.53,87.17,85.84,86.47,85.5
2023-08-29,83.88,84.79,84.5,84.5,84.5,84.94,87.31,88.92,86.59,86.73,86.73,86.73,87.53,87.17,85.84,86.47
2023-08-30,85.35,83.88,84.79,84.5,84.5,84.5,84.94,87.31,88.92,86.59,86.73,86.73,86.73,87.53,87.17,85.84
2023-08-31,84.86,85.35,83.88,84.79,84.5,84.5,84.5,84.94,87.31,88.92,86.59,86.73,86.73,86.73,87.53,87.17
2023-09-01,84.37,84.86,85.35,83.88,84.79,84.5,84.5,84.5,84.94,87.31,88.92,86.59,86.73,86.73,86.73,87.53
2023-09-02,84.37,84.37,84.86,85.35,83.88,84.79,84.5,84.5,84.5,84.94,87.31,88.92,86.59,86.73,86.73,86.73
2023-09-03,84.37,84.37,84.37,84.86,85.35,83.88,84.79,84.5,84.5,84.5,84.94,87.31,88.92,86.59,86.73,86.73
2023-09-04,83.26,84.37,84.37,84.37,84.86,85.35,83.88,84.79,84.5,84.5,84.5,84.94,87.31,88.92,86.59,86.73
2023-09-05,82.95,83.26,84.37,84.37,84.37,84.86,85.35,83.88,84.79,84.5,84.5,84.5,84.94,87.31,88.92,86.59
2023-09-06,82.79,82.95,83.26,84.37,84.37,84.37,84.86,85.35,83.88,84.79,84.5,84.5,84.5,84.94,87.31,88.92
2023-09-07,82.05,82.79,82.95,83.26,84.37,84.37,84.37,84.86,85.35,83.88,84.79,84.5,84.5,84.5,84.94,87.31
2023-09-08,80.65,82.05,82.79,82.95,83.26,84.37,84.37,84.37,84.86,85.35,83.88,84.79,84.5,84.5,84.5,84.94
2023-09-09,80.65,80.65,82.05,82.79,82.95,83.26,84.37,84.37,84.37,84.86,85.35,83.88,84.79,84.5,84.5,84.5
2023-09-10,80.65,80.65,80.65,82.05,82.79,82.95,83.26,84.37,84.37,84.37,84.86,85.35,83.88,84.79,84.5,84.5
2023-09-11,80.8,80.65,80.65,80.65,82.05,82.79,82.95,83.26,84.37,84.37,84.37,84.86,85.35,83.88,84.79,84.5
2023-09-12,80.23,80.8,80.65,80.65,80.65,82.05,82.79,82.95,83.26,84.37,84.37,84.37,84.86,85.35,83.88,84.79
2023-09-13,82.15,80.23,80.8,80.65,80.65,80.65,82.05,82.79,82.95,83.26,84.37,84.37,84.37,84.86,85.35,83.88
2023-09-14,82.23,82.15,80.23,80.8,80.65,80.65,80.65,82.05,82.79,82.95,83.26,84.37,84.37,84.37,84.86,85.35
2023-09-15,81.44,82.23,82.15,80.23,80.8,80.65,80.65,80.65,82.05,82.79,82.95,83.26,84.37,84.37,84.37,84.86
2023-09-16,81.44,81.44,82.23,82.15,80.23,80.8,80.65,80.65,80.65,82.05,82.79,82.95,83.26,84.37,84.37,84.37
2023-09-17,81.44,81.44,81.44,82.23,82.15,80.23,80.8,80.65,80.65,80.65,82.05,82.79,82.95,83.26,84.37,84.37
2023-09-18,79.99,81.44,81.44,81.44,82.23,82.15,80.23,80.8,80.65,80.65,80.65,82.05,82.79,82.95,83.26,84.37
2023-09-19,80.36,79.99,81.44,81.44,81.44,82.23,82.15,80.23,80.8,80.65,80.65,80.65,82.05,82.79,82.95,83.26
2023-09-20,81.92,80.36,79.99,81.44,81.44,81.44,82.23,82.15,80.23,80.8,80.65,80.65,80.65,82.05,82.79,82.95
2023-09-21,83.23,81.92,80.36,79.99,81.44,81.44,81.44,82.23,82.15,80.23,80.8,80.65,80.65,80.65,82.05,82.79
2023-09-22,84.56,83.23,81.92,80.36,79.99,81.44,81.44,81.44,82.23,82.15,80.23,80.8,80.65,80.65,80.65,82.05
2023-09-23,84.56,84.56,83.23,81.92,80.36,79.99,81.44,81.44,81.44,82.23,82.15,80.23,80.8,80.65,80.65,80.65
2023-09-24,84.56,84.56,84.56,83.23,81.92,80.36,79.99,81.44,81.44,81.44,82.23,82.15,80.23,80.8,80.65,80.65
2023-09-25,84.37,84.56,84.56,84.56,83.23,81.92,80.36,79.99,81.44,81.44,81.44,82.23,82.15,80.23,80.8,80.65
2023-09-26,82.39,84.37,84.56,84.56,84.56,83.23,81.92,80.36,79.99,81.44,81.44,81.44,82.23,82.15,80.23,80.8
2023-09-27,81.79,82.39,84.37,84.56,84.56,84.56,83.23,81.92,80.36,79.99,81.44,81.44,81.44,82.23,82.15,80.23
2023-09-28,82.21,81.79,82.39,84.37,84.56,84.56,84.56,83.23,81.92,80.36,79.99,81.44,81.44,81.44,82.23,82.15
2023-09-29,81.17,82.21,81.79,82.39,84.37,84.56,84.56,84.56,83.23,81.92,80.36,79.99,81.44,81.44,81.44,82.23
2023-09-30,81.17,81.17,82.21,81.79,82.39,84.37,84.56,84.56,84.56,83.23,81.92,80.36,79.99,81.44,81.44,81.44
2023-10-01,81.17,81.17,81.17,82.21,81.79,82.39,84.37,84.56,84.56,84.56,83.23,81.92,80.36,79.99,81.44,81.44
2023-10-02,80.3,81.17,81.17,81.17,82.21,81.79,82.39,84.37,84.56,84.56,84.56,83.23,81.92,80.36,79.99,81.44
2023-10-03,79.2,80.3,81.17,81.17,81.17,82.21,81.79,82.39,84.37,84.56,84.56,84.56,83.23,81.92,80.36,79.99
2023-10-04,81.2,79.2,80.3,81.17,81.17,81.17,82.21,81.79,82.39,84.37,84.56,84.56,84.56,83.23,81.92,80.36
2023-10-05,80.04,81.2,79.2,80.3,81.17,81.17,81.17,82.21,81.79,82.39,84.37,84.56,84.56,84.56,83.23,81.92
2023-10-06,79.99,80.04,81.2,79.2,80.3,81.17,81.17,81.17,82.21,81.79,82.39,84.37,84.56,84.56,84.56,83.23
2023-10-07,79.99,79.99,80.04,81.2,79.2,80.3,81.17,81.17,81.17,82.21,81.79,82.39,84.37,84.56,84.56,84.56
2023-10-08,79.99,79.99,79.99,80.04,81.2,79.2,80.3,81.17,81.17,81.17,82.21,81.79,82.39,84.37,84.56,84.56
2023-10-09,81.28,79.99,79.99,79.99,80.04,81.2,79.2,80.3,81.17,81.17,81.17,82.21,81.79,82.39,84.37,84.56
2023-10-10,84.34,81.28,79.99,79.99,79.99,80.04,81.2,79.2,80.3,81.17,81.17,81.17,82.21,81.79,82.39,84.37
2023-10-11,83.64,84.34,81.28,79.99,79.99,79.99,80.04,81.2,79.2,80.3,81.17,81.17,81.17,82.21,81.79,82.39
2023-10-12,84.73,83.64,84.34,81.28,79.99,79.99,79.99,80.04,81.2,79.2,80.3,81.17,81.17,81.17,82.21,81.79
2023-10-13,85.45,84.73,83.64,84.34,81.28,79.99,79.99,79.99,80.04,81.2,79.2,80.3,81.17,81.17,81.17,82.21
2023-10-14,85.45,85.45,84.73,83.64,84.34,81.28,79.99,79.99,79.99,80.04,81.2,79.2,80.3,81.17,81.17,81.17
2023-10-15,85.45,85.45,85.45,84.73,83.64,84.34,81.28,79.99,79.99,79.99,80.04,81.2,79.2,80.3,81.17,81.17
2023-10-16,82.85,85.45,85.45,85.45,84.73,83.64,84.34,81.28,79.99,79.99,79.99,80.04,81.2,79.2,80.3,81.17
2023-10-17,82.05,82.85,85.45,85.45,85.45,84.73,83.64,84.34,81.28,79.99,79.99,79.99,80.04,81.2,79.2,80.3
2023-10-18,81.37,82.05,82.85,85.45,85.45,85.45,84.73,83.64,84.34,81.28,79.99,79.99,79.99,80.04,81.2,79.2
2023-10-19,81.3,81.37,82.05,82.85,85.45,85.45,85.45,84.73,83.64,84.34,81.28,79.99,79.99,79.99,80.04,81.2
2023-10-20,80.94,81.3,81.37,82.05,82.85,85.45,85.45,85.45,84.73,83.64,84.34,81.28,79.99,79.99,79.99,80.04
2023-10-21,80.94,80.94,81.3,81.37,82.05,82.85,85.45,85.45,85.45,84.73,83.64,84.34,81.28,79.99,79.99,79.99
2023-10-22,80.94,80.94,80.94,81.3,81.37,82.05,82.85,85.45,85.45,85.45,84.73,83.64,84.34,81.28,79.99,79.99
2023-10-23,80.04,80.94,80.94,80.94,81.3,81.37,82.05,82.85,85.45,85.45,85.45,84.73,83.64,84.34,81.28,79.99
2023-10-24,80.12,80.04,80.94,80.94,80.94,81.3,81.37,82.05,82.85,85.45,85.45,85.45,84.73,83.64,84.34,81.28
2023-10-25,79.45,80.12,80.04,80.94,80.94,80.94,81.3,81.37,82.05,82.85,85.45,85.45,85.45,84.73,83.64,84.34
2023-10-26,79.18,79.45,80.12,80.04,80.94,80.94,80.94,81.3,81.37,82.05,82.85,85.45,85.45,85.45,84.73,83.64
2023-10-27,78.88,79.18,79.45,80.12,80.04,80.94,80.94,80.94,81.3,81.37,82.05,82.85,85.45,85.45,85.45,84.73
2023-10-28,78.88,78.88,79.18,79.45,80.12,80.04,80.94,80.94,80.94,81.3,81.37,82.05,82.85,85.45,85.45,85.45
2023-10-29,78.88,78.88,78.88,79.18,79.45,80.12,80.04,80.94,80.94,80.94,81.3,81.37,82.05,82.85,85.45,85.45
2023-10-30,78.25,78.88,78.88,78.88,79.18,79.45,80.12,80.04,80.94,80.94,80.94,81.3,81.37,82.05,82.85,85.45
2023-10-31,78.88,78.25,78.88,78.88,78.88,79.18,79.45,80.12,80.04,80.94,80.94,80.94,81.3,81.37,82.05,82.85
2023-11-01,78.36,78.88,78.25,78.88,78.88,78.88,79.18,79.45,80.12,80.04,80.94,80.94,80.94,81.3,81.37,82.05
2023-11-02,78.45,78.36,78.88,78.25,78.88,78.88,78.88,79.18,79.45,80.12,80.04,80.94,80.94,80.94,81.3,81.37
2023-11-03,77.47,78.45,78.36,78.88,78.25,78.88,78.88,78.88,79.18,79.45,80.12,80.04,80.94,80.94,80.94,81.3
2023-11-04,77.47,77.47,78.45,78.36,78.88,78.25,78.88,78.88,78.88,79.18,79.45,80.12,80.04,80.94,80.94,80.94
2023-11-05,77.47,77.47,77.47,78.45,78.36,78.88,78.25,78.88,78.88,78.88,79.18,79.45,80.12,80.04,80.94,80.94
2023-11-06,75.65,77.47,77.47,77.47,78.45,78.36,78.88,78.25,78.88,78.88,78.88,79.18,79.45,80.12,80.04,80.94
2023-11-07,75.05,75.65,77.47,77.47,77.47,78.45,78.36,78.88,78.25,78.88,78.88,78.88,79.18,79.45,80.12,80.04
2023-11-08,75.51,75.05,75.65,77.47,77.47,77.47,78.45,78.36,78.88,78.25,78.88,78.88,78.88,79.18,79.45,80.12
2023-11-09,77.18,75.51,75.05,75.65,77.47,77.47,77.47,78.45,78.36,78.88,78.25,78.88,78.88,78.88,79.18,79.45
2023-11-10,78.49,77.18,75.51,75.05,75.65,77.47,77.47,77.47,78.45,78.36,78.88,78.25,78.88,78.88,78.88,79.18
2023-11-11,78.49,78.49,77.18,75.51,75.05,75.65,77.47,77.47,77.47,78.45,78.36,78.88,78.25,78.88,78.88,78.88
2023-11-12,78.49,78.49,78.49,77.18,75.51,75.05,75.65,77.47,77.47,77.47,78.45,78.36,78.88,78.25,78.88,78.88
2023-11-13,77.28,78.49,78.49,78.49,77.18,75.51,75.05,75.65,77.47,77.47,77.47,78.45,78.36,78.88,78.25,78.88
2023-11-14,78.42,77.28,78.49,78.49,78.49,77.18,75.51,75.05,75.65,77.47,77.47,77.47,78.45,78.36,78.88,78.25
2023-11-15,79.52,78.42,77.28,78.49,78.49,78.49,77.18,75.51,75.05,75.65,77.47,77.47,77.47,78.45,78.36,78.88
2023-11-16,76.81,79.52,78.42,77.28,78.49,78.49,78.49,77.18,75.51,75.05,75.65,77.47,77.47,77.47,78.45,78.36
2023-11-17,76.36,76.81,79.52,78.42,77.28,78.49,78.49,78.49,77.18,75.51,75.05,75.65,77.47,77.47,77.47,78.45
2023-11-18,76.36,76.36,76.81,79.52,78.42,77.28,78.49,78.49,78.49,77.18,75.51,75.05,75.65,77.47,77.47,77.47
2023-11-19,76.36,76.36,76.36,76.81,79.52,78.42,77.28,78.49,78.49,78.49,77.18,75.51,75.05,75.65,77.47,77.47
2023-11-20,76.41,76.36,76.36,76.36,76.81,79.52,78.42,77.28,78.49,78.49,78.49,77.18,75.51,75.05,75.65,77.47
2023-11-21,75.18,76.41,76.36,76.36,76.36,76.81,79.52,78.42,77.28,78.49,78.49,78.49,77.18,75.51,75.05,75.65
2023-11-22,74.99,75.18,76.41,76.36,76.36,76.36,76.81,79.52,78.42,77.28,78.49,78.49,78.49,77.18,75.51,75.05
2023-11-23,76.4,74.99,75.18,76.41,76.36,76.36,76.36,76.81,79.52,78.42,77.28,78.49,78.49,78.49,77.18,75.51
2023-11-24,76.4,76.4,74.99,75.18,76.41,76.36,76.36,76.36,76.81,79.52,78.42,77.28,78.49,78.49,78.49,77.18
2023-11-25,76.4,76.4,76.4,74.99,75.18,76.41,76.36,76.36,76.36,76.81,79.52,78.42,77.28,78.49,78.49,78.49
2023-11-26,76.4,76.4,76.4,76.4,74.99,75.18,76.41,76.36,76.36,76.36,76.81,79.52,78.42,77.28,78.49,78.49
2023-11-27,73.45,76.4,76.4,76.4,76.4,74.99,75.18,76.41,76.36,76.36,76.36,76.81,79.52,78.42,77.28,78.49
2023-11-28,72.96,73.45,76.4,76.4,76.4,76.4,74.99,75.18,76.41,76.36,76.36,76.36,76.81,79.52,78.42,77.28
2023-11-29,71.02,72.96,73.45,76.4,76.4,76.4,76.4,74.99,75.18,76.41,76.36,76.36,76.36,76.81,79.52,78.42
2023-11-30,70.81,71.02,72.96,73.45,76.4,76.4,76.4,76.4,74.99,75.18,76.41,76.36,76.36,76.36,76.81,79.52
2023-12-01,72.49,70.81,71.02,72.96,73.45,76.4,76.4,76.4,76.4,74.99,75.18,76.41,76.36,76.36,76.36,76.81
2023-12-02,72.49,72.49,70.81,71.02,72.96,73.45,76.4,76.4,76.4,76.4,74.99,75.18,76.41,76.36,76.36,76.36
2023-12-03,72.49,72.49,72.49,70.81,71.02,72.96,73.45,76.4,76.4,76.4,76.4,74.99,75.18,76.41,76.36,76.36
2023-12-04,70.37,72.49,72.49,72.49,70.81,71.02,72.96,73.45,76.4,76.4,76.4,76.4,74.99,75.18,76.41,76.36
2023-12-05,68.64,70.37,72.49,72.49,72.49,70.81,71.02,72.96,73.45,76.4,76.4,76.4,76.4,74.99,75.18,76.41
2023-12-06,68.82,68.64,70.37,72.49,72.49,72.49,70.81,71.02,72.96,73.45,76.4,76.4,76.4,76.4,74.99,75.18
2023-12-07,69.65,68.82,68.64,70.37,72.49,72.49,72.49,70.81,71.02,72.96,73.45,76.4,76.4,76.4,76.4,74.99
2023-12-08,68.63,69.65,68.82,68.64,70.37,72.49,72.49,72.49,70.81,71.02,72.96,73.45,76.4,76.4,76.4,76.4
2023-12-09,68.63,68.63,69.65,68.82,68.64,70.37,72.49,72.49,72.49,70.81,71.02,72.96,73.45,76.4,76.4,76.4
2023-12-10,68.63,68.63,68.63,69.65,68.82,68.64,70.37,72.49,72.49,72.49,70.81,71.02,72.96,73.45,76.4,76.4
2023-12-11,67.28,68.63,68.63,68.63,69.65,68.82,68.64,70.37,72.49,72.49,72.49,70.81,71.02,72.96,73.45,76.4
2023-12-12,68.21,67.28,68.63,68.63,68.63,69.65,68.82,68.64,70.37,72.49,72.49,72.49,70.81,71.02,72.96,73.45
2023-12-13,68.9,68.21,67.28,68.63,68.63,68.63,69.65,68.82,68.64,70.37,72.49,72.49,72.49,70.81,71.02,72.96
2023-12-14,66.79,68.9,68.21,67.28,68.63,68.63,68.63,69.65,68.82,68.64,70.37,72.49,72.49,72.49,70.81,71.02
2023-12-15,66.35,66.79,68.9,68.21,67.28,68.63,68.63,68.63,69.65,68.82,68.64,70.37,72.49,72.49,72.49,70.81
2023-12-16,66.35,66.35,66.79,68.9,68.21,67.28,68.63,68.63,68.63,69.65,68.82,68.64,70.37,72.49,72.49,72.49
2023-12-17,66.35,66.35,66.35,66.79,68.9,68.21,67.28,68.63,68.63,68.63,69.65,68.82,68.64,70.37,72.49,72.49
2023-12-18,69.08,66.35,66.35,66.35,66.79,68.9,68.21,67.28,68.63,68.63,68.63,69.65,68.82,68.64,70.37,72.49
2023-12-19,69.23,69.08,66.35,66.35,66.35,66.79,68.9,68.21,67.28,68.63,68.63,68.63,69.65,68.82,68.64,70.37
2023-12-20,72.92,69.23,69.08,66.35,66.35,66.35,66.79,68.9,68.21,67.28,68.63,68.63,68.63,69.65,68.82,68.64
2023-12-21,75.18,72.92,69.23,69.08,66.35,66.35,66.35,66.79,68.9,68.21,67.28,68.63,68.63,68.63,69.65,68.82
2023-12-22,76.16,75.18,72.92,69.23,69.08,66.35,66.35,66.35,66.79,68.9,68.21,67.28,68.63,68.63,68.63,69.65
2023-12-23,76.16,76.16,75.18,72.92,69.23,69.08,66.35,66.35,66.35,66.79,68.9,68.21,67.28,68.63,68.63,68.63
2023-12-24,76.16,76.16,76.16,75.18,72.92,69.23,69.08,66.35,66.35,66.35,66.79,68.9,68.21,67.28,68.63,68.63
2023-12-25,76.16,76.16,76.16,76.16,75.18,72.92,69.23,69.08,66.35,66.35,66.35,66.79,68.9,68.21,67.28,68.63
2023-12-26,76.16,76.16,76.16,76.16,76.16,75.18,72.92,69.23,69.08,66.35,66.35,66.35,66.79,68.9,68.21,67.28
2023-12-27,77.23,76.16,76.16,76.16,76.16,76.16,75.18,72.92,69.23,69.08,66.35,66.35,66.35,66.79,68.9,68.21
2023-12-28,77.43,77.23,76.16,76.16,76.16,76.16,76.16,75.18,72.92,69.23,69.08,66.35,66.35,66.35,66.79,68.9
2023-12-29,77.55,77.43,77.23,76.16,76.16,76.16,76.16,76.16,75.18,72.92,69.23,69.08,66.35,66.35,66.35,66.79
2023-12-30,77.55,77.55,77.43,77.23,76.16,76.16,76.16,76.16,76.16,75.18,72.92,69.23,69.08,66.35,66.35,66.35
2023-12-31,77.55,77.55,77.55,77.43,77.23,76.16,76.16,76.16,76.16,76.16,75.18,72.92,69.23,69.08,66.35,66.35
2024-01-01,77.55,77.55,77.55,77.55,77.43,77.23,76.16,76.16,76.16,76.16,76.16,75.18,72.92,69.23,69.08,66.35
2024-01-02,73.4,77.55,77.55,77.55,77.55,77.43,77.23,76.16,76.16,76.16,76.16,76.16,75.18,72.92,69.23,69.08
2024-01-03,74.8,73.4,77.55,77.55,77.55,77.55,77.43,77.23,76.16,76.16,76.16,76.16,76.16,75.18,72.92,69.23
2024-01-04,73.24,74.8,73.4,77.55,77.55,77.55,77.55,77.43,77.23,76.16,76.16,76.16,76.16,76.16,75.18,72.92
2024-01-05,73.77,73.24,74.8,73.4,77.55,77.55,77.55,77.55,77.43,77.23,76.16,76.16,76.16,76.16,76.16,75.18
2024-01-06,73.77,73.77,73.24,74.8,73.4,77.55,77.55,77.55,77.55,77.43,77.23,76.16,76.16,76.16,76.16,76.16
2024-01-07,73.77,73.77,73.77,73.24,74.8,73.4,77.55,77.55,77.55,77.55,77.43,77.23,76.16,76.16,76.16,76.16
2024-01-08,69.92,73.77,73.77,73.77,73.24,74.8,73.4,77.55,77.55,77.55,77.55,77.43,77.23,76.16,76.16,76.16
2024-01-09,69.47,69.92,73.77,73.77,73.77,73.24,74.8,73.4,77.55,77.55,77.55,77.55,77.43,77.23,76.16,76.16
2024-01-10,67.55,69.47,69.92,73.77,73.77,73.77,73.24,74.8,73.4,77.55,77.55,77.55,77.55,77.43,77.23,76.16
2024-01-11,65.58,67.55,69.47,69.92,73.77,73.77,73.77,73.24,74.8,73.4,77.55,77.55,77.55,77.55,77.43,77.23
2024-01-12,63.55,65.58,67.55,69.47,69.92,73.77,73.77,73.77,73.24,74.8,73.4,77.55,77.55,77.55,77.55,77.43
2024-01-13,63.55,63.55,65.58,67.55,69.47,69.92,73.77,73.77,73.77,73.24,74.8,73.4,77.55,77.55,77.55,77.55
2024-01-14,63.55,63.55,63.55,65.58,67.55,69.47,69.92,73.77,73.77,73.77,73.24,74.8,73.4,77.55,77.55,77.55
2024-01-15,64.97,63.55,63.55,63.55,65.58,67.55,69.47,69.92,73.77,73.77,73.77,73.24,74.8,73.4,77.55,77.55
2024-01-16,63.32,64.97,63.55,63.55,63.55,65.58,67.55,69.47,69.92,73.77,73.77,73.77,73.24,74.8,73.4,77.55
2024-01-17,60.91,63.32,64.97,63.55,63.55,63.55,65.58,67.55,69.47,69.92,73.77,73.77,73.77,73.24,74.8,73.4
2024-01-18,60.76,60.91,63.32,64.97,63.55,63.55,63.55,65.58,67.55,69.47,69.92,73.77,73.77,73.77,73.24,74.8
2024-01-19,61.38,60.76,60.91,63.32,64.97,63.55,63.55,63.55,65.58,67.55,69.47,69.92,73.77,73.77,73.77,73.24
2024-01-20,61.38,61.38,60.76,60.91,63.32,64.97,63.55,63.55,63.55,65.58,67.55,69.47,69.92,73.77,73.77,73.77
2024-01-21,61.38,61.38,61.38,60.76,60.91,63.32,64.97,63.55,63.55,63.55,65.58,67.55,69.47,69.92,73.77,73.77
2024-01-22,59.83,61.38,61.38,61.38,60.76,60.91,63.32,64.97,63.55,63.55,63.55,65.58,67.55,69.47,69.92,73.77
2024-01-23,60.83,59.83,61.38,61.38,61.38,60.76,60.91,63.32,64.97,63.55,63.55,63.55,65.58,67.55,69.47,69.92
2024-01-24,63.52,60.83,59.83,61.38,61.38,61.38,60.76,60.91,63.32,64.97,63.55,63.55,63.55,65.58,67.55,69.47
2024-01-25,60.99,63.52,60.83,59.83,61.38,61.38,61.38,60.76,60.91,63.32,64.97,63.55,63.55,63.55,65.58,67.55
2024-01-26,61.38,60.99,63.52,60.83,59.83,61.38,61.38,61.38,60.76,60.91,63.32,64.97,63.55,63.55,63.55,65.58
2024-01-27,61.38,61.38,60.99,63.52,60.83,59.83,61.38,61.38,61.38,60.76,60.91,63.32,64.97,63.55,63.55,63.55
2024-01-28,61.38,61.38,61.38,60.99,63.52,60.83,59.83,61.38,61.38,61.38,60.76,60.91,63.32,64.97,63.55,63.55
2024-01-29,59.6,61.38,61.38,61.38,60.99,63.52,60.83,59.83,61.38,61.38,61.38,60.76,60.91,63.32,64.97,63.55
2024-01-30,61.54,59.6,61.38,61.38,61.38,60.99,63.52,60.83,59.83,61.38,61.38,61.38,60.76,60.91,63.32,64.97
2024-01-31,62.16,61.54,59.6,61.38,61.38,61.38,60.99,63.52,60.83,59.83,61.38,61.38,61.38,60.76,60.91,63.32
2024-02-01,60.28,62.16,61.54,59.6,61.38,61.38,61.38,60.99,63.52,60.83,59.83,61.38,61.38,61.38,60.76,60.91
2024-02-02,61.42,60.28,62.16,61.54,59.6,61.38,61.38,61.38,60.99,63.52,60.83,59.83,61.38,61.38,61.38,60.76
2024-02-03,61.42,61.42,60.28,62.16,61.54,59.6,61.38,61.38,61.38,60.99,63.52,60.83,59.83,61.38,61.38,61.38
2024-02-04,61.42,61.42,61.42,60.28,62.16,61.54,59.6,61.38,61.38,61.38,60.99,63.52,60.83,59.83,61.38,61.38
2024-02-05,60.7,61.42,61.42,61.42,60.28,62.16,61.54,59.6,61.38,61.38,61.38,60.99,63.52,60.83,59.83,61.38
2024-02-06,61.56,60.7,61.42,61.42,61.42,60.28,62.16,61.54,59.6,61.38,61.38,61.38,60.99,63.52,60.83,59.83
2024-02-07,60.42,61.56,60.7,61.42,61.42,61.42,60.28,62.16,61.54,59.6,61.38,61.38,61.38,60.99,63.52,60.83
2024-02-08,58.83,60.42,61.56,60.7,61.42,61.42,61.42,60.28,62.16,61.54,59.6,61.38,61.38,61.38,60.99,63.52
2024-02-09,56.91,58.83,60.42,61.56,60.7,61.42,61.42,61.42,60.28,62.16,61.54,59.6,61.38,61.38,61.38,60.99
2024-02-10,56.91,56.91,58.83,60.42,61.56,60.7,61.42,61.42,61.42,60.28,62.16,61.54,59.6,61.38,61.38,61.38
2024-02-11,56.91,56.91,56.91,58.83,60.42,61.56,60.7,61.42,61.42,61.42,60.28,62.16,61.54,59.6,61.38,61.38
2024-02-12,55.05,56.91,56.91,56.91,58.83,60.42,61.56,60.7,61.42,61.42,61.42,60.28,62.16,61.54,59.6,61.38
2024-02-13,54.63,55.05,56.91,56.91,56.91,58.83,60.42,61.56,60.7,61.42,61.42,61.42,60.28,62.16,61.54,59.6
2024-02-14,54.83,54.63,55.05,56.91,56.91,56.91,58.83,60.42,61.56,60.7,61.42,61.42,61.42,60.28,62.16,61.54
2024-02-15,56.07,54.83,54.63,55.05,56.91,56.91,56.91,58.83,60.42,61.56,60.7,61.42,61.42,61.42,60.28,62.16
2024-02-16,55.34,56.07,54.83,54.63,55.05,56.91,56.91,56.91,58.83,60.42,61.56,60.7,61.42,61.42,61.42,60.28
2024-02-17,55.34,55.34,56.07,54.83,54.63,55.05,56.91,56.91,56.91,58.83,60.42,61.56,60.7,61.42,61.42,61.42
2024-02-18,55.34,55.34,55.34,56.07,54.83,54.63,55.05,56.91,56.91,56.91,58.83,60.42,61.56,60.7,61.42,61.42
2024-02-19,51.8,55.34,55.34,55.34,56.07,54.83,54.63,55.05,56.91,56.91,56.91,58.83,60.42,61.56,60.7,61.42
2024-02-20,52.56,51.8,55.34,55.34,55.34,56.07,54.83,54.63,55.05,56.91,56.91,56.91,58.83,60.42,61.56,60.7
2024-02-21,52.8,52.56,51.8,55.34,55.34,55.34,56.07,54.83,54.63,55.05,56.91,56.91,56.91,58.83,60.42,61.56
2024-02-22,51.03,52.8,52.56,51.8,55.34,55.34,55.34,56.07,54.83,54.63,55.05,56.91,56.91,56.91,58.83,60.42
2024-02-23,50.52,51.03,52.8,52.56,51.8,55.34,55.34,55.34,56.07,54.83,54.63,55.05,56.91,56.91,56.91,58.83
2024-02-24,50.52,50.52,51.03,52.8,52.56,51.8,55.34,55.34,55.34,56.07,54.83,54.63,55.05,56.91,56.91,56.91
2024-02-25,50.52,50.52,50.52,51.03,52.8,52.56,51.8,55.34,55.34,55.34,56.07,54.83,54.63,55.05,56.91,56.91
2024-02-26,52.21,50.52,50.52,50.52,51.03,52.8,52.56,51.8,55.34,55.34,55.34,56.07,54.83,54.63,55.05,56.91
2024-02-27,54.01,52.21,50.52,50.52,50.52,51.03,52.8,52.56,51.8,55.34,55.34,55.34,56.07,54.83,54.63,55.05
2024-02-28,56.07,54.01,52.21,50.52,50.52,50.52,51.03,52.8,52.56,51.8,55.34,55.34,55.34,56.07,54.83,54.63
2024-02-29,54.27,56.07,54.01,52.21,50.52,50.52,50.52,51.03,52.8,52.56,51.8,55.34,55.34,55.34,56.07,54.83
2024-03-01,54.64,54.27,56.07,54.01,52.21,50.52,50.52,50.52,51.03,52.8,52.56,51.8,55.34,55.34,55.34,56.07
2024-03-02,54.64,54.64,54.27,56.07,54.01,52.21,50.52,50.52,50.52,51.03,52.8,52.56,51.8,55.34,55.34,55.34
2024-03-03,54.64,54.64,54.64,54.27,56.07,54.01,52.21,50.52,50.52,50.52,51.03,52.8,52.56,51.8,55.34,55.34
2024-03-04,55.2,54.64,54.64,54.64,54.27,56.07,54.01,52.21,50.52,50.52,50.52,51.03,52.8,52.56,51.8,55.34
2024-03-05,58.63,55.2,54.64,54.64,54.64,54.27,56.07,54.01,52.21,50.52,50.52,50.52,51.03,52.8,52.56,51.8
2024-03-06,57.36,58.63,55.2,54.64,54.64,54.64,54.27,56.07,54.01,52.21,50.52,50.52,50.52,51.03,52.8,52.56
2024-03-07,57.26,57.36,58.63,55.2,54.64,54.64,54.64,54.27,56.07,54.01,52.21,50.52,50.52,50.52,51.03,52.8
2024-03-08,56.53,57.26,57.36,58.63,55.2,54.64,54.64,54.64,54.27,56.07,54.01,52.21,50.52,50.52,50.52,51.03
2024-03-09,56.53,56.53,57.26,57.36,58.63,55.2,54.64,54.64,54.64,54.27,56.07,54.01,52.21,50.52,50.52,50.52
2024-03-10,56.53,56.53,56.53,57.26,57.36,58.63,55.2,54.64,54.64,54.64,54.27,56.07,54.01,52.21,50.52,50.52
2024-03-11,54.42,56.53,56.53,56.53,57.26,57.36,58.63,55.2,54.64,54.64,54.64,54.27,56.07,54.01,52.21,50.52
2024-03-12,54.75,54.42,56.53,56.53,56.53,57.26,57.36,58.63,55.2,54.64,54.64,54.64,54.27,56.07,54.01,52.21
2024-03-13,54.29,54.75,54.42,56.53,56.53,56.53,57.26,57.36,58.63,55.2,54.64,54.64,54.64,54.27,56.07,54.01
2024-03-14,56.66,54.29,54.75,54.42,56.53,56.53,56.53,57.26,57.36,58.63,55.2,54.64,54.64,54.64,54.27,56.07
2024-03-15,57.56,56.66,54.29,54.75,54.42,56.53,56.53,56.53,57.26,57.36,58.63,55.2,54.64,54.64,54.64,54.27
2024-03-16,57.56,57.56,56.66,54.29,54.75,54.42,56.53,56.53,56.53,57.26,57.36,58.63,55.2,54.64,54.64,54.64
2024-03-17,57.56,57.56,57.56,56.66,54.29,54.75,54.42,56.53,56.53,56.53,57.26,57.36,58.63,55.2,54.64,54.64
2024-03-18,59.56,57.56,57.56,57.56,56.66,54.29,54.75,54.42,56.53,56.53,56.53,57.26,57.36,58.63,55.2,54.64
2024-03-19,59.0,59.56,57.56,57.56,57.56,56.66,54.29,54.75,54.42,56.53,56.53,56.53,57.26,57.36,58.63,55.2
2024-03-20,58.8,59.0,59.56,57.56,57.56,57.56,56.66,54.29,54.75,54.42,56.53,56.53,56.53,57.26,57.36,58.63
2024-03-21,57.28,58.8,59.0,59.56,57.56,57.56,57.56,56.66,54.29,54.75,54.42,56.53,56.53,56.53,57.26,57.36
2024-03-22,59.66,57.28,58.8,59.0,59.56,57.56,57.56,57.56,56.66,54.29,54.75,54.42,56.53,56.53,56.53,57.26
2024-03-23,59.66,59.66,57.28,58.8,59.0,59.56,57.56,57.56,57.56,56.66,54.29,54.75,54.42,56.53,56.53,56.53
2024-03-24,59.66,59.66,59.66,57.28,58.8,59.0,59.56,57.56,57.56,57.56,56.66,54.29,54.75,54.42,56.53,56.53
2024-03-25,63.08,59.66,59.66,59.66,57.28,58.8,59.0,59.56,57.56,57.56,57.56,56.66,54.29,54.75,54.42,56.53
2024-03-26,60.4,63.08,59.66,59.66,59.66,57.28,58.8,59.0,59.56,57.56,57.56,57.56,56.66,54.29,54.75,54.42
2024-03-27,60.58,60.4,63.08,59.66,59.66,59.66,57.28,58.8,59.0,59.56,57.56,57.56,57.56,56.66,54.29,54.75
2024-03-28,59.98,60.58,60.4,63.08,59.66,59.66,59.66,57.28,58.8,59.0,59.56,57.56,57.56,57.56,56.66,54.29
2024-03-29,59.98,59.98,60.58,60.4,63.08,59.66,59.66,59.66,57.28,58.8,59.0,59.56,57.56,57.56,57.56,56.66
2024-03-30,59.98,59.98,59.98,60.58,60.4,63.08,59.66,59.66,59.66,57.28,58.8,59.0,59.56,57.56,57.56,57.56
2024-03-31,59.98,59.98,59.98,59.98,60.58,60.4,63.08,59.66,59.66,59.66,57.28,58.8,59.0,59.56,57.56,57.56
2024-04-01,59.98,59.98,59.98,59.98,59.98,60.58,60.4,63.08,59.66,59.66,59.66,57.28,58.8,59.0,59.56,57.56
2024-04-02,57.03,59.98,59.98,59.98,59.98,59.98,60.58,60.4,63.08,59.66,59.66,59.66,57.28,58.8,59.0,59.56
2024-04-03,55.76,57.03,59.98,59.98,59.98,59.98,59.98,60.58,60.4,63.08,59.66,59.66,59.66,57.28,58.8,59.0
2024-04-04,56.84,55.76,57.03,59.98,59.98,59.98,59.98,59.98,60.58,60.4,63.08,59.66,59.66,59.66,57.28,58.8
2024-04-05,58.84,56.84,55.76,57.03,59.98,59.98,59.98,59.98,59.98,60.58,60.4,63.08,59.66,59.66,59.66,57.28
2024-04-06,58.84,58.84,56.84,55.76,57.03,59.98,59.98,59.98,59.98,59.98,60.58,60.4,63.08,59.66,59.66,59.66
2024-04-07,58.84,58.84,58.84,56.84,55.76,57.03,59.98,59.98,59.98,59.98,59.98,60.58,60.4,63.08,59.66,59.66
2024-04-08,61.73,58.84,58.84,58.84,56.84,55.76,57.03,59.98,59.98,59.98,59.98,59.98,60.58,60.4,63.08,59.66
2024-04-09,62.28,61.73,58.84,58.84,58.84,56.84,55.76,57.03,59.98,59.98,59.98,59.98,59.98,60.58,60.4,63.08
2024-04-10,61.12,62.28,61.73,58.84,58.84,58.84,56.84,55.76,57.03,59.98,59.98,59.98,59.98,59.98,60.58,60.4
2024-04-11,66.14,61.12,62.28,61.73,58.84,58.84,58.84,56.84,55.76,57.03,59.98,59.98,59.98,59.98,59.98,60.58
2024-04-12,69.58,66.14,61.12,62.28,61.73,58.84,58.84,58.84,56.84,55.76,57.03,59.98,59.98,59.98,59.98,59.98
2024-04-13,69.58,69.58,66.14,61.12,62.28,61.73,58.84,58.84,58.84,56.84,55.76,57.03,59.98,59.98,59.98,59.98
2024-04-14,69.58,69.58,69.58,66.14,61.12,62.28,61.73,58.84,58.84,58.84,56.84,55.76,57.03,59.98,59.98,59.98
2024-04-15,68.63,69.58,69.58,69.58,66.14,61.12,62.28,61.73,58.84,58.84,58.84,56.84,55.76,57.03,59.98,59.98
2024-04-16,71.59,68.63,69.58,69.58,69.58,66.14,61.12,62.28,61.73,58.84,58.84,58.84,56.84,55.76,57.03,59.98
2024-04-17,68.08,71.59,68.63,69.58,69.58,69.58,66.14,61.12,62.28,61.73,58.84,58.84,58.84,56.84,55.76,57.03
2024-04-18,69.57,68.08,71.59,68.63,69.58,69.58,69.58,66.14,61.12,62.28,61.73,58.84,58.84,58.84,56.84,55.76
2024-04-19,66.94,69.57,68.08,71.59,68.63,69.58,69.58,69.58,66.14,61.12,62.28,61.73,58.84,58.84,58.84,56.84
2024-04-20,66.94,66.94,69.57,68.08,71.59,68.63,69.58,69.58,69.58,66.14,61.12,62.28,61.73,58.84,58.84,58.84
2024-04-21,66.94,66.94,66.94,69.57,68.08,71.59,68.63,69.58,69.58,69.58,66.14,61.12,62.28,61.73,58.84,58.84
2024-04-22,64.54,66.94,66.94,66.94,69.57,68.08,71.59,68.63,69.58,69.58,69.58,66.14,61.12,62.28,61.73,58.84
2024-04-23,63.91,64.54,66.94,66.94,66.94,69.57,68.08,71.59,68.63,69.58,69.58,69.58,66.14,61.12,62.28,61.73
2024-04-24,64.71,63.91,64.54,66.94,66.94,66.94,69.57,68.08,71.59,68.63,69.58,69.58,69.58,66.14,61.12,62.28
2024-04-25,66.56,64.71,63.91,64.54,66.94,66.94,66.94,69.57,68.08,71.59,68.63,69.58,69.58,69.58,66.14,61.12
2024-04-26,65.14,66.56,64.71,63.91,64.54,66.94,66.94,66.94,69.57,68.08,71.59,68.63,69.58,69.58,69.58,66.14
2024-04-27,65.14,65.14,66.56,64.71,63.91,64.54,66.94,66.94,66.94,69.57,68.08,71.59,68.63,69.58,69.58,69.58
2024-04-28,65.14,65.14,65.14,66.56,64.71,63.91,64.54,66.94,66.94,66.94,69.57,68.08,71.59,68.63,69.58,69.58
2024-04-29,63.79,65.14,65.14,65.14,66.56,64.71,63.91,64.54,66.94,66.94,66.94,69.57,68.08,71.59,68.63,69.58
2024-04-30,66.75,63.79,65.14,65.14,65.14,66.56,64.71,63.91,64.54,66.94,66.94,66.94,69.57,68.08,71.59,68.63
2024-05-01,66.08,66.75,63.79,65.14,65.14,65.14,66.56,64.71,63.91,64.54,66.94,66.94,66.94,69.57,68.08,71.59
2024-05-02,70.64,66.08,66.75,63.79,65.14,65.14,65.14,66.56,64.71,63.91,64.54,66.94,66.94,66.94,69.57,68.08
2024-05-03,70.16,70.64,66.08,66.75,63.79,65.14,65.14,65.14,66.56,64.71,63.91,64.54,66.94,66.94,66.94,69.57
2024-05-04,70.16,70.16,70.64,66.08,66.75,63.79,65.14,65.14,65.14,66.56,64.71,63.91,64.54,66.94,66.94,66.94
2024-05-05,70.16,70.16,70.16,70.64,66.08,66.75,63.79,65.14,65.14,65.14,66.56,64.71,63.91,64.54,66.94,66.94
2024-05-06,71.32,70.16,70.16,70.16,70.64,66.08,66.75,63.79,65.14,65.14,65.14,66.56,64.71,63.91,64.54,66.94
2024-05-07,69.18,71.32,70.16,70.16,70.16,70.64,66.08,66.75,63.79,65.14,65.14,65.14,66.56,64.71,63.91,64.54
2024-05-08,69.89,69.18,71.32,70.16,70.16,70.16,70.64,66.08,66.75,63.79,65.14,65.14,65.14,66.56,64.71,63.91
2024-05-09,71.41,69.89,69.18,71.32,70.16,70.16,70.16,70.64,66.08,66.75,63.79,65.14,65.14,65.14,66.56,64.71
2024-05-10,70.09,71.41,69.89,69.18,71.32,70.16,70.16,70.16,70.64,66.08,66.75,63.79,65.14,65.14,65.14,66.56
2024-05-11,70.09,70.09,71.41,69.89,69.18,71.32,70.16,70.16,70.16,70.64,66.08,66.75,63.79,65.14,65.14,65.14
2024-05-12,70.09,70.09,70.09,71.41,69.89,69.18,71.32,70.16,70.16,70.16,70.64,66.08,66.75,63.79,65.14,65.14
2024-05-13,68.08,70.09,70.09,70.09,71.41,69.89,69.18,71.32,70.16,70.16,70.16,70.64,66.08,66.75,63.79,65.14
2024-05-14,68.47,68.08,70.09,70.09,70.09,71.41,69.89,69.18,71.32,70.16,70.16,70.16,70.64,66.08,66.75,63.79
2024-05-15,67.73,68.47,68.08,70.09,70.09,70.09,71.41,69.89,69.18,71.32,70.16,70.16,70.16,70.64,66.08,66.75
2024-05-16,68.37,67.73,68.47,68.08,70.09,70.09,70.09,71.41,69.89,69.18,71.32,70.16,70.16,70.16,70.64,66.08
2024-05-17,68.96,68.37,67.73,68.47,68.08,70.09,70.09,70.09,71.41,69.89,69.18,71.32,70.16,70.16,70.16,70.64
2024-05-18,68.96,68.96,68.37,67.73,68.47,68.08,70.09,70.09,70.09,71.41,69.89,69.18,71.32,70.16,70.16,70.16
2024-05-19,68.96,68.96,68.96,68.37,67.73,68.47,68.08,70.09,70.09,70.09,71.41,69.89,69.18,71.32,70.16,70.16
2024-05-20,72.4,68.96,68.96,68.96,68.37,67.73,68.47,68.08,70.09,70.09,70.09,71.41,69.89,69.18,71.32,70.16
2024-05-21,74.4,72.4,68.96,68.96,68.96,68.37,67.73,68.47,68.08,70.09,70.09,70.09,71.41,69.89,69.18,71.32
2024-05-22,74.34,74.4,72.4,68.96,68.96,68.96,68.37,67.73,68.47,68.08,70.09,70.09,70.09,71.41,69.89,69.18
2024-05-23,73.93,74.34,74.4,72.4,68.96,68.96,68.96,68.37,67.73,68.47,68.08,70.09,70.09,70.09,71.41,69.89
2024-05-24,73.76,73.93,74.34,74.4,72.4,68.96,68.96,68.96,68.37,67.73,68.47,68.08,70.09,70.09,70.09,71.41
2024-05-25,73.76,73.76,73.93,74.34,74.4,72.4,68.96,68.96,68.96,68.37,67.73,68.47,68.08,70.09,70.09,70.09
2024-05-26,73.76,73.76,73.76,73.93,74.34,74.4,72.4,68.96,68.96,68.96,68.37,67.73,68.47,68.08,70.09,70.09
2024-05-27,74.41,73.76,73.76,73.76,73.93,74.34,74.4,72.4,68.96,68.96,68.96,68.37,67.73,68.47,68.08,70.09
2024-05-28,72.8,74.41,73.76,73.76,73.76,73.93,74.34,74.4,72.4,68.96,68.96,68.96,68.37,67.73,68.47,68.08
2024-05-29,72.13,72.8,74.41,73.76,73.76,73.76,73.93,74.34,74.4,72.4,68.96,68.96,68.96,68.37,67.73,68.47
2024-05-30,73.74,72.13,72.8,74.41,73.76,73.76,73.76,73.93,74.34,74.4,72.4,68.96,68.96,68.96,68.37,67.73
2024-05-31,72.38,73.74,72.13,72.8,74.41,73.76,73.76,73.76,73.93,74.34,74.4,72.4,68.96,68.96,68.96,68.37
