,Date,Temperature,Electricity Demand,Electricity Price,Gas Price,Gas Demand,interconn_fra,CO2_Value
0,2023-01-01,3.555,16139.166,63.01,70.45,,-1150.1620000000005,
1,2023-01-02,7.605,19598.72,157.13,52.85,,-38504.615,83.4
2,2023-01-03,4.7549996,22564.525,198.9,71.49,,-24817.762999999995,80.72
3,2023-01-04,0.805,23220.231,168.09,63.0,,32959.302,75.09
4,2023-01-05,0.85499996,23127.31399999999,151.45,58.0,,-11576.677999999987,76.21
5,2023-01-06,-0.895,19083.957,154.05,59.3,,-37548.481,74.75
6,2023-01-07,3.2050002,19856.62800000001,65.21,62.34,,-63848.31,
7,2023-01-08,9.755,19069.046,46.82,64.55,,-63010.639,
8,2023-01-09,9.455,23289.007,69.22,63.9,,-47659.529,78.75
9,2023-01-10,1.4549999,25059.93499999999,167.88,69.78,,-30517.365999999998,77.75
10,2023-01-11,6.355,25080.6,111.26,63.25,,6434.915000000008,76.17
11,2023-01-12,0.605,25518.506,136.8,61.7,,20609.243,77.41
12,2023-01-13,2.605,25566.19600000001,99.23,63.18,,14617.988,77.05
13,2023-01-14,-0.495,22111.045,94.23,61.79,,-33167.66599999999,
14,2023-01-15,5.7549996,19595.29200000001,47.74,60.13,,-26885.946,
15,2023-01-16,3.505,25055.64200000001,30.98,60.0,,-48449.014,74.79
16,2023-01-17,8.3550005,25681.562,32.67,52.9,,-39122.93399999999,76.79
17,2023-01-18,1.005,26305.814,26.38,55.8,,-42251.649,80.48
18,2023-01-19,0.90500003,26787.41900000001,59.2,57.52,,-39330.622,81.1
19,2023-01-20,8.1050005,26480.463,90.5,60.0,,-41907.189,82.28
20,2023-01-21,3.355,22259.497,92.79,66.0,,-50820.756,
21,2023-01-22,-2.595,20733.239,50.06,67.62,,-54063.614,
22,2023-01-23,-3.145,25926.744,93.71,64.04,,-30368.273,82.36
23,2023-01-24,-1.195,27222.28,99.46,62.23,,-23541.661000000004,78.87
24,2023-01-25,-2.195,27502.949,124.41,54.66,,-27123.569,81.43
25,2023-01-26,2.355,27511.999,96.69,52.15,,-37226.075,86.43
26,2023-01-27,-1.195,27644.61900000001,79.15,50.09,,-37267.412,86.14
27,2023-01-28,0.305,23169.859,72.57,56.18,,-46447.329,
28,2023-01-29,-2.945,21436.658,80.98,56.83,,-42909.565,
29,2023-01-30,-3.395,26605.678,168.96,53.75,,-34487.124,86.53
30,2023-01-31,-4.3450003,27522.288,155.33,54.2,,-37518.93099999999,90.05
31,2023-02-01,0.105000004,27663.64200000001,157.49,54.89,,-30893.048999999995,92.38
32,2023-02-02,-1.2950001,27602.743,177.88,57.57,,-22639.077,89.98
33,2023-02-03,-1.345,27340.58,175.26,54.8,,-9499.386,90.24
34,2023-02-04,-1.2950001,22922.063,177.01,58.25,,-50667.69700000001,
35,2023-02-05,2.555,20934.952,135.99,60.63,,-58266.943,
36,2023-02-06,-0.445,25851.87400000001,149.18,56.56,,-41522.44900000001,87.87
37,2023-02-07,-0.245,26849.258,151.92,55.64,,-35091.45499999999,87.32
38,2023-02-08,1.2049999,27320.739,164.54,53.13,,-32088.0,87.31
39,2023-02-09,3.405,27235.288,188.34,52.65,,-35453.624999999985,88.01
40,2023-02-10,0.85499996,27635.46200000001,186.66,52.49,,-41719.757,90.02
41,2023-02-11,-1.5450001,23091.742,179.53,55.07,,-51801.593,
42,2023-02-12,-1.195,21170.608,188.44,56.13,,-48144.171,
43,2023-02-13,-0.395,26131.10400000001,181.07,51.61,,-34928.871,89.22
44,2023-02-14,3.755,26671.699,181.33,51.04,,-41845.16899999999,89.07
45,2023-02-15,3.905,26675.55200000001,193.14,51.72,,-22144.036000000004,91.29
46,2023-02-16,0.755,26817.284,198.32,53.43,,-7974.528999999999,94.4
47,2023-02-17,0.40500003,26709.448,158.49,49.59,,10058.126000000002,93.13
48,2023-02-18,3.105,22192.295,161.51,47.95,,73326.484,
49,2023-02-19,4.105,20166.281,167.51,49.69,,22753.509000000002,
50,2023-02-20,5.4049997,24168.40100000001,177.14,47.69,,19394.999000000003,95.16
51,2023-02-21,5.0049996,25133.52200000001,206.83,49.52,,-25444.409,97.08
52,2023-02-22,3.605,25539.12800000001,203.74,48.5,,-21364.477,93.58
53,2023-02-23,5.9049997,25752.526,202.8,48.1,,-16649.751,94.34
54,2023-02-24,-1.745,26190.909,202.79,49.54,,8313.024000000001,94.1
55,2023-02-25,-2.845,22368.881,182.98,49.28,,40971.949,
56,2023-02-26,-3.095,20742.53,161.31,50.52,,-46432.248,
57,2023-02-27,-2.095,25598.348,155.73,49.29,,-48130.934,96.85
58,2023-02-28,-4.2450004,26900.41400000001,194.75,45.41,,-44615.832,96.58
59,2023-03-01,-3.945,27491.577,206.2,46.31,,-41033.847,93.72
60,2023-03-02,-2.5449998,27654.398,194.72,48.45,,-41778.03799999999,90.23
61,2023-03-03,-2.7949998,27403.09000000001,203.65,47.63,,-45572.31100000001,89.07
62,2023-03-04,-1.245,22891.322,185.92,48.16,,-40286.006,
63,2023-03-05,-1.3950001,20804.082,197.72,50.45,,-46854.302,
64,2023-03-06,4.9049997,25478.161,184.3,46.25,,-47950.002,89.9
65,2023-03-07,8.455,25873.26,162.21,44.2,,-39836.422,92.59
66,2023-03-08,10.1050005,25849.91,136.64,43.9,,-54173.413,94.7
67,2023-03-09,10.655001,25262.251,140.57,41.4,,-53171.083000000006,95.31
68,2023-03-10,7.805,25338.38600000001,91.25,46.25,,-47932.554,96.72
69,2023-03-11,8.505,21169.508,50.16,53.09,,-68441.97399999999,
70,2023-03-12,9.905001,19063.755,146.33,49.52,,-52560.432,
71,2023-03-13,8.305,23421.728,97.54,52.51,,-8939.897,94.26
72,2023-03-14,5.9049997,24318.14400000001,87.53,47.38,,-42387.921,89.8
73,2023-03-15,3.505,24646.356,192.15,46.48,,-33096.142,86.6
74,2023-03-16,4.9049997,24486.248,162.96,42.24,,-41751.135,84.43
75,2023-03-17,10.405001,24457.13000000001,126.96,42.83,,-56745.508,84.58
76,2023-03-18,5.5049996,20903.214,149.91,41.34,,-46018.846,
77,2023-03-19,4.205,18925.14,150.25,44.27,,-58356.94,
78,2023-03-20,3.7050002,23005.411,185.1,42.09,,-36373.774,85.11
79,2023-03-21,5.105,24353.23200000001,175.95,38.99,,-26426.826,86.88
80,2023-03-22,5.4049997,24413.861,162.7,40.18,,18508.808,86.77
81,2023-03-23,6.9049997,24177.75700000001,146.19,38.57,,-5996.096000000001,89.69
82,2023-03-24,8.905001,24225.515,105.76,41.73,,-2755.355,85.1
83,2023-03-25,8.255,20894.352,94.74,38.86,,14575.581999999997,
84,2023-03-26,8.505,18860.544,75.52,38.71,,-55258.38900000001,
85,2023-03-27,5.4049997,23150.792,158.82,40.0,,-41559.461,84.77
86,2023-03-28,4.955,23764.334,175.11,40.39,,-35041.741,86.88
87,2023-03-29,6.705,23975.479,143.02,39.88,,-38427.565999999984,87.81
88,2023-03-30,11.505,24108.952,80.47,36.69,,-40117.076,88.5
89,2023-03-31,9.905001,24346.61500000001,44.57,34.87,,-47574.155,89.48
90,2023-04-01,9.8550005,20486.828,76.72,43.13,,-23608.519,
91,2023-04-02,3.155,18945.028,58.86,43.81,,-24515.362999999994,
92,2023-04-03,2.905,22873.278,96.01,41.5,,-23846.803,93.24
93,2023-04-04,6.055,23615.342,115.91,44.14,,-32596.661999999993,92.46
94,2023-04-05,3.405,23393.614,166.55,41.74,,-33734.97,94.13
95,2023-04-06,5.9049997,20203.516,161.57,41.3,,-42675.199,94.15
96,2023-04-07,5.455,18371.279,184.59,39.42,,-54148.92500000001,
97,2023-04-08,6.955,18207.51,171.66,41.92,,-49851.283,
98,2023-04-09,8.055,17399.342,176.47,41.78,,-38500.76699999999,
99,2023-04-10,10.455,19318.904,133.59,41.31,,21860.08,94.15
100,2023-04-11,10.055,22321.113,146.92,40.09,,-15277.594,94.86
101,2023-04-12,10.005,23487.98000000001,106.63,38.94,,-53674.030999999995,93.39
102,2023-04-13,6.605,23678.46400000001,130.94,37.9,,-43498.046,91.95
103,2023-04-14,9.505,23997.213,112.44,36.82,,-40436.852,91.38
104,2023-04-15,9.755,20708.69900000001,70.11,36.93,,-63755.98400000002,
105,2023-04-16,9.3550005,18932.816,60.47,37.67,,-53901.354,
106,2023-04-17,8.3550005,22625.124,123.76,37.3,,-42396.075,90.62
107,2023-04-18,7.705,23673.594,142.46,36.02,,-31582.342,92.86
108,2023-04-19,8.6050005,23860.703,174.72,36.49,,-2205.940999999999,92
109,2023-04-20,10.3550005,23825.752,174.22,35.66,,-12877.764000000001,89.54
110,2023-04-21,11.205,23792.49,173.17,36.4,,-21501.478000000003,87.29
111,2023-04-22,11.955,20644.941,147.22,34.03,,-13204.054999999998,
112,2023-04-23,8.755,18844.104,123.09,34.54,,-42374.785,
113,2023-04-24,11.1050005,22368.754,161.36,34.69,,-6790.066999999999,85.94
114,2023-04-25,12.555,23645.395,163.62,33.34,,-13780.808999999988,84.84
115,2023-04-26,12.8550005,23709.474,167.96,34.86,,-14733.201,83.54
116,2023-04-27,13.505,23821.80000000001,166.64,35.78,,-9952.567999999996,84.03
117,2023-04-28,15.305,23677.97,151.83,35.19,,-7592.8110000000015,85.37
118,2023-04-29,17.005001,20431.424,148.39,35.66,,-19134.068,
119,2023-04-30,13.655001,18890.583,131.93,34.92,,-26216.405,
120,2023-05-01,11.305,18055.923,140.97,34.42,,-28468.121,83.96
121,2023-05-02,12.6050005,21511.90600000001,155.27,36.47,,-4790.535,86.31
122,2023-05-03,14.1050005,23346.57,140.47,34.25,,-3690.8640000000014,83.01
123,2023-05-04,15.005,23986.633,138.38,33.21,,23130.365,82.72
124,2023-05-05,11.805,23902.584,149.32,33.33,,3917.260999999999,82.98
125,2023-05-06,11.505,20672.023,149.87,34.0,,7601.246999999999,
126,2023-05-07,14.905001,18629.601,131.53,34.23,,-17529.279,
127,2023-05-08,13.405001,22424.885,158.95,33.77,,6337.990000000002,83.41
128,2023-05-09,17.555,23414.016,150.44,33.86,,-8048.367000000002,84.75
129,2023-05-10,13.055,23693.65,128.67,31.92,,-41207.39099999999,87.39
130,2023-05-11,10.405001,23430.43400000001,135.15,28.94,,-42800.268,86.3
131,2023-05-12,9.655001,23594.02100000001,138.89,27.0,,-36872.917,86.36
132,2023-05-13,7.905,20462.746,118.53,29.4,,-47969.747,
133,2023-05-14,9.8550005,18595.935,110.75,28.19,,-41719.476,
134,2023-05-15,9.8550005,22108.65800000001,124.42,26.19,,-48496.767,84.91
135,2023-05-16,9.305,23422.925,98.81,25.2,,-48950.975000000006,86.52
136,2023-05-17,8.6050005,23197.358,98.66,26.6,,-39690.524,86.12
137,2023-05-18,9.205,23518.04,101.63,26.6,,-40965.557,87.76
138,2023-05-19,9.455,23348.282,106.01,25.67,,-40105.94299999999,87.79
139,2023-05-20,8.755,19977.282,99.15,27.93,,-4903.953000000001,
140,2023-05-21,10.655001,18092.14500000001,64.09,28.94,,-3039.242,
141,2023-05-22,12.8550005,22019.636,129.06,26.8,,23858.265000000003,85.65
142,2023-05-23,12.955,22934.15,116.52,27.58,,23433.961,83.68
143,2023-05-24,12.805,22840.18,112.2,27.75,,20860.304,83.35
144,2023-05-25,13.005,22914.59000000001,134.92,25.8,,21420.127,81.23
145,2023-05-26,13.505,22622.265,110.16,23.78,,21913.041,80.56
146,2023-05-27,12.505,19289.657,130.68,27.74,,39099.138,
147,2023-05-28,13.155001,17478.915,139.52,28.68,,47043.916999999994,
148,2023-05-29,12.305,21255.765,138.91,25.04,,50202.56100000001,81.13
149,2023-05-30,12.155001,22449.776,135.76,27.28,,35150.75100000001,78.82
150,2023-05-31,12.8550005,22547.21,136.21,25.07,,25857.615,79.38
151,2023-06-01,14.305,22671.827,125.71,25.68,358025.0,22780.507,77.11
152,2023-06-02,13.405001,22820.09000000001,123.39,24.47,357750.0,43543.202,77.38
153,2023-06-03,14.155001,22699.046,129.67,23.81,316048.0,37261.982,
154,2023-06-04,14.755,20603.585,128.06,23.86,328630.0,39394.814,
155,2023-06-05,15.855,20831.645,133.28,24.15,492406.0,8933.564,80.88
156,2023-06-06,15.655001,23010.944,125.1,27.1,457969.0,-5854.514,80.05
157,2023-06-07,20.305,23489.963,114.85,25.65,496570.0,13248.068,81.92
158,2023-06-08,16.505001,23153.031,126.27,25.8,428734.0,8337.306,82.32
159,2023-06-09,15.755,23326.582,128.63,26.91,421330.0,-20207.816,85.06
160,2023-06-10,16.255001,23181.13800000001,125.8,26.82,490610.0,39645.41500000001,
161,2023-06-11,19.005001,21270.03500000001,125.74,27.07,522973.0,24552.107999999997,
162,2023-06-12,17.005001,21211.88300000001,127.44,28.56,587847.0,-17497.965,86.09
163,2023-06-13,15.3550005,23344.712,135.87,29.04,384815.0,-15080.61,88.12
164,2023-06-14,17.005001,23416.132,130.35,32.99,467080.0,-41716.93,91.52
165,2023-06-15,18.205,23910.864,143.3,37.34,500657.0,-33373.678,91.41
166,2023-06-16,20.955,24478.551,167.12,39.79,561444.0,-8004.045999999999,90.51
167,2023-06-17,24.455,24672.342,170.98,34.55,385758.0,291.9490000000005,
168,2023-06-18,18.605,22493.133,169.09,34.06,425179.0,-10542.88,
169,2023-06-19,18.955,22582.286,144.63,33.85,427501.0,-15853.333,90.25
170,2023-06-20,22.705,24416.764,158.28,35.57,428150.0,-10804.56899999999,92.9
171,2023-06-21,20.305,24803.63,160.32,38.49,441923.0,11661.525,88.59
172,2023-06-22,17.155,24490.014,178.16,37.9,476862.0,-6515.698999999997,88.29
173,2023-06-23,20.255001,25348.733,166.1,35.43,374771.0,886.6579999999994,85.93
174,2023-06-24,22.955,24607.005,155.77,31.56,380922.0,21098.989,
175,2023-06-25,26.255001,23688.177,168.68,31.35,411419.0,14313.802000000001,
176,2023-06-26,25.605,25080.613,132.43,31.77,407674.0,9442.490999999998,84.3
177,2023-06-27,26.155,27635.505,151.21,32.3,413910.0,709.8690000000006,87.25
178,2023-06-28,25.755001,28008.312,134.29,32.91,487737.0,10367.643,86.12
179,2023-06-29,25.955,27897.529,156.6,33.22,475895.0,-16796.542,86.29
180,2023-06-30,19.605,27196.346,152.15,32.84,346568.0,-33820.845,87.48
181,2023-07-01,20.655,25884.534,140.73,34.49,357066.0,37864.436,
182,2023-07-02,24.405,24348.44600000001,150.13,34.94,369140.0,38856.202,
183,2023-07-03,24.805,25263.758,170.31,36.5,391933.0,43528.628,85.72
184,2023-07-04,24.355,27023.03200000001,169.84,35.63,402308.0,29530.220000000012,85.65
185,2023-07-05,23.455,27415.026,156.3,34.66,347610.0,48859.554,84.26
186,2023-07-06,24.605,27175.405,163.57,34.54,383815.0,26607.452999999998,84.45
187,2023-07-07,23.055,27365.193,161.83,32.68,305299.0,26181.742,84.65
188,2023-07-08,24.305,26646.253,145.34,32.24,330075.0,15056.165,
189,2023-07-09,22.755001,24442.121,156.58,32.44,354313.0,17500.358,
190,2023-07-10,24.055,25824.26500000001,151.56,33.25,471386.0,-3596.003999999999,84.8
191,2023-07-11,27.955,29163.757,163.01,31.73,352584.0,5652.374,85.25
192,2023-07-12,25.905,29671.626,133.53,30.26,349137.0,24174.996,84.32
193,2023-07-13,24.855,29227.052,140.27,29.5,380781.0,30355.863,84.35
194,2023-07-14,25.855,29140.196,154.96,27.9,312176.0,34594.491,84.54
195,2023-07-15,25.855,28181.17,146.08,26.68,260170.0,48184.07,
196,2023-07-16,21.805,25666.46,114.64,25.68,303478.0,48031.041,
197,2023-07-17,23.605,25906.01,125.39,26.56,279228.0,32375.658,84.99
198,2023-07-18,30.355,29217.985,134.28,27.24,332337.0,20508.594,85.85
199,2023-07-19,30.555,30171.15900000001,143.68,29.44,406237.0,27698.883000000013,87.67
200,2023-07-20,27.405,30299.758,135.44,28.87,310529.0,25855.678,88.99
201,2023-07-21,25.155,29052.905,140.46,29.24,331233.0,39295.125,89.86
202,2023-07-22,21.855,27406.786,134.09,29.46,290918.0,56534.851,
203,2023-07-23,24.055,25125.077,143.66,28.25,344973.0,41974.676,
204,2023-07-24,24.905,26132.81300000001,139.4,29.36,267008.0,-1019.821,89.54
205,2023-07-25,21.905,26944.278,136.2,29.99,358155.0,-7975.168999999999,90.32
206,2023-07-26,21.705,26378.646,144.53,31.84,345995.0,18003.686999999998,89.26
207,2023-07-27,24.905,26873.085,159.99,29.98,374739.0,17592.255999999998,89.5
208,2023-07-28,24.355,26788.006,148.69,28.2,369538.0,6683.88,87.15
209,2023-07-29,25.005001,26813.222,139.24,25.43,322824.0,35853.61,
210,2023-07-30,25.905,25565.374,140.45,25.62,295958.0,46861.030999999995,
211,2023-07-31,27.105,25707.871,133.08,25.67,349061.0,45429.57200000001,85.16
212,2023-08-01,26.955,26899.147,135.64,27.71,301960.0,23020.297000000002,83.85
213,2023-08-02,25.905,27277.498,124.72,27.37,273353.0,41225.422,82.25
214,2023-08-03,25.105,27591.88500000001,117.25,27.67,243497.0,4111.839,83.59
215,2023-08-04,19.305,25991.494,121.99,29.01,233099.0,-50886.342,82.45
216,2023-08-05,18.955,24195.23100000001,133.64,28.29,194321.0,-27260.105,
217,2023-08-06,26.605,23205.045,109.13,28.26,203364.0,-3530.6940000000013,
218,2023-08-07,23.355,23910.596,104.99,28.59,215555.0,33370.474,81.48
219,2023-08-08,26.355,25322.879,138.18,29.46,260800.0,40575.987,83.16
220,2023-08-09,29.405,26123.53000000001,142.24,30.72,264703.0,24742.561,82.74
221,2023-08-10,29.705,27056.83400000001,151.96,36.47,367922.0,26341.807,83.66
222,2023-08-11,26.355,27063.512,158.09,36.74,306701.0,34797.439,85.5
223,2023-08-12,27.255001,26690.176,155.09,34.22,272239.0,49456.312,
224,2023-08-13,28.505001,25149.286,144.85,34.15,237693.0,35751.01100000001,
225,2023-08-14,25.555,24478.12200000001,148.64,33.85,242460.0,19270.661,86.47
226,2023-08-15,24.605,24842.144,153.42,33.49,252557.0,12927.053999999998,85.84
227,2023-08-16,25.855,24600.817,139.0,35.71,287651.0,22997.485,87.17
228,2023-08-17,24.455,25371.48899999999,157.04,36.37,312198.0,28442.353,87.53
229,2023-08-18,26.255001,25447.934,166.16,36.2,294249.0,3674.384,86.73
230,2023-08-19,24.205,25558.045,159.37,35.23,337996.0,35188.122,
231,2023-08-20,26.055,24948.89200000001,172.18,35.61,332597.0,29887.909,
232,2023-08-21,27.555,25993.15700000001,162.1,38.73,405770.0,5923.886000000001,86.59
233,2023-08-22,29.005001,28316.938,173.39,41.74,430437.0,7552.38,88.92
234,2023-08-23,29.155,28628.18300000001,183.67,41.73,442264.0,-5513.832999999999,87.31
235,2023-08-24,28.505001,29046.95,184.14,38.17,441592.0,-3381.592999999999,84.94
236,2023-08-25,29.255001,29218.27600000001,148.92,33.52,374411.0,-9651.424,84.5
237,2023-08-26,30.005001,28656.748,143.8,34.86,275899.0,27988.535000000003,
238,2023-08-27,20.955,24306.33900000001,139.33,34.67,281235.0,-42688.01299999999,
239,2023-08-28,16.555,22275.499,129.69,35.02,312220.0,-22530.55399999999,84.79
240,2023-08-29,20.855,24367.047,148.84,35.95,291510.0,-13295.972,83.88
241,2023-08-30,19.355,24697.882,149.34,36.42,287262.0,21570.186,85.35
242,2023-08-31,20.155,24656.064,153.39,36.8,357830.0,36619.018,84.86
243,2023-09-01,22.355,25149.321,153.88,35.07,313032.0,6793.312000000009,84.37
244,2023-09-02,21.605,24504.476,156.03,33.82,283409.0,45457.51499999999,
245,2023-09-03,15.955,21299.23600000001,141.81,33.28,303664.0,-3145.2130000000016,
246,2023-09-04,18.105,21627.33,123.18,33.79,261603.0,-7406.677000000001,83.26
247,2023-09-05,17.105,23441.091,134.7,34.07,324627.0,35431.818,82.95
248,2023-09-06,17.855,24625.861,151.02,33.87,371908.0,31370.571,82.79
249,2023-09-07,19.905,24841.01300000001,153.61,32.56,334055.0,40421.567,82.05
250,2023-09-08,20.305,24826.85200000001,150.95,32.09,325152.0,20561.71900000001,80.65
251,2023-09-09,20.355,24074.363,164.33,34.39,275797.0,33779.028999999995,
252,2023-09-10,17.805,22378.537,164.14,34.69,271470.0,24689.519,
253,2023-09-11,18.305,22323.492,156.21,36.65,397658.0,31941.314,80.8
254,2023-09-12,16.755001,23881.929,154.36,36.63,439246.0,25847.031000000003,80.23
255,2023-09-13,17.005001,23988.92099999999,147.22,35.65,390750.0,12761.485999999999,82.15
256,2023-09-14,18.705,24148.594,127.6,36.41,357500.0,40554.947,82.23
257,2023-09-15,18.255001,24813.645,154.21,36.03,353242.0,54373.79,81.44
258,2023-09-16,15.455,23583.042,157.07,35.8,270520.0,43913.878,
259,2023-09-17,18.555,21711.977,153.25,35.97,252611.0,-3679.471000000002,
260,2023-09-18,14.805,21500.96,122.95,36.66,314203.0,53029.269,79.99
261,2023-09-19,13.155001,22948.67700000001,165.01,35.5,395360.0,53655.91000000001,80.36
262,2023-09-20,14.555,23234.774,143.04,36.01,318004.0,42404.931,81.92
263,2023-09-21,15.005,23322.97000000001,113.1,37.38,273929.0,5085.621999999999,83.23
264,2023-09-22,14.3550005,23125.99,139.99,38.37,337593.0,13693.62,84.56
265,2023-09-23,11.205,22303.069,159.71,39.92,331025.0,26922.842,
266,2023-09-24,12.455,20561.608,177.73,39.91,336520.0,40196.765,
267,2023-09-25,14.155001,20637.854,166.33,41.99,373777.0,31601.01,84.37
268,2023-09-26,18.355,22752.01300000001,158.58,43.19,402040.0,34396.346000000005,82.39
269,2023-09-27,16.105,23148.38600000001,159.05,40.77,392663.0,8749.598,81.79
270,2023-09-28,17.355,23167.62199999999,151.0,40.08,350303.0,21125.667,82.21
271,2023-09-29,17.555,23550.508,153.2,40.15,423908.0,44220.399,81.17
272,2023-09-30,18.405,23330.652,165.77,38.9,281707.0,30645.406999999996,
273,2023-10-01,18.005001,21399.922,168.73,38.94,254035.0,33840.841,
274,2023-10-02,17.455,21383.11400000001,163.74,38.96,357444.0,25146.455,80.3
275,2023-10-03,17.405,23321.933,163.74,36.33,381368.0,53556.37,79.2
276,2023-10-04,18.405,23517.942,119.23,34.07,352778.0,46600.693,81.2
277,2023-10-05,17.805,23572.307,137.83,34.62,341514.0,34125.166,80.04
278,2023-10-06,18.055,23867.615,155.45,34.18,364566.0,56531.223,79.99
279,2023-10-07,17.155,24018.403,153.09,34.65,319458.0,55856.90300000001,
280,2023-10-08,17.255001,21688.424,162.4,34.97,286627.0,33232.879,
281,2023-10-09,18.955,21560.319,166.51,38.56,334384.0,39468.673,81.28
282,2023-10-10,16.255001,22807.089,169.69,41.61,360967.0,44284.931000000004,84.34
283,2023-10-11,15.405001,23206.79300000001,175.02,45.43,354230.0,50102.0,83.64
284,2023-10-12,16.005001,22633.08,174.78,45.74,321179.0,3195.9890000000014,84.73
285,2023-10-13,16.455,20882.63,174.23,48.35,292695.0,58798.957,85.45
286,2023-10-14,18.105,21383.462,186.89,49.99,369060.0,60177.721,
287,2023-10-15,15.205,20441.89800000001,192.56,50.2,394473.0,58461.835,
288,2023-10-16,15.555,20401.863,186.97,51.16,313415.0,32544.99,82.85
289,2023-10-17,16.205,22676.039,170.24,46.04,342538.0,-19551.693,82.05
290,2023-10-18,16.455,23287.764,99.1,42.78,306551.0,-6758.012,81.37
291,2023-10-19,15.055,23214.905,56.39,42.6,303987.0,-20372.018,81.3
292,2023-10-20,11.455,22962.966,72.15,41.69,307975.0,-39987.34399999999,80.94
293,2023-10-21,9.655001,22660.004,94.11,43.24,263822.0,44377.719000000005,
294,2023-10-22,8.955,20144.458,176.91,43.6,260274.0,31475.827,
295,2023-10-23,11.205,20344.31000000001,154.97,44.97,370039.0,19527.068,80.04
296,2023-10-24,10.155001,22195.756,168.44,46.0,384386.0,-12685.073999999988,80.12
297,2023-10-25,12.205,22488.27,108.58,46.13,291718.0,-32622.474999999995,79.45
298,2023-10-26,15.6050005,22628.188,90.23,46.16,325775.0,-34166.622,79.18
299,2023-10-27,10.705,23431.73,55.38,45.16,279190.0,-36567.03799999999,78.88
300,2023-10-28,12.1050005,22977.42900000001,49.33,44.56,284712.0,-36812.426,
301,2023-10-29,13.255,22688.07200000001,41.05,44.71,334209.0,-12766.628,
302,2023-10-30,12.405001,21764.79,46.35,45.69,377383.0,-32365.039,78.25
303,2023-10-31,7.855,22883.49,102.76,45.36,414464.0,-16774.417,78.88
304,2023-11-01,7.4049997,23274.81800000001,50.1,39.08,344076.0,-34943.499,78.36
305,2023-11-02,13.805,21410.53499999999,34.92,34.9,418451.0,-19385.771,78.45
306,2023-11-03,6.1549997,23490.278,34.17,35.24,309124.0,-35746.464,77.47
307,2023-11-04,9.1050005,23652.03300000001,34.37,36.04,353661.0,-34847.875,
308,2023-11-05,8.655001,21831.826,31.75,36.38,358608.0,-33043.999,
309,2023-11-06,7.1549997,21682.535,48.56,36.78,399753.0,-15408.173,75.65
310,2023-11-07,5.555,23715.222,122.8,39.92,401757.0,-14748.761999999988,75.05
311,2023-11-08,4.305,24315.53,135.45,40.91,371636.0,-14799.505,75.51
312,2023-11-09,8.905001,24513.452,116.27,39.13,454713.0,-40818.823,77.18
313,2023-11-10,8.305,24465.57500000001,102.55,36.9,259783.0,-48528.747,78.49
314,2023-11-11,11.255,24327.932,48.85,34.92,289242.0,-42402.839,
315,2023-11-12,12.555,21887.904,36.06,33.37,326899.0,-51589.362,
316,2023-11-13,13.155001,21411.19,78.3,33.24,333573.0,-33187.633,77.28
317,2023-11-14,9.805,23435.119,80.55,32.02,319468.0,-4755.521000000001,78.42
318,2023-11-15,8.805,23455.912,119.94,37.85,376766.0,2796.5899999999965,79.52
319,2023-11-16,10.455,24130.05000000001,127.86,40.52,389752.0,-25261.702999999998,76.81
320,2023-11-17,9.805,23757.274,150.09,39.94,428063.0,-14843.408000000001,76.36
321,2023-11-18,9.205,23576.966,155.22,37.79,317105.0,13269.068,
322,2023-11-19,8.405001,21262.953,125.94,37.6,310288.0,65817.11899999999,
323,2023-11-20,7.6549997,21286.145,136.37,38.2,382544.0,-14374.701,76.41
324,2023-11-21,8.505,23534.03500000001,79.8,39.79,390970.0,-50331.50399999999,75.18
325,2023-11-22,7.605,24130.69600000001,65.93,39.56,293263.0,-52960.461,74.99
326,2023-11-23,6.305,24417.332,66.98,40.06,393780.0,-37931.642,76.4
327,2023-11-24,3.2050002,25049.381,72.64,42.11,358265.0,-17246.33,76.4
328,2023-11-25,4.4049997,24563.917,124.12,42.35,361944.0,-28685.656999999996,
329,2023-11-26,4.855,22541.867,162.53,43.04,421999.0,-16837.886,
330,2023-11-27,7.205,22325.86500000001,147.99,42.8,470577.0,-23334.833,73.45
331,2023-11-28,7.455,24840.796,117.19,41.41,471594.0,-42772.58,72.96
332,2023-11-29,11.055,24985.333,132.47,40.0,350029.0,-38096.11,71.02
333,2023-11-30,12.555,24432.614,109.69,38.34,312436.0,-45517.757000000005,70.81
334,2023-12-01,12.905001,24760.714,150.59,39.22,298563.0,-47995.471,72.49
335,2023-12-02,5.0049996,24892.413,104.02,40.53,299084.0,-48852.975,
336,2023-12-03,2.405,23294.563,141.69,40.71,287017.0,-45875.119,
337,2023-12-04,4.605,23251.29300000001,102.39,40.65,340108.0,-42912.111,70.37
338,2023-12-05,5.705,24951.989,137.45,39.07,440849.0,-33315.108,68.64
339,2023-12-06,5.4049997,25633.58,133.9,37.2,406009.0,-39691.535,68.82
340,2023-12-07,2.9550002,24526.78,141.94,37.48,296706.0,-45850.46599999999,69.65
341,2023-12-08,9.1050005,24475.912,76.53,37.44,298620.0,-58508.695000000014,68.63
342,2023-12-09,5.7549996,23485.313,81.34,36.04,360572.0,-46622.579999999994,
343,2023-12-10,9.505,22840.75,74.01,36.44,340658.0,-8202.327000000001,
344,2023-12-11,9.305,22085.278,74.25,36.27,269679.0,-30423.88,67.28
345,2023-12-12,6.855,24726.986,103.31,33.88,299154.0,-54357.94300000001,68.21
346,2023-12-13,11.705,24971.02,81.05,32.69,264893.0,-52840.672,68.9
347,2023-12-14,5.555,25408.07899999999,87.54,32.72,294675.0,-58714.635,66.79
348,2023-12-15,4.2549996,25677.909,123.1,32.09,322105.0,-57794.202,66.35
349,2023-12-16,3.405,25639.241,104.85,31.92,297369.0,-10277.765,
350,2023-12-17,1.255,24120.47700000001,133.63,32.54,378147.0,53538.69700000001,
351,2023-12-18,0.90500003,23877.024,122.92,33.53,585284.0,37392.093,69.08
352,2023-12-19,0.705,26016.291,132.19,32.48,475026.0,21129.785,69.23
353,2023-12-20,-0.395,26196.21200000001,91.86,31.3,365308.0,-14598.696000000002,72.92
354,2023-12-21,4.105,26016.92900000001,76.27,31.78,353283.0,50831.641,75.18
355,2023-12-22,2.7050002,25901.204,73.6,32.01,327216.0,58828.845,76.16
356,2023-12-23,2.805,24462.43400000001,76.12,31.42,313771.0,54921.05799999999,
357,2023-12-24,2.155,22977.50100000001,116.7,31.61,261773.0,61480.714,
358,2023-12-25,0.45499998,21577.842,123.62,33.22,383614.0,67322.46399999999,
359,2023-12-26,-0.395,21206.651,142.75,34.04,445881.0,67133.474,76.16
360,2023-12-27,0.705,23453.532,116.48,33.91,348344.0,75959.208,77.23
361,2023-12-28,-0.745,23857.552,138.73,33.93,388716.0,75348.71200000001,77.43
362,2023-12-29,1.155,24005.795,145.82,32.23,398840.0,73638.117,77.55
363,2023-12-30,2.305,23826.041,129.25,31.42,263012.0,74538.604,
364,2023-12-31,3.7050002,22967.42200000001,53.87,31.08,263163.0,70107.883,
365,2024-01-01,4.055,21674.597,123.83,31.4,273998.0,52995.168,77.55
366,2024-01-02,3.105,21311.674,91.46,32.02,307717.0,42080.001,73.4
367,2024-01-03,9.555,24609.574,43.14,30.95,311692.0,66986.385,74.8
368,2024-01-04,7.2549996,24688.146,133.92,31.97,345113.0,71558.79500000001,73.24
369,2024-01-05,7.4049997,24710.861,134.1,32.83,319264.0,-41408.748,73.77
370,2024-01-06,4.9049997,24268.339,101.88,33.68,279477.0,-71357.656,
371,2024-01-07,0.85499996,23626.667,134.61,34.81,331319.0,-45243.702,
372,2024-01-08,0.105000004,24241.497,130.53,34.66,665246.0,-3874.1600000000017,69.92
373,2024-01-09,3.405,26800.535,135.73,31.98,783164.0,14124.809,69.47
374,2024-01-10,4.0049996,26975.379,129.7,31.05,702906.0,-17711.400999999998,67.55
375,2024-01-11,3.655,26882.07000000001,129.37,30.68,544705.0,-29730.562,65.58
376,2024-01-12,-0.29500002,27539.75,126.02,30.42,548058.0,-29433.939,63.55
377,2024-01-13,0.305,27523.005,134.36,31.42,392601.0,-40099.525,
378,2024-01-14,2.905,25132.155,135.87,31.18,364919.0,-54606.657,
379,2024-01-15,9.155001,24000.30800000001,123.87,30.64,400502.0,-19218.925000000003,64.97
380,2024-01-16,12.6050005,25742.153,128.85,29.3,349369.0,-43448.723,63.32
381,2024-01-17,11.005,25905.135,62.31,28.07,359201.0,-50984.42500000001,60.91
382,2024-01-18,9.905001,25472.08300000001,40.13,27.12,354719.0,-27407.986999999983,60.76
383,2024-01-19,8.8550005,25715.98300000001,117.01,27.54,333648.0,-32139.092000000004,61.38
384,2024-01-20,5.455,26442.987,118.63,27.76,353584.0,-7891.38,
385,2024-01-21,3.255,24575.862,116.2,27.67,330528.0,14337.151000000003,
386,2024-01-22,3.605,24031.78700000001,93.18,27.72,401261.0,11072.426999999998,59.83
387,2024-01-23,3.9550002,25735.774,100.96,26.91,470024.0,8859.437000000002,60.83
388,2024-01-24,5.555,25622.0,126.48,26.77,577386.0,42285.438,63.52
389,2024-01-25,6.355,25591.096,103.56,27.85,502095.0,5955.779000000002,60.99
390,2024-01-26,6.7549996,25195.06,107.35,27.06,453025.0,34405.399000000005,61.38
391,2024-01-27,7.1549997,24834.061,112.2,26.84,383475.0,2099.431999999997,
392,2024-01-28,6.6549997,22770.113,113.1,26.85,417587.0,-27381.248000000003,
393,2024-01-29,7.305,22478.589,90.22,27.45,397830.0,4538.117000000002,59.6
394,2024-01-30,6.055,24807.363,114.35,27.84,447571.0,16992.340000000004,61.54
395,2024-01-31,5.055,25172.768,114.97,28.81,432879.0,-7970.749,62.16
396,2024-02-01,5.455,25409.06400000001,111.88,28.94,419610.0,-8358.254999999997,60.28
397,2024-02-02,5.205,25639.176,104.92,28.08,360096.0,-25645.257,61.42
398,2024-02-03,5.2549996,25419.514,99.9,28.23,249456.0,43249.529,
399,2024-02-04,4.2549996,23246.043,117.07,28.61,302222.0,67354.02,
400,2024-02-05,4.9049997,23052.83,116.09,29.03,434956.0,54249.562000000005,60.7
401,2024-02-06,6.1549997,25160.566,114.22,27.93,348138.0,65062.13899999999,61.56
402,2024-02-07,6.705,25184.113,83.94,27.61,335906.0,-21371.471,60.42
403,2024-02-08,9.005,25527.343,92.94,27.29,266960.0,-50903.706,58.83
404,2024-02-09,8.205,25536.776,61.53,27.02,258948.0,-34180.274999999994,56.91
405,2024-02-10,6.9049997,25516.853,75.11,26.27,250350.0,-62024.87899999999,
406,2024-02-11,3.2050002,23797.52,78.98,26.37,221222.0,-61387.385,
407,2024-02-12,5.4049997,23583.82000000001,83.07,26.11,278324.0,-53678.48500000001,55.05
408,2024-02-13,9.655001,24779.845,94.36,25.55,259399.0,-27012.736,54.63
409,2024-02-14,8.705,24794.949,105.19,25.08,296604.0,-30112.325,54.83
410,2024-02-15,9.905001,24712.05700000001,94.39,24.58,280184.0,-40619.335,56.07
411,2024-02-16,9.305,24926.318,95.02,24.66,290326.0,-51460.23799999999,55.34
412,2024-02-17,5.705,24860.26300000001,91.51,24.5,253656.0,-55828.40899999999,
413,2024-02-18,4.4049997,22367.252,109.8,24.47,262945.0,-21431.061,
414,2024-02-19,6.055,22291.073,93.15,24.01,334303.0,-56244.76499999999,51.8
415,2024-02-20,6.355,24485.739,86.57,23.67,305288.0,-43308.145,52.56
416,2024-02-21,6.105,24374.281,99.42,23.7,308843.0,-42978.708000000006,52.8
417,2024-02-22,10.205,24795.627,70.99,23.53,275791.0,-60945.97299999999,51.03
418,2024-02-23,5.9049997,25067.05700000001,51.91,22.93,263337.0,-46930.568999999996,50.52
419,2024-02-24,3.305,25437.15,51.62,22.64,256920.0,-67510.282,
420,2024-02-25,5.4049997,23415.246,53.34,23.07,291869.0,-57730.16,
421,2024-02-26,9.805,22959.214,50.65,23.21,304816.0,-55418.70300000001,52.21
422,2024-02-27,4.605,25434.143,48.08,23.66,343756.0,-50442.749,54.01
423,2024-02-28,3.005,25918.57800000001,49.96,24.39,392188.0,-56137.44000000001,56.07
424,2024-02-29,3.005,25534.985,62.16,24.64,328990.0,-53005.33800000001,54.27
425,2024-03-01,3.655,25822.226,51.08,24.65,311529.0,-55180.09900000001,54.64
426,2024-03-02,5.6549997,25739.86,45.63,24.9,261631.0,-50842.083000000006,
427,2024-03-03,3.355,23841.93400000001,48.4,24.97,262697.0,-56869.586,
428,2024-03-04,3.905,23632.409,53.57,25.2,297944.0,-20631.835,55.2
429,2024-03-05,4.7549996,25577.232,42.99,26.34,437375.0,-8448.670999999998,58.63
430,2024-03-06,3.005,25542.37800000001,114.31,27.36,441144.0,-7384.830000000002,57.36
431,2024-03-07,7.9549994,25561.553,59.65,26.81,351544.0,-16341.478000000005,57.26
432,2024-03-08,4.205,25894.701,50.45,26.1,318652.0,-16680.916,56.53
433,2024-03-09,7.205,26149.475,44.98,26.48,244245.0,-15790.713000000002,
434,2024-03-10,4.5049996,24138.51,49.34,26.58,251690.0,-18607.463,
435,2024-03-11,6.455,23535.141,45.16,26.23,321764.0,-14314.044999999998,54.42
436,2024-03-12,4.705,25105.33700000001,77.04,25.11,425565.0,-2553.0819999999985,54.75
437,2024-03-13,5.1549997,25272.26400000001,100.98,24.93,330720.0,-4620.823,54.29
438,2024-03-14,7.5049996,25543.343,81.38,25.06,346826.0,-11202.413999999999,56.66
439,2024-03-15,8.155001,25313.152,78.74,25.69,406083.0,307.76300000000083,57.56
440,2024-03-16,8.555,24868.906,95.41,26.93,262046.0,-43297.6,
441,2024-03-17,10.155001,22436.391,93.35,27.23,264021.0,-48247.91,
442,2024-03-18,11.005,22197.037,114.3,28.15,387727.0,-22441.006000000005,59.56
443,2024-03-19,12.055,23463.685,111.19,28.66,388507.0,-29068.967,59
444,2024-03-20,13.655001,23194.713,115.61,28.58,339023.0,-38357.633,58.8
445,2024-03-21,12.005,24034.619,80.28,27.83,366439.0,-50741.769,57.28
446,2024-03-22,12.905001,24283.325,75.6,27.13,333339.0,-36722.34699999999,59.66
447,2024-03-23,14.555,23974.963,63.18,27.26,305808.0,-48951.04900000002,
448,2024-03-24,12.705,21741.254,60.89,26.98,367022.0,-45673.104,
449,2024-03-25,13.955,21721.512,97.48,27.65,317636.0,-54561.445,63.08
450,2024-03-26,8.755,23931.88,52.03,28.1,297750.0,-60432.81100000001,60.4
451,2024-03-27,4.705,24946.316,51.47,27.61,282805.0,-57822.848,60.58
452,2024-03-28,8.6050005,24006.463,54.84,27.58,287403.0,-59733.46299999999,59.98
453,2024-03-29,11.3550005,22542.269,58.27,27.59,300790.0,-65227.32499999999,
454,2024-03-30,3.305,21891.283,72.47,27.77,291513.0,-53492.491,
455,2024-03-31,6.055,22099.18900000001,64.4,28.0,277500.0,-45242.8,
456,2024-04-01,3.9550002,22486.376,55.34,29.45,444714.0,-55310.318,
457,2024-04-02,5.7549996,23636.531,51.47,28.75,397563.0,-34491.091,57.03
458,2024-04-03,8.455,25094.744,46.9,26.86,359994.0,-39919.350000000006,55.76
459,2024-04-04,8.155001,24414.755,51.81,26.22,310097.0,-31854.43299999999,56.84
460,2024-04-05,11.6050005,24413.338,50.57,26.35,273355.0,-45335.215,58.84
461,2024-04-06,14.655001,24382.638,45.99,26.77,265419.0,-7678.639999999999,
462,2024-04-07,17.205,22190.794,58.49,26.87,268388.0,7284.817999999999,
463,2024-04-08,13.005,22235.881,55.96,26.95,276824.0,-41815.083,61.73
464,2024-04-09,7.105,23720.784,45.52,27.75,235150.0,-13218.889000000005,62.28
465,2024-04-10,6.705,24159.28400000001,54.09,28.41,306545.0,-42190.455,61.12
466,2024-04-11,10.755,23968.95,49.51,28.4,318067.0,-29319.76,66.14
467,2024-04-12,11.3550005,24336.963,72.28,29.74,302954.0,-4864.779999999999,69.58
468,2024-04-13,13.8550005,23756.652,78.35,29.93,345676.0,12759.265,
469,2024-04-14,14.655001,21523.408,62.52,29.92,332370.0,10136.097,
470,2024-04-15,17.105,21710.46600000001,69.71,30.35,371769.0,-19837.516,68.63
471,2024-04-16,15.505,23681.383,57.6,31.36,281018.0,-26879.773,71.59
472,2024-04-17,13.1050005,23839.182,54.1,32.53,301485.0,-57328.465,68.08
473,2024-04-18,11.705,24039.836,52.44,31.37,314255.0,-56877.454999999994,69.57
474,2024-04-19,10.405001,24172.376,60.37,31.85,308047.0,-30647.849999999995,66.94
475,2024-04-20,13.505,23692.262,76.56,30.74,296054.0,-46566.557,
476,2024-04-21,12.6050005,21772.865,66.82,30.58,286686.0,-51176.071,
477,2024-04-22,11.405001,21982.61400000001,65.46,30.33,326124.0,-41141.137,64.54
478,2024-04-23,6.7549996,23922.038,56.17,29.46,248059.0,-56046.89500000001,63.91
479,2024-04-24,8.455,24106.98500000001,70.59,29.02,287825.0,-52884.420000000006,64.71
480,2024-04-25,11.055,24304.773,77.54,29.82,334575.0,-43793.968,66.56
481,2024-04-26,11.155001,24416.517,119.82,29.9,359676.0,-46827.736,65.14
482,2024-04-27,10.305,24240.13300000001,92.61,29.64,246582.0,-41175.953,
483,2024-04-28,7.1549997,22028.16,108.59,29.63,268281.0,33264.799,
484,2024-04-29,8.505,22103.881,103.16,29.43,321431.0,-21107.798,63.79
485,2024-04-30,8.1050005,23301.373,112.91,28.62,364651.0,-10256.617,66.75
486,2024-05-01,10.1050005,22691.6,86.43,29.17,237800.0,-17350.086,66.08
487,2024-05-02,6.205,21421.8,68.15,29.47,247032.0,-12103.174999999997,70.64
488,2024-05-03,7.555,23775.1,79.38,30.55,346999.0,-9798.615000000002,70.16
489,2024-05-04,10.805,24110.5,84.26,30.21,302594.0,-57761.845,
490,2024-05-05,13.905001,22013.4,85.22,30.12,278596.0,-51143.09,
491,2024-05-06,12.655001,21787.2,110.89,30.63,336039.0,-42009.41099999999,71.32
492,2024-05-07,10.155001,23210.6,128.05,30.88,353896.0,-31971.811,69.18
493,2024-05-08,12.1050005,23859.5,76.67,31.0,303719.0,-18021.964,69.89
494,2024-05-09,14.3550005,23757.9,77.38,30.54,365888.0,59213.804,71.41
495,2024-05-10,17.755001,24137.5,91.38,30.85,344426.0,41802.899000000005,70.09
496,2024-05-11,19.005001,23351.90000000001,87.89,30.02,305794.0,44355.568999999996,
497,2024-05-12,16.805,21553.6,89.68,29.96,321054.0,48734.62100000001,
498,2024-05-13,18.255001,21424.8,91.77,29.98,232669.0,16310.181000000002,68.08
499,2024-05-14,16.105,23975.00000000001,60.17,29.6,255862.0,10948.188,68.47
500,2024-05-15,10.955,23920.1,64.53,29.87,255317.0,2361.1000000000004,67.73
501,2024-05-16,10.455,23567.0,99.01,30.16,261697.0,-12141.851,68.37
502,2024-05-17,12.005,24098.3,132.42,30.93,349613.0,15333.637000000002,68.96
503,2024-05-18,11.455,23571.3,119.8,30.98,256426.0,30553.683,
504,2024-05-19,12.055,21474.1,115.67,31.12,258550.0,38226.217,
505,2024-05-20,10.455,21539.5,102.87,31.39,279784.0,55853.976,72.4
506,2024-05-21,11.405001,23455.1,115.64,32.27,323117.0,39041.802,74.4
507,2024-05-22,10.405001,23558.2,115.19,33.21,303606.0,56758.456,74.34
508,2024-05-23,12.205,22952.9,111.98,34.61,336357.0,46015.621999999996,73.93
509,2024-05-24,14.255,23921.1,122.67,35.42,294477.0,32947.617000000006,73.76
510,2024-05-25,17.055,23830.2,146.12,34.72,258368.0,16878.720999999998,
511,2024-05-26,18.605,21626.1,118.63,34.51,258137.0,44043.445,
512,2024-05-27,18.455,21911.40000000001,93.55,34.7,276842.0,28690.393,74.41
513,2024-05-28,18.655,24233.9,84.8,34.57,300249.0,62821.295000000006,72.8
514,2024-05-29,21.655,24440.8,101.41,34.42,273685.0,38836.59399999999,72.13
515,2024-05-30,23.155,25060.0,101.99,34.32,258777.0,12272.640999999998,73.74
516,2024-05-31,19.655,25220.0,61.17,34.89,246972.0,-35518.81,72.38
