Date,Electricity_Demand,Electricity_Demand_lag1,Electricity_Demand_lag2,Electricity_Demand_lag3,Electricity_Demand_lag4,Electricity_Demand_lag5,Electricity_Demand_lag6,Electricity_Demand_lag7,Electricity_Demand_lag8,Electricity_Demand_lag9,Electricity_Demand_lag10,Electricity_Demand_lag11,Electricity_Demand_lag12,Electricity_Demand_lag13,Electricity_Demand_lag14,Electricity_Demand_lag15
2023-01-16,25055.64200000001,19595.29200000001,22111.045,25566.19600000001,25518.506,25080.6,25059.93499999999,23289.007,19069.046,19856.62800000001,19083.957,23127.31399999999,23220.231,22564.525,19598.72,16139.166
2023-01-17,25681.562,25055.64200000001,19595.29200000001,22111.045,25566.19600000001,25518.506,25080.6,25059.93499999999,23289.007,19069.046,19856.62800000001,19083.957,23127.31399999999,23220.231,22564.525,19598.72
2023-01-18,26305.814,25681.562,25055.64200000001,19595.29200000001,22111.045,25566.19600000001,25518.506,25080.6,25059.93499999999,23289.007,19069.046,19856.62800000001,19083.957,23127.31399999999,23220.231,22564.525
2023-01-19,26787.41900000001,26305.814,25681.562,25055.64200000001,19595.29200000001,22111.045,25566.19600000001,25518.506,25080.6,25059.93499999999,23289.007,19069.046,19856.62800000001,19083.957,23127.31399999999,23220.231
2023-01-20,26480.463,26787.41900000001,26305.814,25681.562,25055.64200000001,19595.29200000001,22111.045,25566.19600000001,25518.506,25080.6,25059.93499999999,23289.007,19069.046,19856.62800000001,19083.957,23127.31399999999
2023-01-21,22259.497,26480.463,26787.41900000001,26305.814,25681.562,25055.64200000001,19595.29200000001,22111.045,25566.19600000001,25518.506,25080.6,25059.93499999999,23289.007,19069.046,19856.62800000001,19083.957
2023-01-22,20733.239,22259.497,26480.463,26787.41900000001,26305.814,25681.562,25055.64200000001,19595.29200000001,22111.045,25566.19600000001,25518.506,25080.6,25059.93499999999,23289.007,19069.046,19856.62800000001
2023-01-23,25926.744,20733.239,22259.497,26480.463,26787.41900000001,26305.814,25681.562,25055.64200000001,19595.29200000001,22111.045,25566.19600000001,25518.506,25080.6,25059.93499999999,23289.007,19069.046
2023-01-24,27222.28,25926.744,20733.239,22259.497,26480.463,26787.41900000001,26305.814,25681.562,25055.64200000001,19595.29200000001,22111.045,25566.19600000001,25518.506,25080.6,25059.93499999999,23289.007
2023-01-25,27502.949,27222.28,25926.744,20733.239,22259.497,26480.463,26787.41900000001,26305.814,25681.562,25055.64200000001,19595.29200000001,22111.045,25566.19600000001,25518.506,25080.6,25059.93499999999
2023-01-26,27511.999,27502.949,27222.28,25926.744,20733.239,22259.497,26480.463,26787.41900000001,26305.814,25681.562,25055.64200000001,19595.29200000001,22111.045,25566.19600000001,25518.506,25080.6
2023-01-27,27644.61900000001,27511.999,27502.949,27222.28,25926.744,20733.239,22259.497,26480.463,26787.41900000001,26305.814,25681.562,25055.64200000001,19595.29200000001,22111.045,25566.19600000001,25518.506
2023-01-28,23169.859,27644.61900000001,27511.999,27502.949,27222.28,25926.744,20733.239,22259.497,26480.463,26787.41900000001,26305.814,25681.562,25055.64200000001,19595.29200000001,22111.045,25566.19600000001
2023-01-29,21436.658,23169.859,27644.61900000001,27511.999,27502.949,27222.28,25926.744,20733.239,22259.497,26480.463,26787.41900000001,26305.814,25681.562,25055.64200000001,19595.29200000001,22111.045
2023-01-30,26605.678,21436.658,23169.859,27644.61900000001,27511.999,27502.949,27222.28,25926.744,20733.239,22259.497,26480.463,26787.41900000001,26305.814,25681.562,25055.64200000001,19595.29200000001
2023-01-31,27522.288,26605.678,21436.658,23169.859,27644.61900000001,27511.999,27502.949,27222.28,25926.744,20733.239,22259.497,26480.463,26787.41900000001,26305.814,25681.562,25055.64200000001
2023-02-01,27663.64200000001,27522.288,26605.678,21436.658,23169.859,27644.61900000001,27511.999,27502.949,27222.28,25926.744,20733.239,22259.497,26480.463,26787.41900000001,26305.814,25681.562
2023-02-02,27602.743,27663.64200000001,27522.288,26605.678,21436.658,23169.859,27644.61900000001,27511.999,27502.949,27222.28,25926.744,20733.239,22259.497,26480.463,26787.41900000001,26305.814
2023-02-03,27340.58,27602.743,27663.64200000001,27522.288,26605.678,21436.658,23169.859,27644.61900000001,27511.999,27502.949,27222.28,25926.744,20733.239,22259.497,26480.463,26787.41900000001
2023-02-04,22922.063,27340.58,27602.743,27663.64200000001,27522.288,26605.678,21436.658,23169.859,27644.61900000001,27511.999,27502.949,27222.28,25926.744,20733.239,22259.497,26480.463
2023-02-05,20934.952,22922.063,27340.58,27602.743,27663.64200000001,27522.288,26605.678,21436.658,23169.859,27644.61900000001,27511.999,27502.949,27222.28,25926.744,20733.239,22259.497
2023-02-06,25851.87400000001,20934.952,22922.063,27340.58,27602.743,27663.64200000001,27522.288,26605.678,21436.658,23169.859,27644.61900000001,27511.999,27502.949,27222.28,25926.744,20733.239
2023-02-07,26849.258,25851.87400000001,20934.952,22922.063,27340.58,27602.743,27663.64200000001,27522.288,26605.678,21436.658,23169.859,27644.61900000001,27511.999,27502.949,27222.28,25926.744
2023-02-08,27320.739,26849.258,25851.87400000001,20934.952,22922.063,27340.58,27602.743,27663.64200000001,27522.288,26605.678,21436.658,23169.859,27644.61900000001,27511.999,27502.949,27222.28
2023-02-09,27235.288,27320.739,26849.258,25851.87400000001,20934.952,22922.063,27340.58,27602.743,27663.64200000001,27522.288,26605.678,21436.658,23169.859,27644.61900000001,27511.999,27502.949
2023-02-10,27635.46200000001,27235.288,27320.739,26849.258,25851.87400000001,20934.952,22922.063,27340.58,27602.743,27663.64200000001,27522.288,26605.678,21436.658,23169.859,27644.61900000001,27511.999
2023-02-11,23091.742,27635.46200000001,27235.288,27320.739,26849.258,25851.87400000001,20934.952,22922.063,27340.58,27602.743,27663.64200000001,27522.288,26605.678,21436.658,23169.859,27644.61900000001
2023-02-12,21170.608,23091.742,27635.46200000001,27235.288,27320.739,26849.258,25851.87400000001,20934.952,22922.063,27340.58,27602.743,27663.64200000001,27522.288,26605.678,21436.658,23169.859
2023-02-13,26131.10400000001,21170.608,23091.742,27635.46200000001,27235.288,27320.739,26849.258,25851.87400000001,20934.952,22922.063,27340.58,27602.743,27663.64200000001,27522.288,26605.678,21436.658
2023-02-14,26671.699,26131.10400000001,21170.608,23091.742,27635.46200000001,27235.288,27320.739,26849.258,25851.87400000001,20934.952,22922.063,27340.58,27602.743,27663.64200000001,27522.288,26605.678
2023-02-15,26675.55200000001,26671.699,26131.10400000001,21170.608,23091.742,27635.46200000001,27235.288,27320.739,26849.258,25851.87400000001,20934.952,22922.063,27340.58,27602.743,27663.64200000001,27522.288
2023-02-16,26817.284,26675.55200000001,26671.699,26131.10400000001,21170.608,23091.742,27635.46200000001,27235.288,27320.739,26849.258,25851.87400000001,20934.952,22922.063,27340.58,27602.743,27663.64200000001
2023-02-17,26709.448,26817.284,26675.55200000001,26671.699,26131.10400000001,21170.608,23091.742,27635.46200000001,27235.288,27320.739,26849.258,25851.87400000001,20934.952,22922.063,27340.58,27602.743
2023-02-18,22192.295,26709.448,26817.284,26675.55200000001,26671.699,26131.10400000001,21170.608,23091.742,27635.46200000001,27235.288,27320.739,26849.258,25851.87400000001,20934.952,22922.063,27340.58
2023-02-19,20166.281,22192.295,26709.448,26817.284,26675.55200000001,26671.699,26131.10400000001,21170.608,23091.742,27635.46200000001,27235.288,27320.739,26849.258,25851.87400000001,20934.952,22922.063
2023-02-20,24168.40100000001,20166.281,22192.295,26709.448,26817.284,26675.55200000001,26671.699,26131.10400000001,21170.608,23091.742,27635.46200000001,27235.288,27320.739,26849.258,25851.87400000001,20934.952
2023-02-21,25133.52200000001,24168.40100000001,20166.281,22192.295,26709.448,26817.284,26675.55200000001,26671.699,26131.10400000001,21170.608,23091.742,27635.46200000001,27235.288,27320.739,26849.258,25851.87400000001
2023-02-22,25539.12800000001,25133.52200000001,24168.40100000001,20166.281,22192.295,26709.448,26817.284,26675.55200000001,26671.699,26131.10400000001,21170.608,23091.742,27635.46200000001,27235.288,27320.739,26849.258
2023-02-23,25752.526,25539.12800000001,25133.52200000001,24168.40100000001,20166.281,22192.295,26709.448,26817.284,26675.55200000001,26671.699,26131.10400000001,21170.608,23091.742,27635.46200000001,27235.288,27320.739
2023-02-24,26190.909,25752.526,25539.12800000001,25133.52200000001,24168.40100000001,20166.281,22192.295,26709.448,26817.284,26675.55200000001,26671.699,26131.10400000001,21170.608,23091.742,27635.46200000001,27235.288
2023-02-25,22368.881,26190.909,25752.526,25539.12800000001,25133.52200000001,24168.40100000001,20166.281,22192.295,26709.448,26817.284,26675.55200000001,26671.699,26131.10400000001,21170.608,23091.742,27635.46200000001
2023-02-26,20742.53,22368.881,26190.909,25752.526,25539.12800000001,25133.52200000001,24168.40100000001,20166.281,22192.295,26709.448,26817.284,26675.55200000001,26671.699,26131.10400000001,21170.608,23091.742
2023-02-27,25598.348,20742.53,22368.881,26190.909,25752.526,25539.12800000001,25133.52200000001,24168.40100000001,20166.281,22192.295,26709.448,26817.284,26675.55200000001,26671.699,26131.10400000001,21170.608
2023-02-28,26900.41400000001,25598.348,20742.53,22368.881,26190.909,25752.526,25539.12800000001,25133.52200000001,24168.40100000001,20166.281,22192.295,26709.448,26817.284,26675.55200000001,26671.699,26131.10400000001
2023-03-01,27491.577,26900.41400000001,25598.348,20742.53,22368.881,26190.909,25752.526,25539.12800000001,25133.52200000001,24168.40100000001,20166.281,22192.295,26709.448,26817.284,26675.55200000001,26671.699
2023-03-02,27654.398,27491.577,26900.41400000001,25598.348,20742.53,22368.881,26190.909,25752.526,25539.12800000001,25133.52200000001,24168.40100000001,20166.281,22192.295,26709.448,26817.284,26675.55200000001
2023-03-03,27403.09000000001,27654.398,27491.577,26900.41400000001,25598.348,20742.53,22368.881,26190.909,25752.526,25539.12800000001,25133.52200000001,24168.40100000001,20166.281,22192.295,26709.448,26817.284
2023-03-04,22891.322,27403.09000000001,27654.398,27491.577,26900.41400000001,25598.348,20742.53,22368.881,26190.909,25752.526,25539.12800000001,25133.52200000001,24168.40100000001,20166.281,22192.295,26709.448
2023-03-05,20804.082,22891.322,27403.09000000001,27654.398,27491.577,26900.41400000001,25598.348,20742.53,22368.881,26190.909,25752.526,25539.12800000001,25133.52200000001,24168.40100000001,20166.281,22192.295
2023-03-06,25478.161,20804.082,22891.322,27403.09000000001,27654.398,27491.577,26900.41400000001,25598.348,20742.53,22368.881,26190.909,25752.526,25539.12800000001,25133.52200000001,24168.40100000001,20166.281
2023-03-07,25873.26,25478.161,20804.082,22891.322,27403.09000000001,27654.398,27491.577,26900.41400000001,25598.348,20742.53,22368.881,26190.909,25752.526,25539.12800000001,25133.52200000001,24168.40100000001
2023-03-08,25849.91,25873.26,25478.161,20804.082,22891.322,27403.09000000001,27654.398,27491.577,26900.41400000001,25598.348,20742.53,22368.881,26190.909,25752.526,25539.12800000001,25133.52200000001
2023-03-09,25262.251,25849.91,25873.26,25478.161,20804.082,22891.322,27403.09000000001,27654.398,27491.577,26900.41400000001,25598.348,20742.53,22368.881,26190.909,25752.526,25539.12800000001
2023-03-10,25338.38600000001,25262.251,25849.91,25873.26,25478.161,20804.082,22891.322,27403.09000000001,27654.398,27491.577,26900.41400000001,25598.348,20742.53,22368.881,26190.909,25752.526
2023-03-11,21169.508,25338.38600000001,25262.251,25849.91,25873.26,25478.161,20804.082,22891.322,27403.09000000001,27654.398,27491.577,26900.41400000001,25598.348,20742.53,22368.881,26190.909
2023-03-12,19063.755,21169.508,25338.38600000001,25262.251,25849.91,25873.26,25478.161,20804.082,22891.322,27403.09000000001,27654.398,27491.577,26900.41400000001,25598.348,20742.53,22368.881
2023-03-13,23421.728,19063.755,21169.508,25338.38600000001,25262.251,25849.91,25873.26,25478.161,20804.082,22891.322,27403.09000000001,27654.398,27491.577,26900.41400000001,25598.348,20742.53
2023-03-14,24318.14400000001,23421.728,19063.755,21169.508,25338.38600000001,25262.251,25849.91,25873.26,25478.161,20804.082,22891.322,27403.09000000001,27654.398,27491.577,26900.41400000001,25598.348
2023-03-15,24646.356,24318.14400000001,23421.728,19063.755,21169.508,25338.38600000001,25262.251,25849.91,25873.26,25478.161,20804.082,22891.322,27403.09000000001,27654.398,27491.577,26900.41400000001
2023-03-16,24486.248,24646.356,24318.14400000001,23421.728,19063.755,21169.508,25338.38600000001,25262.251,25849.91,25873.26,25478.161,20804.082,22891.322,27403.09000000001,27654.398,27491.577
2023-03-17,24457.13000000001,24486.248,24646.356,24318.14400000001,23421.728,19063.755,21169.508,25338.38600000001,25262.251,25849.91,25873.26,25478.161,20804.082,22891.322,27403.09000000001,27654.398
2023-03-18,20903.214,24457.13000000001,24486.248,24646.356,24318.14400000001,23421.728,19063.755,21169.508,25338.38600000001,25262.251,25849.91,25873.26,25478.161,20804.082,22891.322,27403.09000000001
2023-03-19,18925.14,20903.214,24457.13000000001,24486.248,24646.356,24318.14400000001,23421.728,19063.755,21169.508,25338.38600000001,25262.251,25849.91,25873.26,25478.161,20804.082,22891.322
2023-03-20,23005.411,18925.14,20903.214,24457.13000000001,24486.248,24646.356,24318.14400000001,23421.728,19063.755,21169.508,25338.38600000001,25262.251,25849.91,25873.26,25478.161,20804.082
2023-03-21,24353.23200000001,23005.411,18925.14,20903.214,24457.13000000001,24486.248,24646.356,24318.14400000001,23421.728,19063.755,21169.508,25338.38600000001,25262.251,25849.91,25873.26,25478.161
2023-03-22,24413.861,24353.23200000001,23005.411,18925.14,20903.214,24457.13000000001,24486.248,24646.356,24318.14400000001,23421.728,19063.755,21169.508,25338.38600000001,25262.251,25849.91,25873.26
2023-03-23,24177.75700000001,24413.861,24353.23200000001,23005.411,18925.14,20903.214,24457.13000000001,24486.248,24646.356,24318.14400000001,23421.728,19063.755,21169.508,25338.38600000001,25262.251,25849.91
2023-03-24,24225.515,24177.75700000001,24413.861,24353.23200000001,23005.411,18925.14,20903.214,24457.13000000001,24486.248,24646.356,24318.14400000001,23421.728,19063.755,21169.508,25338.38600000001,25262.251
2023-03-25,20894.352,24225.515,24177.75700000001,24413.861,24353.23200000001,23005.411,18925.14,20903.214,24457.13000000001,24486.248,24646.356,24318.14400000001,23421.728,19063.755,21169.508,25338.38600000001
2023-03-26,18860.544,20894.352,24225.515,24177.75700000001,24413.861,24353.23200000001,23005.411,18925.14,20903.214,24457.13000000001,24486.248,24646.356,24318.14400000001,23421.728,19063.755,21169.508
2023-03-27,23150.792,18860.544,20894.352,24225.515,24177.75700000001,24413.861,24353.23200000001,23005.411,18925.14,20903.214,24457.13000000001,24486.248,24646.356,24318.14400000001,23421.728,19063.755
2023-03-28,23764.334,23150.792,18860.544,20894.352,24225.515,24177.75700000001,24413.861,24353.23200000001,23005.411,18925.14,20903.214,24457.13000000001,24486.248,24646.356,24318.14400000001,23421.728
2023-03-29,23975.479,23764.334,23150.792,18860.544,20894.352,24225.515,24177.75700000001,24413.861,24353.23200000001,23005.411,18925.14,20903.214,24457.13000000001,24486.248,24646.356,24318.14400000001
2023-03-30,24108.952,23975.479,23764.334,23150.792,18860.544,20894.352,24225.515,24177.75700000001,24413.861,24353.23200000001,23005.411,18925.14,20903.214,24457.13000000001,24486.248,24646.356
2023-03-31,24346.61500000001,24108.952,23975.479,23764.334,23150.792,18860.544,20894.352,24225.515,24177.75700000001,24413.861,24353.23200000001,23005.411,18925.14,20903.214,24457.13000000001,24486.248
2023-04-01,20486.828,24346.61500000001,24108.952,23975.479,23764.334,23150.792,18860.544,20894.352,24225.515,24177.75700000001,24413.861,24353.23200000001,23005.411,18925.14,20903.214,24457.13000000001
2023-04-02,18945.028,20486.828,24346.61500000001,24108.952,23975.479,23764.334,23150.792,18860.544,20894.352,24225.515,24177.75700000001,24413.861,24353.23200000001,23005.411,18925.14,20903.214
2023-04-03,22873.278,18945.028,20486.828,24346.61500000001,24108.952,23975.479,23764.334,23150.792,18860.544,20894.352,24225.515,24177.75700000001,24413.861,24353.23200000001,23005.411,18925.14
2023-04-04,23615.342,22873.278,18945.028,20486.828,24346.61500000001,24108.952,23975.479,23764.334,23150.792,18860.544,20894.352,24225.515,24177.75700000001,24413.861,24353.23200000001,23005.411
2023-04-05,23393.614,23615.342,22873.278,18945.028,20486.828,24346.61500000001,24108.952,23975.479,23764.334,23150.792,18860.544,20894.352,24225.515,24177.75700000001,24413.861,24353.23200000001
2023-04-06,20203.516,23393.614,23615.342,22873.278,18945.028,20486.828,24346.61500000001,24108.952,23975.479,23764.334,23150.792,18860.544,20894.352,24225.515,24177.75700000001,24413.861
2023-04-07,18371.279,20203.516,23393.614,23615.342,22873.278,18945.028,20486.828,24346.61500000001,24108.952,23975.479,23764.334,23150.792,18860.544,20894.352,24225.515,24177.75700000001
2023-04-08,18207.51,18371.279,20203.516,23393.614,23615.342,22873.278,18945.028,20486.828,24346.61500000001,24108.952,23975.479,23764.334,23150.792,18860.544,20894.352,24225.515
2023-04-09,17399.342,18207.51,18371.279,20203.516,23393.614,23615.342,22873.278,18945.028,20486.828,24346.61500000001,24108.952,23975.479,23764.334,23150.792,18860.544,20894.352
2023-04-10,19318.904,17399.342,18207.51,18371.279,20203.516,23393.614,23615.342,22873.278,18945.028,20486.828,24346.61500000001,24108.952,23975.479,23764.334,23150.792,18860.544
2023-04-11,22321.113,19318.904,17399.342,18207.51,18371.279,20203.516,23393.614,23615.342,22873.278,18945.028,20486.828,24346.61500000001,24108.952,23975.479,23764.334,23150.792
2023-04-12,23487.98000000001,22321.113,19318.904,17399.342,18207.51,18371.279,20203.516,23393.614,23615.342,22873.278,18945.028,20486.828,24346.61500000001,24108.952,23975.479,23764.334
2023-04-13,23678.46400000001,23487.98000000001,22321.113,19318.904,17399.342,18207.51,18371.279,20203.516,23393.614,23615.342,22873.278,18945.028,20486.828,24346.61500000001,24108.952,23975.479
2023-04-14,23997.213,23678.46400000001,23487.98000000001,22321.113,19318.904,17399.342,18207.51,18371.279,20203.516,23393.614,23615.342,22873.278,18945.028,20486.828,24346.61500000001,24108.952
2023-04-15,20708.69900000001,23997.213,23678.46400000001,23487.98000000001,22321.113,19318.904,17399.342,18207.51,18371.279,20203.516,23393.614,23615.342,22873.278,18945.028,20486.828,24346.61500000001
2023-04-16,18932.816,20708.69900000001,23997.213,23678.46400000001,23487.98000000001,22321.113,19318.904,17399.342,18207.51,18371.279,20203.516,23393.614,23615.342,22873.278,18945.028,20486.828
2023-04-17,22625.124,18932.816,20708.69900000001,23997.213,23678.46400000001,23487.98000000001,22321.113,19318.904,17399.342,18207.51,18371.279,20203.516,23393.614,23615.342,22873.278,18945.028
2023-04-18,23673.594,22625.124,18932.816,20708.69900000001,23997.213,23678.46400000001,23487.98000000001,22321.113,19318.904,17399.342,18207.51,18371.279,20203.516,23393.614,23615.342,22873.278
2023-04-19,23860.703,23673.594,22625.124,18932.816,20708.69900000001,23997.213,23678.46400000001,23487.98000000001,22321.113,19318.904,17399.342,18207.51,18371.279,20203.516,23393.614,23615.342
2023-04-20,23825.752,23860.703,23673.594,22625.124,18932.816,20708.69900000001,23997.213,23678.46400000001,23487.98000000001,22321.113,19318.904,17399.342,18207.51,18371.279,20203.516,23393.614
2023-04-21,23792.49,23825.752,23860.703,23673.594,22625.124,18932.816,20708.69900000001,23997.213,23678.46400000001,23487.98000000001,22321.113,19318.904,17399.342,18207.51,18371.279,20203.516
2023-04-22,20644.941,23792.49,23825.752,23860.703,23673.594,22625.124,18932.816,20708.69900000001,23997.213,23678.46400000001,23487.98000000001,22321.113,19318.904,17399.342,18207.51,18371.279
2023-04-23,18844.104,20644.941,23792.49,23825.752,23860.703,23673.594,22625.124,18932.816,20708.69900000001,23997.213,23678.46400000001,23487.98000000001,22321.113,19318.904,17399.342,18207.51
2023-04-24,22368.754,18844.104,20644.941,23792.49,23825.752,23860.703,23673.594,22625.124,18932.816,20708.69900000001,23997.213,23678.46400000001,23487.98000000001,22321.113,19318.904,17399.342
2023-04-25,23645.395,22368.754,18844.104,20644.941,23792.49,23825.752,23860.703,23673.594,22625.124,18932.816,20708.69900000001,23997.213,23678.46400000001,23487.98000000001,22321.113,19318.904
2023-04-26,23709.474,23645.395,22368.754,18844.104,20644.941,23792.49,23825.752,23860.703,23673.594,22625.124,18932.816,20708.69900000001,23997.213,23678.46400000001,23487.98000000001,22321.113
2023-04-27,23821.80000000001,23709.474,23645.395,22368.754,18844.104,20644.941,23792.49,23825.752,23860.703,23673.594,22625.124,18932.816,20708.69900000001,23997.213,23678.46400000001,23487.98000000001
2023-04-28,23677.97,23821.80000000001,23709.474,23645.395,22368.754,18844.104,20644.941,23792.49,23825.752,23860.703,23673.594,22625.124,18932.816,20708.69900000001,23997.213,23678.46400000001
2023-04-29,20431.424,23677.97,23821.80000000001,23709.474,23645.395,22368.754,18844.104,20644.941,23792.49,23825.752,23860.703,23673.594,22625.124,18932.816,20708.69900000001,23997.213
2023-04-30,18890.583,20431.424,23677.97,23821.80000000001,23709.474,23645.395,22368.754,18844.104,20644.941,23792.49,23825.752,23860.703,23673.594,22625.124,18932.816,20708.69900000001
2023-05-01,18055.923,18890.583,20431.424,23677.97,23821.80000000001,23709.474,23645.395,22368.754,18844.104,20644.941,23792.49,23825.752,23860.703,23673.594,22625.124,18932.816
2023-05-02,21511.90600000001,18055.923,18890.583,20431.424,23677.97,23821.80000000001,23709.474,23645.395,22368.754,18844.104,20644.941,23792.49,23825.752,23860.703,23673.594,22625.124
2023-05-03,23346.57,21511.90600000001,18055.923,18890.583,20431.424,23677.97,23821.80000000001,23709.474,23645.395,22368.754,18844.104,20644.941,23792.49,23825.752,23860.703,23673.594
2023-05-04,23986.633,23346.57,21511.90600000001,18055.923,18890.583,20431.424,23677.97,23821.80000000001,23709.474,23645.395,22368.754,18844.104,20644.941,23792.49,23825.752,23860.703
2023-05-05,23902.584,23986.633,23346.57,21511.90600000001,18055.923,18890.583,20431.424,23677.97,23821.80000000001,23709.474,23645.395,22368.754,18844.104,20644.941,23792.49,23825.752
2023-05-06,20672.023,23902.584,23986.633,23346.57,21511.90600000001,18055.923,18890.583,20431.424,23677.97,23821.80000000001,23709.474,23645.395,22368.754,18844.104,20644.941,23792.49
2023-05-07,18629.601,20672.023,23902.584,23986.633,23346.57,21511.90600000001,18055.923,18890.583,20431.424,23677.97,23821.80000000001,23709.474,23645.395,22368.754,18844.104,20644.941
2023-05-08,22424.885,18629.601,20672.023,23902.584,23986.633,23346.57,21511.90600000001,18055.923,18890.583,20431.424,23677.97,23821.80000000001,23709.474,23645.395,22368.754,18844.104
2023-05-09,23414.016,22424.885,18629.601,20672.023,23902.584,23986.633,23346.57,21511.90600000001,18055.923,18890.583,20431.424,23677.97,23821.80000000001,23709.474,23645.395,22368.754
2023-05-10,23693.65,23414.016,22424.885,18629.601,20672.023,23902.584,23986.633,23346.57,21511.90600000001,18055.923,18890.583,20431.424,23677.97,23821.80000000001,23709.474,23645.395
2023-05-11,23430.43400000001,23693.65,23414.016,22424.885,18629.601,20672.023,23902.584,23986.633,23346.57,21511.90600000001,18055.923,18890.583,20431.424,23677.97,23821.80000000001,23709.474
2023-05-12,23594.02100000001,23430.43400000001,23693.65,23414.016,22424.885,18629.601,20672.023,23902.584,23986.633,23346.57,21511.90600000001,18055.923,18890.583,20431.424,23677.97,23821.80000000001
2023-05-13,20462.746,23594.02100000001,23430.43400000001,23693.65,23414.016,22424.885,18629.601,20672.023,23902.584,23986.633,23346.57,21511.90600000001,18055.923,18890.583,20431.424,23677.97
2023-05-14,18595.935,20462.746,23594.02100000001,23430.43400000001,23693.65,23414.016,22424.885,18629.601,20672.023,23902.584,23986.633,23346.57,21511.90600000001,18055.923,18890.583,20431.424
2023-05-15,22108.65800000001,18595.935,20462.746,23594.02100000001,23430.43400000001,23693.65,23414.016,22424.885,18629.601,20672.023,23902.584,23986.633,23346.57,21511.90600000001,18055.923,18890.583
2023-05-16,23422.925,22108.65800000001,18595.935,20462.746,23594.02100000001,23430.43400000001,23693.65,23414.016,22424.885,18629.601,20672.023,23902.584,23986.633,23346.57,21511.90600000001,18055.923
2023-05-17,23197.358,23422.925,22108.65800000001,18595.935,20462.746,23594.02100000001,23430.43400000001,23693.65,23414.016,22424.885,18629.601,20672.023,23902.584,23986.633,23346.57,21511.90600000001
2023-05-18,23518.04,23197.358,23422.925,22108.65800000001,18595.935,20462.746,23594.02100000001,23430.43400000001,23693.65,23414.016,22424.885,18629.601,20672.023,23902.584,23986.633,23346.57
2023-05-19,23348.282,23518.04,23197.358,23422.925,22108.65800000001,18595.935,20462.746,23594.02100000001,23430.43400000001,23693.65,23414.016,22424.885,18629.601,20672.023,23902.584,23986.633
2023-05-20,19977.282,23348.282,23518.04,23197.358,23422.925,22108.65800000001,18595.935,20462.746,23594.02100000001,23430.43400000001,23693.65,23414.016,22424.885,18629.601,20672.023,23902.584
2023-05-21,18092.14500000001,19977.282,23348.282,23518.04,23197.358,23422.925,22108.65800000001,18595.935,20462.746,23594.02100000001,23430.43400000001,23693.65,23414.016,22424.885,18629.601,20672.023
2023-05-22,22019.636,18092.14500000001,19977.282,23348.282,23518.04,23197.358,23422.925,22108.65800000001,18595.935,20462.746,23594.02100000001,23430.43400000001,23693.65,23414.016,22424.885,18629.601
2023-05-23,22934.15,22019.636,18092.14500000001,19977.282,23348.282,23518.04,23197.358,23422.925,22108.65800000001,18595.935,20462.746,23594.02100000001,23430.43400000001,23693.65,23414.016,22424.885
2023-05-24,22840.18,22934.15,22019.636,18092.14500000001,19977.282,23348.282,23518.04,23197.358,23422.925,22108.65800000001,18595.935,20462.746,23594.02100000001,23430.43400000001,23693.65,23414.016
2023-05-25,22914.59000000001,22840.18,22934.15,22019.636,18092.14500000001,19977.282,23348.282,23518.04,23197.358,23422.925,22108.65800000001,18595.935,20462.746,23594.02100000001,23430.43400000001,23693.65
2023-05-26,22622.265,22914.59000000001,22840.18,22934.15,22019.636,18092.14500000001,19977.282,23348.282,23518.04,23197.358,23422.925,22108.65800000001,18595.935,20462.746,23594.02100000001,23430.43400000001
2023-05-27,19289.657,22622.265,22914.59000000001,22840.18,22934.15,22019.636,18092.14500000001,19977.282,23348.282,23518.04,23197.358,23422.925,22108.65800000001,18595.935,20462.746,23594.02100000001
2023-05-28,17478.915,19289.657,22622.265,22914.59000000001,22840.18,22934.15,22019.636,18092.14500000001,19977.282,23348.282,23518.04,23197.358,23422.925,22108.65800000001,18595.935,20462.746
2023-05-29,21255.765,17478.915,19289.657,22622.265,22914.59000000001,22840.18,22934.15,22019.636,18092.14500000001,19977.282,23348.282,23518.04,23197.358,23422.925,22108.65800000001,18595.935
2023-05-30,22449.776,21255.765,17478.915,19289.657,22622.265,22914.59000000001,22840.18,22934.15,22019.636,18092.14500000001,19977.282,23348.282,23518.04,23197.358,23422.925,22108.65800000001
2023-05-31,22547.21,22449.776,21255.765,17478.915,19289.657,22622.265,22914.59000000001,22840.18,22934.15,22019.636,18092.14500000001,19977.282,23348.282,23518.04,23197.358,23422.925
2023-06-01,22671.827,22547.21,22449.776,21255.765,17478.915,19289.657,22622.265,22914.59000000001,22840.18,22934.15,22019.636,18092.14500000001,19977.282,23348.282,23518.04,23197.358
2023-06-02,22820.09000000001,22671.827,22547.21,22449.776,21255.765,17478.915,19289.657,22622.265,22914.59000000001,22840.18,22934.15,22019.636,18092.14500000001,19977.282,23348.282,23518.04
2023-06-03,22699.046,22820.09000000001,22671.827,22547.21,22449.776,21255.765,17478.915,19289.657,22622.265,22914.59000000001,22840.18,22934.15,22019.636,18092.14500000001,19977.282,23348.282
2023-06-04,20603.585,22699.046,22820.09000000001,22671.827,22547.21,22449.776,21255.765,17478.915,19289.657,22622.265,22914.59000000001,22840.18,22934.15,22019.636,18092.14500000001,19977.282
2023-06-05,20831.645,20603.585,22699.046,22820.09000000001,22671.827,22547.21,22449.776,21255.765,17478.915,19289.657,22622.265,22914.59000000001,22840.18,22934.15,22019.636,18092.14500000001
2023-06-06,23010.944,20831.645,20603.585,22699.046,22820.09000000001,22671.827,22547.21,22449.776,21255.765,17478.915,19289.657,22622.265,22914.59000000001,22840.18,22934.15,22019.636
2023-06-07,23489.963,23010.944,20831.645,20603.585,22699.046,22820.09000000001,22671.827,22547.21,22449.776,21255.765,17478.915,19289.657,22622.265,22914.59000000001,22840.18,22934.15
2023-06-08,23153.031,23489.963,23010.944,20831.645,20603.585,22699.046,22820.09000000001,22671.827,22547.21,22449.776,21255.765,17478.915,19289.657,22622.265,22914.59000000001,22840.18
2023-06-09,23326.582,23153.031,23489.963,23010.944,20831.645,20603.585,22699.046,22820.09000000001,22671.827,22547.21,22449.776,21255.765,17478.915,19289.657,22622.265,22914.59000000001
2023-06-10,23181.13800000001,23326.582,23153.031,23489.963,23010.944,20831.645,20603.585,22699.046,22820.09000000001,22671.827,22547.21,22449.776,21255.765,17478.915,19289.657,22622.265
2023-06-11,21270.03500000001,23181.13800000001,23326.582,23153.031,23489.963,23010.944,20831.645,20603.585,22699.046,22820.09000000001,22671.827,22547.21,22449.776,21255.765,17478.915,19289.657
2023-06-12,21211.88300000001,21270.03500000001,23181.13800000001,23326.582,23153.031,23489.963,23010.944,20831.645,20603.585,22699.046,22820.09000000001,22671.827,22547.21,22449.776,21255.765,17478.915
2023-06-13,23344.712,21211.88300000001,21270.03500000001,23181.13800000001,23326.582,23153.031,23489.963,23010.944,20831.645,20603.585,22699.046,22820.09000000001,22671.827,22547.21,22449.776,21255.765
2023-06-14,23416.132,23344.712,21211.88300000001,21270.03500000001,23181.13800000001,23326.582,23153.031,23489.963,23010.944,20831.645,20603.585,22699.046,22820.09000000001,22671.827,22547.21,22449.776
2023-06-15,23910.864,23416.132,23344.712,21211.88300000001,21270.03500000001,23181.13800000001,23326.582,23153.031,23489.963,23010.944,20831.645,20603.585,22699.046,22820.09000000001,22671.827,22547.21
2023-06-16,24478.551,23910.864,23416.132,23344.712,21211.88300000001,21270.03500000001,23181.13800000001,23326.582,23153.031,23489.963,23010.944,20831.645,20603.585,22699.046,22820.09000000001,22671.827
2023-06-17,24672.342,24478.551,23910.864,23416.132,23344.712,21211.88300000001,21270.03500000001,23181.13800000001,23326.582,23153.031,23489.963,23010.944,20831.645,20603.585,22699.046,22820.09000000001
2023-06-18,22493.133,24672.342,24478.551,23910.864,23416.132,23344.712,21211.88300000001,21270.03500000001,23181.13800000001,23326.582,23153.031,23489.963,23010.944,20831.645,20603.585,22699.046
2023-06-19,22582.286,22493.133,24672.342,24478.551,23910.864,23416.132,23344.712,21211.88300000001,21270.03500000001,23181.13800000001,23326.582,23153.031,23489.963,23010.944,20831.645,20603.585
2023-06-20,24416.764,22582.286,22493.133,24672.342,24478.551,23910.864,23416.132,23344.712,21211.88300000001,21270.03500000001,23181.13800000001,23326.582,23153.031,23489.963,23010.944,20831.645
2023-06-21,24803.63,24416.764,22582.286,22493.133,24672.342,24478.551,23910.864,23416.132,23344.712,21211.88300000001,21270.03500000001,23181.13800000001,23326.582,23153.031,23489.963,23010.944
2023-06-22,24490.014,24803.63,24416.764,22582.286,22493.133,24672.342,24478.551,23910.864,23416.132,23344.712,21211.88300000001,21270.03500000001,23181.13800000001,23326.582,23153.031,23489.963
2023-06-23,25348.733,24490.014,24803.63,24416.764,22582.286,22493.133,24672.342,24478.551,23910.864,23416.132,23344.712,21211.88300000001,21270.03500000001,23181.13800000001,23326.582,23153.031
2023-06-24,24607.005,25348.733,24490.014,24803.63,24416.764,22582.286,22493.133,24672.342,24478.551,23910.864,23416.132,23344.712,21211.88300000001,21270.03500000001,23181.13800000001,23326.582
2023-06-25,23688.177,24607.005,25348.733,24490.014,24803.63,24416.764,22582.286,22493.133,24672.342,24478.551,23910.864,23416.132,23344.712,21211.88300000001,21270.03500000001,23181.13800000001
2023-06-26,25080.613,23688.177,24607.005,25348.733,24490.014,24803.63,24416.764,22582.286,22493.133,24672.342,24478.551,23910.864,23416.132,23344.712,21211.88300000001,21270.03500000001
2023-06-27,27635.505,25080.613,23688.177,24607.005,25348.733,24490.014,24803.63,24416.764,22582.286,22493.133,24672.342,24478.551,23910.864,23416.132,23344.712,21211.88300000001
2023-06-28,28008.312,27635.505,25080.613,23688.177,24607.005,25348.733,24490.014,24803.63,24416.764,22582.286,22493.133,24672.342,24478.551,23910.864,23416.132,23344.712
2023-06-29,27897.529,28008.312,27635.505,25080.613,23688.177,24607.005,25348.733,24490.014,24803.63,24416.764,22582.286,22493.133,24672.342,24478.551,23910.864,23416.132
2023-06-30,27196.346,27897.529,28008.312,27635.505,25080.613,23688.177,24607.005,25348.733,24490.014,24803.63,24416.764,22582.286,22493.133,24672.342,24478.551,23910.864
2023-07-01,25884.534,27196.346,27897.529,28008.312,27635.505,25080.613,23688.177,24607.005,25348.733,24490.014,24803.63,24416.764,22582.286,22493.133,24672.342,24478.551
2023-07-02,24348.44600000001,25884.534,27196.346,27897.529,28008.312,27635.505,25080.613,23688.177,24607.005,25348.733,24490.014,24803.63,24416.764,22582.286,22493.133,24672.342
2023-07-03,25263.758,24348.44600000001,25884.534,27196.346,27897.529,28008.312,27635.505,25080.613,23688.177,24607.005,25348.733,24490.014,24803.63,24416.764,22582.286,22493.133
2023-07-04,27023.03200000001,25263.758,24348.44600000001,25884.534,27196.346,27897.529,28008.312,27635.505,25080.613,23688.177,24607.005,25348.733,24490.014,24803.63,24416.764,22582.286
2023-07-05,27415.026,27023.03200000001,25263.758,24348.44600000001,25884.534,27196.346,27897.529,28008.312,27635.505,25080.613,23688.177,24607.005,25348.733,24490.014,24803.63,24416.764
2023-07-06,27175.405,27415.026,27023.03200000001,25263.758,24348.44600000001,25884.534,27196.346,27897.529,28008.312,27635.505,25080.613,23688.177,24607.005,25348.733,24490.014,24803.63
2023-07-07,27365.193,27175.405,27415.026,27023.03200000001,25263.758,24348.44600000001,25884.534,27196.346,27897.529,28008.312,27635.505,25080.613,23688.177,24607.005,25348.733,24490.014
2023-07-08,26646.253,27365.193,27175.405,27415.026,27023.03200000001,25263.758,24348.44600000001,25884.534,27196.346,27897.529,28008.312,27635.505,25080.613,23688.177,24607.005,25348.733
2023-07-09,24442.121,26646.253,27365.193,27175.405,27415.026,27023.03200000001,25263.758,24348.44600000001,25884.534,27196.346,27897.529,28008.312,27635.505,25080.613,23688.177,24607.005
2023-07-10,25824.26500000001,24442.121,26646.253,27365.193,27175.405,27415.026,27023.03200000001,25263.758,24348.44600000001,25884.534,27196.346,27897.529,28008.312,27635.505,25080.613,23688.177
2023-07-11,29163.757,25824.26500000001,24442.121,26646.253,27365.193,27175.405,27415.026,27023.03200000001,25263.758,24348.44600000001,25884.534,27196.346,27897.529,28008.312,27635.505,25080.613
2023-07-12,29671.626,29163.757,25824.26500000001,24442.121,26646.253,27365.193,27175.405,27415.026,27023.03200000001,25263.758,24348.44600000001,25884.534,27196.346,27897.529,28008.312,27635.505
2023-07-13,29227.052,29671.626,29163.757,25824.26500000001,24442.121,26646.253,27365.193,27175.405,27415.026,27023.03200000001,25263.758,24348.44600000001,25884.534,27196.346,27897.529,28008.312
2023-07-14,29140.196,29227.052,29671.626,29163.757,25824.26500000001,24442.121,26646.253,27365.193,27175.405,27415.026,27023.03200000001,25263.758,24348.44600000001,25884.534,27196.346,27897.529
2023-07-15,28181.17,29140.196,29227.052,29671.626,29163.757,25824.26500000001,24442.121,26646.253,27365.193,27175.405,27415.026,27023.03200000001,25263.758,24348.44600000001,25884.534,27196.346
2023-07-16,25666.46,28181.17,29140.196,29227.052,29671.626,29163.757,25824.26500000001,24442.121,26646.253,27365.193,27175.405,27415.026,27023.03200000001,25263.758,24348.44600000001,25884.534
2023-07-17,25906.01,25666.46,28181.17,29140.196,29227.052,29671.626,29163.757,25824.26500000001,24442.121,26646.253,27365.193,27175.405,27415.026,27023.03200000001,25263.758,24348.44600000001
2023-07-18,29217.985,25906.01,25666.46,28181.17,29140.196,29227.052,29671.626,29163.757,25824.26500000001,24442.121,26646.253,27365.193,27175.405,27415.026,27023.03200000001,25263.758
2023-07-19,30171.15900000001,29217.985,25906.01,25666.46,28181.17,29140.196,29227.052,29671.626,29163.757,25824.26500000001,24442.121,26646.253,27365.193,27175.405,27415.026,27023.03200000001
2023-07-20,30299.758,30171.15900000001,29217.985,25906.01,25666.46,28181.17,29140.196,29227.052,29671.626,29163.757,25824.26500000001,24442.121,26646.253,27365.193,27175.405,27415.026
2023-07-21,29052.905,30299.758,30171.15900000001,29217.985,25906.01,25666.46,28181.17,29140.196,29227.052,29671.626,29163.757,25824.26500000001,24442.121,26646.253,27365.193,27175.405
2023-07-22,27406.786,29052.905,30299.758,30171.15900000001,29217.985,25906.01,25666.46,28181.17,29140.196,29227.052,29671.626,29163.757,25824.26500000001,24442.121,26646.253,27365.193
2023-07-23,25125.077,27406.786,29052.905,30299.758,30171.15900000001,29217.985,25906.01,25666.46,28181.17,29140.196,29227.052,29671.626,29163.757,25824.26500000001,24442.121,26646.253
2023-07-24,26132.81300000001,25125.077,27406.786,29052.905,30299.758,30171.15900000001,29217.985,25906.01,25666.46,28181.17,29140.196,29227.052,29671.626,29163.757,25824.26500000001,24442.121
2023-07-25,26944.278,26132.81300000001,25125.077,27406.786,29052.905,30299.758,30171.15900000001,29217.985,25906.01,25666.46,28181.17,29140.196,29227.052,29671.626,29163.757,25824.26500000001
2023-07-26,26378.646,26944.278,26132.81300000001,25125.077,27406.786,29052.905,30299.758,30171.15900000001,29217.985,25906.01,25666.46,28181.17,29140.196,29227.052,29671.626,29163.757
2023-07-27,26873.085,26378.646,26944.278,26132.81300000001,25125.077,27406.786,29052.905,30299.758,30171.15900000001,29217.985,25906.01,25666.46,28181.17,29140.196,29227.052,29671.626
2023-07-28,26788.006,26873.085,26378.646,26944.278,26132.81300000001,25125.077,27406.786,29052.905,30299.758,30171.15900000001,29217.985,25906.01,25666.46,28181.17,29140.196,29227.052
2023-07-29,26813.222,26788.006,26873.085,26378.646,26944.278,26132.81300000001,25125.077,27406.786,29052.905,30299.758,30171.15900000001,29217.985,25906.01,25666.46,28181.17,29140.196
2023-07-30,25565.374,26813.222,26788.006,26873.085,26378.646,26944.278,26132.81300000001,25125.077,27406.786,29052.905,30299.758,30171.15900000001,29217.985,25906.01,25666.46,28181.17
2023-07-31,25707.871,25565.374,26813.222,26788.006,26873.085,26378.646,26944.278,26132.81300000001,25125.077,27406.786,29052.905,30299.758,30171.15900000001,29217.985,25906.01,25666.46
2023-08-01,26899.147,25707.871,25565.374,26813.222,26788.006,26873.085,26378.646,26944.278,26132.81300000001,25125.077,27406.786,29052.905,30299.758,30171.15900000001,29217.985,25906.01
2023-08-02,27277.498,26899.147,25707.871,25565.374,26813.222,26788.006,26873.085,26378.646,26944.278,26132.81300000001,25125.077,27406.786,29052.905,30299.758,30171.15900000001,29217.985
2023-08-03,27591.88500000001,27277.498,26899.147,25707.871,25565.374,26813.222,26788.006,26873.085,26378.646,26944.278,26132.81300000001,25125.077,27406.786,29052.905,30299.758,30171.15900000001
2023-08-04,25991.494,27591.88500000001,27277.498,26899.147,25707.871,25565.374,26813.222,26788.006,26873.085,26378.646,26944.278,26132.81300000001,25125.077,27406.786,29052.905,30299.758
2023-08-05,24195.23100000001,25991.494,27591.88500000001,27277.498,26899.147,25707.871,25565.374,26813.222,26788.006,26873.085,26378.646,26944.278,26132.81300000001,25125.077,27406.786,29052.905
2023-08-06,23205.045,24195.23100000001,25991.494,27591.88500000001,27277.498,26899.147,25707.871,25565.374,26813.222,26788.006,26873.085,26378.646,26944.278,26132.81300000001,25125.077,27406.786
2023-08-07,23910.596,23205.045,24195.23100000001,25991.494,27591.88500000001,27277.498,26899.147,25707.871,25565.374,26813.222,26788.006,26873.085,26378.646,26944.278,26132.81300000001,25125.077
2023-08-08,25322.879,23910.596,23205.045,24195.23100000001,25991.494,27591.88500000001,27277.498,26899.147,25707.871,25565.374,26813.222,26788.006,26873.085,26378.646,26944.278,26132.81300000001
2023-08-09,26123.53000000001,25322.879,23910.596,23205.045,24195.23100000001,25991.494,27591.88500000001,27277.498,26899.147,25707.871,25565.374,26813.222,26788.006,26873.085,26378.646,26944.278
2023-08-10,27056.83400000001,26123.53000000001,25322.879,23910.596,23205.045,24195.23100000001,25991.494,27591.88500000001,27277.498,26899.147,25707.871,25565.374,26813.222,26788.006,26873.085,26378.646
2023-08-11,27063.512,27056.83400000001,26123.53000000001,25322.879,23910.596,23205.045,24195.23100000001,25991.494,27591.88500000001,27277.498,26899.147,25707.871,25565.374,26813.222,26788.006,26873.085
2023-08-12,26690.176,27063.512,27056.83400000001,26123.53000000001,25322.879,23910.596,23205.045,24195.23100000001,25991.494,27591.88500000001,27277.498,26899.147,25707.871,25565.374,26813.222,26788.006
2023-08-13,25149.286,26690.176,27063.512,27056.83400000001,26123.53000000001,25322.879,23910.596,23205.045,24195.23100000001,25991.494,27591.88500000001,27277.498,26899.147,25707.871,25565.374,26813.222
2023-08-14,24478.12200000001,25149.286,26690.176,27063.512,27056.83400000001,26123.53000000001,25322.879,23910.596,23205.045,24195.23100000001,25991.494,27591.88500000001,27277.498,26899.147,25707.871,25565.374
2023-08-15,24842.144,24478.12200000001,25149.286,26690.176,27063.512,27056.83400000001,26123.53000000001,25322.879,23910.596,23205.045,24195.23100000001,25991.494,27591.88500000001,27277.498,26899.147,25707.871
2023-08-16,24600.817,24842.144,24478.12200000001,25149.286,26690.176,27063.512,27056.83400000001,26123.53000000001,25322.879,23910.596,23205.045,24195.23100000001,25991.494,27591.88500000001,27277.498,26899.147
2023-08-17,25371.48899999999,24600.817,24842.144,24478.12200000001,25149.286,26690.176,27063.512,27056.83400000001,26123.53000000001,25322.879,23910.596,23205.045,24195.23100000001,25991.494,27591.88500000001,27277.498
2023-08-18,25447.934,25371.48899999999,24600.817,24842.144,24478.12200000001,25149.286,26690.176,27063.512,27056.83400000001,26123.53000000001,25322.879,23910.596,23205.045,24195.23100000001,25991.494,27591.88500000001
2023-08-19,25558.045,25447.934,25371.48899999999,24600.817,24842.144,24478.12200000001,25149.286,26690.176,27063.512,27056.83400000001,26123.53000000001,25322.879,23910.596,23205.045,24195.23100000001,25991.494
2023-08-20,24948.89200000001,25558.045,25447.934,25371.48899999999,24600.817,24842.144,24478.12200000001,25149.286,26690.176,27063.512,27056.83400000001,26123.53000000001,25322.879,23910.596,23205.045,24195.23100000001
2023-08-21,25993.15700000001,24948.89200000001,25558.045,25447.934,25371.48899999999,24600.817,24842.144,24478.12200000001,25149.286,26690.176,27063.512,27056.83400000001,26123.53000000001,25322.879,23910.596,23205.045
2023-08-22,28316.938,25993.15700000001,24948.89200000001,25558.045,25447.934,25371.48899999999,24600.817,24842.144,24478.12200000001,25149.286,26690.176,27063.512,27056.83400000001,26123.53000000001,25322.879,23910.596
2023-08-23,28628.18300000001,28316.938,25993.15700000001,24948.89200000001,25558.045,25447.934,25371.48899999999,24600.817,24842.144,24478.12200000001,25149.286,26690.176,27063.512,27056.83400000001,26123.53000000001,25322.879
2023-08-24,29046.95,28628.18300000001,28316.938,25993.15700000001,24948.89200000001,25558.045,25447.934,25371.48899999999,24600.817,24842.144,24478.12200000001,25149.286,26690.176,27063.512,27056.83400000001,26123.53000000001
2023-08-25,29218.27600000001,29046.95,28628.18300000001,28316.938,25993.15700000001,24948.89200000001,25558.045,25447.934,25371.48899999999,24600.817,24842.144,24478.12200000001,25149.286,26690.176,27063.512,27056.83400000001
2023-08-26,28656.748,29218.27600000001,29046.95,28628.18300000001,28316.938,25993.15700000001,24948.89200000001,25558.045,25447.934,25371.48899999999,24600.817,24842.144,24478.12200000001,25149.286,26690.176,27063.512
2023-08-27,24306.33900000001,28656.748,29218.27600000001,29046.95,28628.18300000001,28316.938,25993.15700000001,24948.89200000001,25558.045,25447.934,25371.48899999999,24600.817,24842.144,24478.12200000001,25149.286,26690.176
2023-08-28,22275.499,24306.33900000001,28656.748,29218.27600000001,29046.95,28628.18300000001,28316.938,25993.15700000001,24948.89200000001,25558.045,25447.934,25371.48899999999,24600.817,24842.144,24478.12200000001,25149.286
2023-08-29,24367.047,22275.499,24306.33900000001,28656.748,29218.27600000001,29046.95,28628.18300000001,28316.938,25993.15700000001,24948.89200000001,25558.045,25447.934,25371.48899999999,24600.817,24842.144,24478.12200000001
2023-08-30,24697.882,24367.047,22275.499,24306.33900000001,28656.748,29218.27600000001,29046.95,28628.18300000001,28316.938,25993.15700000001,24948.89200000001,25558.045,25447.934,25371.48899999999,24600.817,24842.144
2023-08-31,24656.064,24697.882,24367.047,22275.499,24306.33900000001,28656.748,29218.27600000001,29046.95,28628.18300000001,28316.938,25993.15700000001,24948.89200000001,25558.045,25447.934,25371.48899999999,24600.817
2023-09-01,25149.321,24656.064,24697.882,24367.047,22275.499,24306.33900000001,28656.748,29218.27600000001,29046.95,28628.18300000001,28316.938,25993.15700000001,24948.89200000001,25558.045,25447.934,25371.48899999999
2023-09-02,24504.476,25149.321,24656.064,24697.882,24367.047,22275.499,24306.33900000001,28656.748,29218.27600000001,29046.95,28628.18300000001,28316.938,25993.15700000001,24948.89200000001,25558.045,25447.934
2023-09-03,21299.23600000001,24504.476,25149.321,24656.064,24697.882,24367.047,22275.499,24306.33900000001,28656.748,29218.27600000001,29046.95,28628.18300000001,28316.938,25993.15700000001,24948.89200000001,25558.045
2023-09-04,21627.33,21299.23600000001,24504.476,25149.321,24656.064,24697.882,24367.047,22275.499,24306.33900000001,28656.748,29218.27600000001,29046.95,28628.18300000001,28316.938,25993.15700000001,24948.89200000001
2023-09-05,23441.091,21627.33,21299.23600000001,24504.476,25149.321,24656.064,24697.882,24367.047,22275.499,24306.33900000001,28656.748,29218.27600000001,29046.95,28628.18300000001,28316.938,25993.15700000001
2023-09-06,24625.861,23441.091,21627.33,21299.23600000001,24504.476,25149.321,24656.064,24697.882,24367.047,22275.499,24306.33900000001,28656.748,29218.27600000001,29046.95,28628.18300000001,28316.938
2023-09-07,24841.01300000001,24625.861,23441.091,21627.33,21299.23600000001,24504.476,25149.321,24656.064,24697.882,24367.047,22275.499,24306.33900000001,28656.748,29218.27600000001,29046.95,28628.18300000001
2023-09-08,24826.85200000001,24841.01300000001,24625.861,23441.091,21627.33,21299.23600000001,24504.476,25149.321,24656.064,24697.882,24367.047,22275.499,24306.33900000001,28656.748,29218.27600000001,29046.95
2023-09-09,24074.363,24826.85200000001,24841.01300000001,24625.861,23441.091,21627.33,21299.23600000001,24504.476,25149.321,24656.064,24697.882,24367.047,22275.499,24306.33900000001,28656.748,29218.27600000001
2023-09-10,22378.537,24074.363,24826.85200000001,24841.01300000001,24625.861,23441.091,21627.33,21299.23600000001,24504.476,25149.321,24656.064,24697.882,24367.047,22275.499,24306.33900000001,28656.748
2023-09-11,22323.492,22378.537,24074.363,24826.85200000001,24841.01300000001,24625.861,23441.091,21627.33,21299.23600000001,24504.476,25149.321,24656.064,24697.882,24367.047,22275.499,24306.33900000001
2023-09-12,23881.929,22323.492,22378.537,24074.363,24826.85200000001,24841.01300000001,24625.861,23441.091,21627.33,21299.23600000001,24504.476,25149.321,24656.064,24697.882,24367.047,22275.499
2023-09-13,23988.92099999999,23881.929,22323.492,22378.537,24074.363,24826.85200000001,24841.01300000001,24625.861,23441.091,21627.33,21299.23600000001,24504.476,25149.321,24656.064,24697.882,24367.047
2023-09-14,24148.594,23988.92099999999,23881.929,22323.492,22378.537,24074.363,24826.85200000001,24841.01300000001,24625.861,23441.091,21627.33,21299.23600000001,24504.476,25149.321,24656.064,24697.882
2023-09-15,24813.645,24148.594,23988.92099999999,23881.929,22323.492,22378.537,24074.363,24826.85200000001,24841.01300000001,24625.861,23441.091,21627.33,21299.23600000001,24504.476,25149.321,24656.064
2023-09-16,23583.042,24813.645,24148.594,23988.92099999999,23881.929,22323.492,22378.537,24074.363,24826.85200000001,24841.01300000001,24625.861,23441.091,21627.33,21299.23600000001,24504.476,25149.321
2023-09-17,21711.977,23583.042,24813.645,24148.594,23988.92099999999,23881.929,22323.492,22378.537,24074.363,24826.85200000001,24841.01300000001,24625.861,23441.091,21627.33,21299.23600000001,24504.476
2023-09-18,21500.96,21711.977,23583.042,24813.645,24148.594,23988.92099999999,23881.929,22323.492,22378.537,24074.363,24826.85200000001,24841.01300000001,24625.861,23441.091,21627.33,21299.23600000001
2023-09-19,22948.67700000001,21500.96,21711.977,23583.042,24813.645,24148.594,23988.92099999999,23881.929,22323.492,22378.537,24074.363,24826.85200000001,24841.01300000001,24625.861,23441.091,21627.33
2023-09-20,23234.774,22948.67700000001,21500.96,21711.977,23583.042,24813.645,24148.594,23988.92099999999,23881.929,22323.492,22378.537,24074.363,24826.85200000001,24841.01300000001,24625.861,23441.091
2023-09-21,23322.97000000001,23234.774,22948.67700000001,21500.96,21711.977,23583.042,24813.645,24148.594,23988.92099999999,23881.929,22323.492,22378.537,24074.363,24826.85200000001,24841.01300000001,24625.861
2023-09-22,23125.99,23322.97000000001,23234.774,22948.67700000001,21500.96,21711.977,23583.042,24813.645,24148.594,23988.92099999999,23881.929,22323.492,22378.537,24074.363,24826.85200000001,24841.01300000001
2023-09-23,22303.069,23125.99,23322.97000000001,23234.774,22948.67700000001,21500.96,21711.977,23583.042,24813.645,24148.594,23988.92099999999,23881.929,22323.492,22378.537,24074.363,24826.85200000001
2023-09-24,20561.608,22303.069,23125.99,23322.97000000001,23234.774,22948.67700000001,21500.96,21711.977,23583.042,24813.645,24148.594,23988.92099999999,23881.929,22323.492,22378.537,24074.363
2023-09-25,20637.854,20561.608,22303.069,23125.99,23322.97000000001,23234.774,22948.67700000001,21500.96,21711.977,23583.042,24813.645,24148.594,23988.92099999999,23881.929,22323.492,22378.537
2023-09-26,22752.01300000001,20637.854,20561.608,22303.069,23125.99,23322.97000000001,23234.774,22948.67700000001,21500.96,21711.977,23583.042,24813.645,24148.594,23988.92099999999,23881.929,22323.492
2023-09-27,23148.38600000001,22752.01300000001,20637.854,20561.608,22303.069,23125.99,23322.97000000001,23234.774,22948.67700000001,21500.96,21711.977,23583.042,24813.645,24148.594,23988.92099999999,23881.929
2023-09-28,23167.62199999999,23148.38600000001,22752.01300000001,20637.854,20561.608,22303.069,23125.99,23322.97000000001,23234.774,22948.67700000001,21500.96,21711.977,23583.042,24813.645,24148.594,23988.92099999999
2023-09-29,23550.508,23167.62199999999,23148.38600000001,22752.01300000001,20637.854,20561.608,22303.069,23125.99,23322.97000000001,23234.774,22948.67700000001,21500.96,21711.977,23583.042,24813.645,24148.594
2023-09-30,23330.652,23550.508,23167.62199999999,23148.38600000001,22752.01300000001,20637.854,20561.608,22303.069,23125.99,23322.97000000001,23234.774,22948.67700000001,21500.96,21711.977,23583.042,24813.645
2023-10-01,21399.922,23330.652,23550.508,23167.62199999999,23148.38600000001,22752.01300000001,20637.854,20561.608,22303.069,23125.99,23322.97000000001,23234.774,22948.67700000001,21500.96,21711.977,23583.042
2023-10-02,21383.11400000001,21399.922,23330.652,23550.508,23167.62199999999,23148.38600000001,22752.01300000001,20637.854,20561.608,22303.069,23125.99,23322.97000000001,23234.774,22948.67700000001,21500.96,21711.977
2023-10-03,23321.933,21383.11400000001,21399.922,23330.652,23550.508,23167.62199999999,23148.38600000001,22752.01300000001,20637.854,20561.608,22303.069,23125.99,23322.97000000001,23234.774,22948.67700000001,21500.96
2023-10-04,23517.942,23321.933,21383.11400000001,21399.922,23330.652,23550.508,23167.62199999999,23148.38600000001,22752.01300000001,20637.854,20561.608,22303.069,23125.99,23322.97000000001,23234.774,22948.67700000001
2023-10-05,23572.307,23517.942,23321.933,21383.11400000001,21399.922,23330.652,23550.508,23167.62199999999,23148.38600000001,22752.01300000001,20637.854,20561.608,22303.069,23125.99,23322.97000000001,23234.774
2023-10-06,23867.615,23572.307,23517.942,23321.933,21383.11400000001,21399.922,23330.652,23550.508,23167.62199999999,23148.38600000001,22752.01300000001,20637.854,20561.608,22303.069,23125.99,23322.97000000001
2023-10-07,24018.403,23867.615,23572.307,23517.942,23321.933,21383.11400000001,21399.922,23330.652,23550.508,23167.62199999999,23148.38600000001,22752.01300000001,20637.854,20561.608,22303.069,23125.99
2023-10-08,21688.424,24018.403,23867.615,23572.307,23517.942,23321.933,21383.11400000001,21399.922,23330.652,23550.508,23167.62199999999,23148.38600000001,22752.01300000001,20637.854,20561.608,22303.069
2023-10-09,21560.319,21688.424,24018.403,23867.615,23572.307,23517.942,23321.933,21383.11400000001,21399.922,23330.652,23550.508,23167.62199999999,23148.38600000001,22752.01300000001,20637.854,20561.608
2023-10-10,22807.089,21560.319,21688.424,24018.403,23867.615,23572.307,23517.942,23321.933,21383.11400000001,21399.922,23330.652,23550.508,23167.62199999999,23148.38600000001,22752.01300000001,20637.854
2023-10-11,23206.79300000001,22807.089,21560.319,21688.424,24018.403,23867.615,23572.307,23517.942,23321.933,21383.11400000001,21399.922,23330.652,23550.508,23167.62199999999,23148.38600000001,22752.01300000001
2023-10-12,22633.08,23206.79300000001,22807.089,21560.319,21688.424,24018.403,23867.615,23572.307,23517.942,23321.933,21383.11400000001,21399.922,23330.652,23550.508,23167.62199999999,23148.38600000001
2023-10-13,20882.63,22633.08,23206.79300000001,22807.089,21560.319,21688.424,24018.403,23867.615,23572.307,23517.942,23321.933,21383.11400000001,21399.922,23330.652,23550.508,23167.62199999999
2023-10-14,21383.462,20882.63,22633.08,23206.79300000001,22807.089,21560.319,21688.424,24018.403,23867.615,23572.307,23517.942,23321.933,21383.11400000001,21399.922,23330.652,23550.508
2023-10-15,20441.89800000001,21383.462,20882.63,22633.08,23206.79300000001,22807.089,21560.319,21688.424,24018.403,23867.615,23572.307,23517.942,23321.933,21383.11400000001,21399.922,23330.652
2023-10-16,20401.863,20441.89800000001,21383.462,20882.63,22633.08,23206.79300000001,22807.089,21560.319,21688.424,24018.403,23867.615,23572.307,23517.942,23321.933,21383.11400000001,21399.922
2023-10-17,22676.039,20401.863,20441.89800000001,21383.462,20882.63,22633.08,23206.79300000001,22807.089,21560.319,21688.424,24018.403,23867.615,23572.307,23517.942,23321.933,21383.11400000001
2023-10-18,23287.764,22676.039,20401.863,20441.89800000001,21383.462,20882.63,22633.08,23206.79300000001,22807.089,21560.319,21688.424,24018.403,23867.615,23572.307,23517.942,23321.933
2023-10-19,23214.905,23287.764,22676.039,20401.863,20441.89800000001,21383.462,20882.63,22633.08,23206.79300000001,22807.089,21560.319,21688.424,24018.403,23867.615,23572.307,23517.942
2023-10-20,22962.966,23214.905,23287.764,22676.039,20401.863,20441.89800000001,21383.462,20882.63,22633.08,23206.79300000001,22807.089,21560.319,21688.424,24018.403,23867.615,23572.307
2023-10-21,22660.004,22962.966,23214.905,23287.764,22676.039,20401.863,20441.89800000001,21383.462,20882.63,22633.08,23206.79300000001,22807.089,21560.319,21688.424,24018.403,23867.615
2023-10-22,20144.458,22660.004,22962.966,23214.905,23287.764,22676.039,20401.863,20441.89800000001,21383.462,20882.63,22633.08,23206.79300000001,22807.089,21560.319,21688.424,24018.403
2023-10-23,20344.31000000001,20144.458,22660.004,22962.966,23214.905,23287.764,22676.039,20401.863,20441.89800000001,21383.462,20882.63,22633.08,23206.79300000001,22807.089,21560.319,21688.424
2023-10-24,22195.756,20344.31000000001,20144.458,22660.004,22962.966,23214.905,23287.764,22676.039,20401.863,20441.89800000001,21383.462,20882.63,22633.08,23206.79300000001,22807.089,21560.319
2023-10-25,22488.27,22195.756,20344.31000000001,20144.458,22660.004,22962.966,23214.905,23287.764,22676.039,20401.863,20441.89800000001,21383.462,20882.63,22633.08,23206.79300000001,22807.089
2023-10-26,22628.188,22488.27,22195.756,20344.31000000001,20144.458,22660.004,22962.966,23214.905,23287.764,22676.039,20401.863,20441.89800000001,21383.462,20882.63,22633.08,23206.79300000001
2023-10-27,23431.73,22628.188,22488.27,22195.756,20344.31000000001,20144.458,22660.004,22962.966,23214.905,23287.764,22676.039,20401.863,20441.89800000001,21383.462,20882.63,22633.08
2023-10-28,22977.42900000001,23431.73,22628.188,22488.27,22195.756,20344.31000000001,20144.458,22660.004,22962.966,23214.905,23287.764,22676.039,20401.863,20441.89800000001,21383.462,20882.63
2023-10-29,22688.07200000001,22977.42900000001,23431.73,22628.188,22488.27,22195.756,20344.31000000001,20144.458,22660.004,22962.966,23214.905,23287.764,22676.039,20401.863,20441.89800000001,21383.462
2023-10-30,21764.79,22688.07200000001,22977.42900000001,23431.73,22628.188,22488.27,22195.756,20344.31000000001,20144.458,22660.004,22962.966,23214.905,23287.764,22676.039,20401.863,20441.89800000001
2023-10-31,22883.49,21764.79,22688.07200000001,22977.42900000001,23431.73,22628.188,22488.27,22195.756,20344.31000000001,20144.458,22660.004,22962.966,23214.905,23287.764,22676.039,20401.863
2023-11-01,23274.81800000001,22883.49,21764.79,22688.07200000001,22977.42900000001,23431.73,22628.188,22488.27,22195.756,20344.31000000001,20144.458,22660.004,22962.966,23214.905,23287.764,22676.039
2023-11-02,21410.53499999999,23274.81800000001,22883.49,21764.79,22688.07200000001,22977.42900000001,23431.73,22628.188,22488.27,22195.756,20344.31000000001,20144.458,22660.004,22962.966,23214.905,23287.764
2023-11-03,23490.278,21410.53499999999,23274.81800000001,22883.49,21764.79,22688.07200000001,22977.42900000001,23431.73,22628.188,22488.27,22195.756,20344.31000000001,20144.458,22660.004,22962.966,23214.905
2023-11-04,23652.03300000001,23490.278,21410.53499999999,23274.81800000001,22883.49,21764.79,22688.07200000001,22977.42900000001,23431.73,22628.188,22488.27,22195.756,20344.31000000001,20144.458,22660.004,22962.966
2023-11-05,21831.826,23652.03300000001,23490.278,21410.53499999999,23274.81800000001,22883.49,21764.79,22688.07200000001,22977.42900000001,23431.73,22628.188,22488.27,22195.756,20344.31000000001,20144.458,22660.004
2023-11-06,21682.535,21831.826,23652.03300000001,23490.278,21410.53499999999,23274.81800000001,22883.49,21764.79,22688.07200000001,22977.42900000001,23431.73,22628.188,22488.27,22195.756,20344.31000000001,20144.458
2023-11-07,23715.222,21682.535,21831.826,23652.03300000001,23490.278,21410.53499999999,23274.81800000001,22883.49,21764.79,22688.07200000001,22977.42900000001,23431.73,22628.188,22488.27,22195.756,20344.31000000001
2023-11-08,24315.53,23715.222,21682.535,21831.826,23652.03300000001,23490.278,21410.53499999999,23274.81800000001,22883.49,21764.79,22688.07200000001,22977.42900000001,23431.73,22628.188,22488.27,22195.756
2023-11-09,24513.452,24315.53,23715.222,21682.535,21831.826,23652.03300000001,23490.278,21410.53499999999,23274.81800000001,22883.49,21764.79,22688.07200000001,22977.42900000001,23431.73,22628.188,22488.27
2023-11-10,24465.57500000001,24513.452,24315.53,23715.222,21682.535,21831.826,23652.03300000001,23490.278,21410.53499999999,23274.81800000001,22883.49,21764.79,22688.07200000001,22977.42900000001,23431.73,22628.188
2023-11-11,24327.932,24465.57500000001,24513.452,24315.53,23715.222,21682.535,21831.826,23652.03300000001,23490.278,21410.53499999999,23274.81800000001,22883.49,21764.79,22688.07200000001,22977.42900000001,23431.73
2023-11-12,21887.904,24327.932,24465.57500000001,24513.452,24315.53,23715.222,21682.535,21831.826,23652.03300000001,23490.278,21410.53499999999,23274.81800000001,22883.49,21764.79,22688.07200000001,22977.42900000001
2023-11-13,21411.19,21887.904,24327.932,24465.57500000001,24513.452,24315.53,23715.222,21682.535,21831.826,23652.03300000001,23490.278,21410.53499999999,23274.81800000001,22883.49,21764.79,22688.07200000001
2023-11-14,23435.119,21411.19,21887.904,24327.932,24465.57500000001,24513.452,24315.53,23715.222,21682.535,21831.826,23652.03300000001,23490.278,21410.53499999999,23274.81800000001,22883.49,21764.79
2023-11-15,23455.912,23435.119,21411.19,21887.904,24327.932,24465.57500000001,24513.452,24315.53,23715.222,21682.535,21831.826,23652.03300000001,23490.278,21410.53499999999,23274.81800000001,22883.49
2023-11-16,24130.05000000001,23455.912,23435.119,21411.19,21887.904,24327.932,24465.57500000001,24513.452,24315.53,23715.222,21682.535,21831.826,23652.03300000001,23490.278,21410.53499999999,23274.81800000001
2023-11-17,23757.274,24130.05000000001,23455.912,23435.119,21411.19,21887.904,24327.932,24465.57500000001,24513.452,24315.53,23715.222,21682.535,21831.826,23652.03300000001,23490.278,21410.53499999999
2023-11-18,23576.966,23757.274,24130.05000000001,23455.912,23435.119,21411.19,21887.904,24327.932,24465.57500000001,24513.452,24315.53,23715.222,21682.535,21831.826,23652.03300000001,23490.278
2023-11-19,21262.953,23576.966,23757.274,24130.05000000001,23455.912,23435.119,21411.19,21887.904,24327.932,24465.57500000001,24513.452,24315.53,23715.222,21682.535,21831.826,23652.03300000001
2023-11-20,21286.145,21262.953,23576.966,23757.274,24130.05000000001,23455.912,23435.119,21411.19,21887.904,24327.932,24465.57500000001,24513.452,24315.53,23715.222,21682.535,21831.826
2023-11-21,23534.03500000001,21286.145,21262.953,23576.966,23757.274,24130.05000000001,23455.912,23435.119,21411.19,21887.904,24327.932,24465.57500000001,24513.452,24315.53,23715.222,21682.535
2023-11-22,24130.69600000001,23534.03500000001,21286.145,21262.953,23576.966,23757.274,24130.05000000001,23455.912,23435.119,21411.19,21887.904,24327.932,24465.57500000001,24513.452,24315.53,23715.222
2023-11-23,24417.332,24130.69600000001,23534.03500000001,21286.145,21262.953,23576.966,23757.274,24130.05000000001,23455.912,23435.119,21411.19,21887.904,24327.932,24465.57500000001,24513.452,24315.53
2023-11-24,25049.381,24417.332,24130.69600000001,23534.03500000001,21286.145,21262.953,23576.966,23757.274,24130.05000000001,23455.912,23435.119,21411.19,21887.904,24327.932,24465.57500000001,24513.452
2023-11-25,24563.917,25049.381,24417.332,24130.69600000001,23534.03500000001,21286.145,21262.953,23576.966,23757.274,24130.05000000001,23455.912,23435.119,21411.19,21887.904,24327.932,24465.57500000001
2023-11-26,22541.867,24563.917,25049.381,24417.332,24130.69600000001,23534.03500000001,21286.145,21262.953,23576.966,23757.274,24130.05000000001,23455.912,23435.119,21411.19,21887.904,24327.932
2023-11-27,22325.86500000001,22541.867,24563.917,25049.381,24417.332,24130.69600000001,23534.03500000001,21286.145,21262.953,23576.966,23757.274,24130.05000000001,23455.912,23435.119,21411.19,21887.904
2023-11-28,24840.796,22325.86500000001,22541.867,24563.917,25049.381,24417.332,24130.69600000001,23534.03500000001,21286.145,21262.953,23576.966,23757.274,24130.05000000001,23455.912,23435.119,21411.19
2023-11-29,24985.333,24840.796,22325.86500000001,22541.867,24563.917,25049.381,24417.332,24130.69600000001,23534.03500000001,21286.145,21262.953,23576.966,23757.274,24130.05000000001,23455.912,23435.119
2023-11-30,24432.614,24985.333,24840.796,22325.86500000001,22541.867,24563.917,25049.381,24417.332,24130.69600000001,23534.03500000001,21286.145,21262.953,23576.966,23757.274,24130.05000000001,23455.912
2023-12-01,24760.714,24432.614,24985.333,24840.796,22325.86500000001,22541.867,24563.917,25049.381,24417.332,24130.69600000001,23534.03500000001,21286.145,21262.953,23576.966,23757.274,24130.05000000001
2023-12-02,24892.413,24760.714,24432.614,24985.333,24840.796,22325.86500000001,22541.867,24563.917,25049.381,24417.332,24130.69600000001,23534.03500000001,21286.145,21262.953,23576.966,23757.274
2023-12-03,23294.563,24892.413,24760.714,24432.614,24985.333,24840.796,22325.86500000001,22541.867,24563.917,25049.381,24417.332,24130.69600000001,23534.03500000001,21286.145,21262.953,23576.966
2023-12-04,23251.29300000001,23294.563,24892.413,24760.714,24432.614,24985.333,24840.796,22325.86500000001,22541.867,24563.917,25049.381,24417.332,24130.69600000001,23534.03500000001,21286.145,21262.953
2023-12-05,24951.989,23251.29300000001,23294.563,24892.413,24760.714,24432.614,24985.333,24840.796,22325.86500000001,22541.867,24563.917,25049.381,24417.332,24130.69600000001,23534.03500000001,21286.145
2023-12-06,25633.58,24951.989,23251.29300000001,23294.563,24892.413,24760.714,24432.614,24985.333,24840.796,22325.86500000001,22541.867,24563.917,25049.381,24417.332,24130.69600000001,23534.03500000001
2023-12-07,24526.78,25633.58,24951.989,23251.29300000001,23294.563,24892.413,24760.714,24432.614,24985.333,24840.796,22325.86500000001,22541.867,24563.917,25049.381,24417.332,24130.69600000001
2023-12-08,24475.912,24526.78,25633.58,24951.989,23251.29300000001,23294.563,24892.413,24760.714,24432.614,24985.333,24840.796,22325.86500000001,22541.867,24563.917,25049.381,24417.332
2023-12-09,23485.313,24475.912,24526.78,25633.58,24951.989,23251.29300000001,23294.563,24892.413,24760.714,24432.614,24985.333,24840.796,22325.86500000001,22541.867,24563.917,25049.381
2023-12-10,22840.75,23485.313,24475.912,24526.78,25633.58,24951.989,23251.29300000001,23294.563,24892.413,24760.714,24432.614,24985.333,24840.796,22325.86500000001,22541.867,24563.917
2023-12-11,22085.278,22840.75,23485.313,24475.912,24526.78,25633.58,24951.989,23251.29300000001,23294.563,24892.413,24760.714,24432.614,24985.333,24840.796,22325.86500000001,22541.867
2023-12-12,24726.986,22085.278,22840.75,23485.313,24475.912,24526.78,25633.58,24951.989,23251.29300000001,23294.563,24892.413,24760.714,24432.614,24985.333,24840.796,22325.86500000001
2023-12-13,24971.02,24726.986,22085.278,22840.75,23485.313,24475.912,24526.78,25633.58,24951.989,23251.29300000001,23294.563,24892.413,24760.714,24432.614,24985.333,24840.796
2023-12-14,25408.07899999999,24971.02,24726.986,22085.278,22840.75,23485.313,24475.912,24526.78,25633.58,24951.989,23251.29300000001,23294.563,24892.413,24760.714,24432.614,24985.333
2023-12-15,25677.909,25408.07899999999,24971.02,24726.986,22085.278,22840.75,23485.313,24475.912,24526.78,25633.58,24951.989,23251.29300000001,23294.563,24892.413,24760.714,24432.614
2023-12-16,25639.241,25677.909,25408.07899999999,24971.02,24726.986,22085.278,22840.75,23485.313,24475.912,24526.78,25633.58,24951.989,23251.29300000001,23294.563,24892.413,24760.714
2023-12-17,24120.47700000001,25639.241,25677.909,25408.07899999999,24971.02,24726.986,22085.278,22840.75,23485.313,24475.912,24526.78,25633.58,24951.989,23251.29300000001,23294.563,24892.413
2023-12-18,23877.024,24120.47700000001,25639.241,25677.909,25408.07899999999,24971.02,24726.986,22085.278,22840.75,23485.313,24475.912,24526.78,25633.58,24951.989,23251.29300000001,23294.563
2023-12-19,26016.291,23877.024,24120.47700000001,25639.241,25677.909,25408.07899999999,24971.02,24726.986,22085.278,22840.75,23485.313,24475.912,24526.78,25633.58,24951.989,23251.29300000001
2023-12-20,26196.21200000001,26016.291,23877.024,24120.47700000001,25639.241,25677.909,25408.07899999999,24971.02,24726.986,22085.278,22840.75,23485.313,24475.912,24526.78,25633.58,24951.989
2023-12-21,26016.92900000001,26196.21200000001,26016.291,23877.024,24120.47700000001,25639.241,25677.909,25408.07899999999,24971.02,24726.986,22085.278,22840.75,23485.313,24475.912,24526.78,25633.58
2023-12-22,25901.204,26016.92900000001,26196.21200000001,26016.291,23877.024,24120.47700000001,25639.241,25677.909,25408.07899999999,24971.02,24726.986,22085.278,22840.75,23485.313,24475.912,24526.78
2023-12-23,24462.43400000001,25901.204,26016.92900000001,26196.21200000001,26016.291,23877.024,24120.47700000001,25639.241,25677.909,25408.07899999999,24971.02,24726.986,22085.278,22840.75,23485.313,24475.912
2023-12-24,22977.50100000001,24462.43400000001,25901.204,26016.92900000001,26196.21200000001,26016.291,23877.024,24120.47700000001,25639.241,25677.909,25408.07899999999,24971.02,24726.986,22085.278,22840.75,23485.313
2023-12-25,21577.842,22977.50100000001,24462.43400000001,25901.204,26016.92900000001,26196.21200000001,26016.291,23877.024,24120.47700000001,25639.241,25677.909,25408.07899999999,24971.02,24726.986,22085.278,22840.75
2023-12-26,21206.651,21577.842,22977.50100000001,24462.43400000001,25901.204,26016.92900000001,26196.21200000001,26016.291,23877.024,24120.47700000001,25639.241,25677.909,25408.07899999999,24971.02,24726.986,22085.278
2023-12-27,23453.532,21206.651,21577.842,22977.50100000001,24462.43400000001,25901.204,26016.92900000001,26196.21200000001,26016.291,23877.024,24120.47700000001,25639.241,25677.909,25408.07899999999,24971.02,24726.986
2023-12-28,23857.552,23453.532,21206.651,21577.842,22977.50100000001,24462.43400000001,25901.204,26016.92900000001,26196.21200000001,26016.291,23877.024,24120.47700000001,25639.241,25677.909,25408.07899999999,24971.02
2023-12-29,24005.795,23857.552,23453.532,21206.651,21577.842,22977.50100000001,24462.43400000001,25901.204,26016.92900000001,26196.21200000001,26016.291,23877.024,24120.47700000001,25639.241,25677.909,25408.07899999999
2023-12-30,23826.041,24005.795,23857.552,23453.532,21206.651,21577.842,22977.50100000001,24462.43400000001,25901.204,26016.92900000001,26196.21200000001,26016.291,23877.024,24120.47700000001,25639.241,25677.909
2023-12-31,22967.42200000001,23826.041,24005.795,23857.552,23453.532,21206.651,21577.842,22977.50100000001,24462.43400000001,25901.204,26016.92900000001,26196.21200000001,26016.291,23877.024,24120.47700000001,25639.241
2024-01-01,21674.597,22967.42200000001,23826.041,24005.795,23857.552,23453.532,21206.651,21577.842,22977.50100000001,24462.43400000001,25901.204,26016.92900000001,26196.21200000001,26016.291,23877.024,24120.47700000001
2024-01-02,21311.674,21674.597,22967.42200000001,23826.041,24005.795,23857.552,23453.532,21206.651,21577.842,22977.50100000001,24462.43400000001,25901.204,26016.92900000001,26196.21200000001,26016.291,23877.024
2024-01-03,24609.574,21311.674,21674.597,22967.42200000001,23826.041,24005.795,23857.552,23453.532,21206.651,21577.842,22977.50100000001,24462.43400000001,25901.204,26016.92900000001,26196.21200000001,26016.291
2024-01-04,24688.146,24609.574,21311.674,21674.597,22967.42200000001,23826.041,24005.795,23857.552,23453.532,21206.651,21577.842,22977.50100000001,24462.43400000001,25901.204,26016.92900000001,26196.21200000001
2024-01-05,24710.861,24688.146,24609.574,21311.674,21674.597,22967.42200000001,23826.041,24005.795,23857.552,23453.532,21206.651,21577.842,22977.50100000001,24462.43400000001,25901.204,26016.92900000001
2024-01-06,24268.339,24710.861,24688.146,24609.574,21311.674,21674.597,22967.42200000001,23826.041,24005.795,23857.552,23453.532,21206.651,21577.842,22977.50100000001,24462.43400000001,25901.204
2024-01-07,23626.667,24268.339,24710.861,24688.146,24609.574,21311.674,21674.597,22967.42200000001,23826.041,24005.795,23857.552,23453.532,21206.651,21577.842,22977.50100000001,24462.43400000001
2024-01-08,24241.497,23626.667,24268.339,24710.861,24688.146,24609.574,21311.674,21674.597,22967.42200000001,23826.041,24005.795,23857.552,23453.532,21206.651,21577.842,22977.50100000001
2024-01-09,26800.535,24241.497,23626.667,24268.339,24710.861,24688.146,24609.574,21311.674,21674.597,22967.42200000001,23826.041,24005.795,23857.552,23453.532,21206.651,21577.842
2024-01-10,26975.379,26800.535,24241.497,23626.667,24268.339,24710.861,24688.146,24609.574,21311.674,21674.597,22967.42200000001,23826.041,24005.795,23857.552,23453.532,21206.651
2024-01-11,26882.07000000001,26975.379,26800.535,24241.497,23626.667,24268.339,24710.861,24688.146,24609.574,21311.674,21674.597,22967.42200000001,23826.041,24005.795,23857.552,23453.532
2024-01-12,27539.75,26882.07000000001,26975.379,26800.535,24241.497,23626.667,24268.339,24710.861,24688.146,24609.574,21311.674,21674.597,22967.42200000001,23826.041,24005.795,23857.552
2024-01-13,27523.005,27539.75,26882.07000000001,26975.379,26800.535,24241.497,23626.667,24268.339,24710.861,24688.146,24609.574,21311.674,21674.597,22967.42200000001,23826.041,24005.795
2024-01-14,25132.155,27523.005,27539.75,26882.07000000001,26975.379,26800.535,24241.497,23626.667,24268.339,24710.861,24688.146,24609.574,21311.674,21674.597,22967.42200000001,23826.041
2024-01-15,24000.30800000001,25132.155,27523.005,27539.75,26882.07000000001,26975.379,26800.535,24241.497,23626.667,24268.339,24710.861,24688.146,24609.574,21311.674,21674.597,22967.42200000001
2024-01-16,25742.153,24000.30800000001,25132.155,27523.005,27539.75,26882.07000000001,26975.379,26800.535,24241.497,23626.667,24268.339,24710.861,24688.146,24609.574,21311.674,21674.597
2024-01-17,25905.135,25742.153,24000.30800000001,25132.155,27523.005,27539.75,26882.07000000001,26975.379,26800.535,24241.497,23626.667,24268.339,24710.861,24688.146,24609.574,21311.674
2024-01-18,25472.08300000001,25905.135,25742.153,24000.30800000001,25132.155,27523.005,27539.75,26882.07000000001,26975.379,26800.535,24241.497,23626.667,24268.339,24710.861,24688.146,24609.574
2024-01-19,25715.98300000001,25472.08300000001,25905.135,25742.153,24000.30800000001,25132.155,27523.005,27539.75,26882.07000000001,26975.379,26800.535,24241.497,23626.667,24268.339,24710.861,24688.146
2024-01-20,26442.987,25715.98300000001,25472.08300000001,25905.135,25742.153,24000.30800000001,25132.155,27523.005,27539.75,26882.07000000001,26975.379,26800.535,24241.497,23626.667,24268.339,24710.861
2024-01-21,24575.862,26442.987,25715.98300000001,25472.08300000001,25905.135,25742.153,24000.30800000001,25132.155,27523.005,27539.75,26882.07000000001,26975.379,26800.535,24241.497,23626.667,24268.339
2024-01-22,24031.78700000001,24575.862,26442.987,25715.98300000001,25472.08300000001,25905.135,25742.153,24000.30800000001,25132.155,27523.005,27539.75,26882.07000000001,26975.379,26800.535,24241.497,23626.667
2024-01-23,25735.774,24031.78700000001,24575.862,26442.987,25715.98300000001,25472.08300000001,25905.135,25742.153,24000.30800000001,25132.155,27523.005,27539.75,26882.07000000001,26975.379,26800.535,24241.497
2024-01-24,25622.0,25735.774,24031.78700000001,24575.862,26442.987,25715.98300000001,25472.08300000001,25905.135,25742.153,24000.30800000001,25132.155,27523.005,27539.75,26882.07000000001,26975.379,26800.535
2024-01-25,25591.096,25622.0,25735.774,24031.78700000001,24575.862,26442.987,25715.98300000001,25472.08300000001,25905.135,25742.153,24000.30800000001,25132.155,27523.005,27539.75,26882.07000000001,26975.379
2024-01-26,25195.06,25591.096,25622.0,25735.774,24031.78700000001,24575.862,26442.987,25715.98300000001,25472.08300000001,25905.135,25742.153,24000.30800000001,25132.155,27523.005,27539.75,26882.07000000001
2024-01-27,24834.061,25195.06,25591.096,25622.0,25735.774,24031.78700000001,24575.862,26442.987,25715.98300000001,25472.08300000001,25905.135,25742.153,24000.30800000001,25132.155,27523.005,27539.75
2024-01-28,22770.113,24834.061,25195.06,25591.096,25622.0,25735.774,24031.78700000001,24575.862,26442.987,25715.98300000001,25472.08300000001,25905.135,25742.153,24000.30800000001,25132.155,27523.005
2024-01-29,22478.589,22770.113,24834.061,25195.06,25591.096,25622.0,25735.774,24031.78700000001,24575.862,26442.987,25715.98300000001,25472.08300000001,25905.135,25742.153,24000.30800000001,25132.155
2024-01-30,24807.363,22478.589,22770.113,24834.061,25195.06,25591.096,25622.0,25735.774,24031.78700000001,24575.862,26442.987,25715.98300000001,25472.08300000001,25905.135,25742.153,24000.30800000001
2024-01-31,25172.768,24807.363,22478.589,22770.113,24834.061,25195.06,25591.096,25622.0,25735.774,24031.78700000001,24575.862,26442.987,25715.98300000001,25472.08300000001,25905.135,25742.153
2024-02-01,25409.06400000001,25172.768,24807.363,22478.589,22770.113,24834.061,25195.06,25591.096,25622.0,25735.774,24031.78700000001,24575.862,26442.987,25715.98300000001,25472.08300000001,25905.135
2024-02-02,25639.176,25409.06400000001,25172.768,24807.363,22478.589,22770.113,24834.061,25195.06,25591.096,25622.0,25735.774,24031.78700000001,24575.862,26442.987,25715.98300000001,25472.08300000001
2024-02-03,25419.514,25639.176,25409.06400000001,25172.768,24807.363,22478.589,22770.113,24834.061,25195.06,25591.096,25622.0,25735.774,24031.78700000001,24575.862,26442.987,25715.98300000001
2024-02-04,23246.043,25419.514,25639.176,25409.06400000001,25172.768,24807.363,22478.589,22770.113,24834.061,25195.06,25591.096,25622.0,25735.774,24031.78700000001,24575.862,26442.987
2024-02-05,23052.83,23246.043,25419.514,25639.176,25409.06400000001,25172.768,24807.363,22478.589,22770.113,24834.061,25195.06,25591.096,25622.0,25735.774,24031.78700000001,24575.862
2024-02-06,25160.566,23052.83,23246.043,25419.514,25639.176,25409.06400000001,25172.768,24807.363,22478.589,22770.113,24834.061,25195.06,25591.096,25622.0,25735.774,24031.78700000001
2024-02-07,25184.113,25160.566,23052.83,23246.043,25419.514,25639.176,25409.06400000001,25172.768,24807.363,22478.589,22770.113,24834.061,25195.06,25591.096,25622.0,25735.774
2024-02-08,25527.343,25184.113,25160.566,23052.83,23246.043,25419.514,25639.176,25409.06400000001,25172.768,24807.363,22478.589,22770.113,24834.061,25195.06,25591.096,25622.0
2024-02-09,25536.776,25527.343,25184.113,25160.566,23052.83,23246.043,25419.514,25639.176,25409.06400000001,25172.768,24807.363,22478.589,22770.113,24834.061,25195.06,25591.096
2024-02-10,25516.853,25536.776,25527.343,25184.113,25160.566,23052.83,23246.043,25419.514,25639.176,25409.06400000001,25172.768,24807.363,22478.589,22770.113,24834.061,25195.06
2024-02-11,23797.52,25516.853,25536.776,25527.343,25184.113,25160.566,23052.83,23246.043,25419.514,25639.176,25409.06400000001,25172.768,24807.363,22478.589,22770.113,24834.061
2024-02-12,23583.82000000001,23797.52,25516.853,25536.776,25527.343,25184.113,25160.566,23052.83,23246.043,25419.514,25639.176,25409.06400000001,25172.768,24807.363,22478.589,22770.113
2024-02-13,24779.845,23583.82000000001,23797.52,25516.853,25536.776,25527.343,25184.113,25160.566,23052.83,23246.043,25419.514,25639.176,25409.06400000001,25172.768,24807.363,22478.589
2024-02-14,24794.949,24779.845,23583.82000000001,23797.52,25516.853,25536.776,25527.343,25184.113,25160.566,23052.83,23246.043,25419.514,25639.176,25409.06400000001,25172.768,24807.363
2024-02-15,24712.05700000001,24794.949,24779.845,23583.82000000001,23797.52,25516.853,25536.776,25527.343,25184.113,25160.566,23052.83,23246.043,25419.514,25639.176,25409.06400000001,25172.768
2024-02-16,24926.318,24712.05700000001,24794.949,24779.845,23583.82000000001,23797.52,25516.853,25536.776,25527.343,25184.113,25160.566,23052.83,23246.043,25419.514,25639.176,25409.06400000001
2024-02-17,24860.26300000001,24926.318,24712.05700000001,24794.949,24779.845,23583.82000000001,23797.52,25516.853,25536.776,25527.343,25184.113,25160.566,23052.83,23246.043,25419.514,25639.176
2024-02-18,22367.252,24860.26300000001,24926.318,24712.05700000001,24794.949,24779.845,23583.82000000001,23797.52,25516.853,25536.776,25527.343,25184.113,25160.566,23052.83,23246.043,25419.514
2024-02-19,22291.073,22367.252,24860.26300000001,24926.318,24712.05700000001,24794.949,24779.845,23583.82000000001,23797.52,25516.853,25536.776,25527.343,25184.113,25160.566,23052.83,23246.043
2024-02-20,24485.739,22291.073,22367.252,24860.26300000001,24926.318,24712.05700000001,24794.949,24779.845,23583.82000000001,23797.52,25516.853,25536.776,25527.343,25184.113,25160.566,23052.83
2024-02-21,24374.281,24485.739,22291.073,22367.252,24860.26300000001,24926.318,24712.05700000001,24794.949,24779.845,23583.82000000001,23797.52,25516.853,25536.776,25527.343,25184.113,25160.566
2024-02-22,24795.627,24374.281,24485.739,22291.073,22367.252,24860.26300000001,24926.318,24712.05700000001,24794.949,24779.845,23583.82000000001,23797.52,25516.853,25536.776,25527.343,25184.113
2024-02-23,25067.05700000001,24795.627,24374.281,24485.739,22291.073,22367.252,24860.26300000001,24926.318,24712.05700000001,24794.949,24779.845,23583.82000000001,23797.52,25516.853,25536.776,25527.343
2024-02-24,25437.15,25067.05700000001,24795.627,24374.281,24485.739,22291.073,22367.252,24860.26300000001,24926.318,24712.05700000001,24794.949,24779.845,23583.82000000001,23797.52,25516.853,25536.776
2024-02-25,23415.246,25437.15,25067.05700000001,24795.627,24374.281,24485.739,22291.073,22367.252,24860.26300000001,24926.318,24712.05700000001,24794.949,24779.845,23583.82000000001,23797.52,25516.853
2024-02-26,22959.214,23415.246,25437.15,25067.05700000001,24795.627,24374.281,24485.739,22291.073,22367.252,24860.26300000001,24926.318,24712.05700000001,24794.949,24779.845,23583.82000000001,23797.52
2024-02-27,25434.143,22959.214,23415.246,25437.15,25067.05700000001,24795.627,24374.281,24485.739,22291.073,22367.252,24860.26300000001,24926.318,24712.05700000001,24794.949,24779.845,23583.82000000001
2024-02-28,25918.57800000001,25434.143,22959.214,23415.246,25437.15,25067.05700000001,24795.627,24374.281,24485.739,22291.073,22367.252,24860.26300000001,24926.318,24712.05700000001,24794.949,24779.845
2024-02-29,25534.985,25918.57800000001,25434.143,22959.214,23415.246,25437.15,25067.05700000001,24795.627,24374.281,24485.739,22291.073,22367.252,24860.26300000001,24926.318,24712.05700000001,24794.949
2024-03-01,25822.226,25534.985,25918.57800000001,25434.143,22959.214,23415.246,25437.15,25067.05700000001,24795.627,24374.281,24485.739,22291.073,22367.252,24860.26300000001,24926.318,24712.05700000001
2024-03-02,25739.86,25822.226,25534.985,25918.57800000001,25434.143,22959.214,23415.246,25437.15,25067.05700000001,24795.627,24374.281,24485.739,22291.073,22367.252,24860.26300000001,24926.318
2024-03-03,23841.93400000001,25739.86,25822.226,25534.985,25918.57800000001,25434.143,22959.214,23415.246,25437.15,25067.05700000001,24795.627,24374.281,24485.739,22291.073,22367.252,24860.26300000001
2024-03-04,23632.409,23841.93400000001,25739.86,25822.226,25534.985,25918.57800000001,25434.143,22959.214,23415.246,25437.15,25067.05700000001,24795.627,24374.281,24485.739,22291.073,22367.252
2024-03-05,25577.232,23632.409,23841.93400000001,25739.86,25822.226,25534.985,25918.57800000001,25434.143,22959.214,23415.246,25437.15,25067.05700000001,24795.627,24374.281,24485.739,22291.073
2024-03-06,25542.37800000001,25577.232,23632.409,23841.93400000001,25739.86,25822.226,25534.985,25918.57800000001,25434.143,22959.214,23415.246,25437.15,25067.05700000001,24795.627,24374.281,24485.739
2024-03-07,25561.553,25542.37800000001,25577.232,23632.409,23841.93400000001,25739.86,25822.226,25534.985,25918.57800000001,25434.143,22959.214,23415.246,25437.15,25067.05700000001,24795.627,24374.281
2024-03-08,25894.701,25561.553,25542.37800000001,25577.232,23632.409,23841.93400000001,25739.86,25822.226,25534.985,25918.57800000001,25434.143,22959.214,23415.246,25437.15,25067.05700000001,24795.627
2024-03-09,26149.475,25894.701,25561.553,25542.37800000001,25577.232,23632.409,23841.93400000001,25739.86,25822.226,25534.985,25918.57800000001,25434.143,22959.214,23415.246,25437.15,25067.05700000001
2024-03-10,24138.51,26149.475,25894.701,25561.553,25542.37800000001,25577.232,23632.409,23841.93400000001,25739.86,25822.226,25534.985,25918.57800000001,25434.143,22959.214,23415.246,25437.15
2024-03-11,23535.141,24138.51,26149.475,25894.701,25561.553,25542.37800000001,25577.232,23632.409,23841.93400000001,25739.86,25822.226,25534.985,25918.57800000001,25434.143,22959.214,23415.246
2024-03-12,25105.33700000001,23535.141,24138.51,26149.475,25894.701,25561.553,25542.37800000001,25577.232,23632.409,23841.93400000001,25739.86,25822.226,25534.985,25918.57800000001,25434.143,22959.214
2024-03-13,25272.26400000001,25105.33700000001,23535.141,24138.51,26149.475,25894.701,25561.553,25542.37800000001,25577.232,23632.409,23841.93400000001,25739.86,25822.226,25534.985,25918.57800000001,25434.143
2024-03-14,25543.343,25272.26400000001,25105.33700000001,23535.141,24138.51,26149.475,25894.701,25561.553,25542.37800000001,25577.232,23632.409,23841.93400000001,25739.86,25822.226,25534.985,25918.57800000001
2024-03-15,25313.152,25543.343,25272.26400000001,25105.33700000001,23535.141,24138.51,26149.475,25894.701,25561.553,25542.37800000001,25577.232,23632.409,23841.93400000001,25739.86,25822.226,25534.985
2024-03-16,24868.906,25313.152,25543.343,25272.26400000001,25105.33700000001,23535.141,24138.51,26149.475,25894.701,25561.553,25542.37800000001,25577.232,23632.409,23841.93400000001,25739.86,25822.226
2024-03-17,22436.391,24868.906,25313.152,25543.343,25272.26400000001,25105.33700000001,23535.141,24138.51,26149.475,25894.701,25561.553,25542.37800000001,25577.232,23632.409,23841.93400000001,25739.86
2024-03-18,22197.037,22436.391,24868.906,25313.152,25543.343,25272.26400000001,25105.33700000001,23535.141,24138.51,26149.475,25894.701,25561.553,25542.37800000001,25577.232,23632.409,23841.93400000001
2024-03-19,23463.685,22197.037,22436.391,24868.906,25313.152,25543.343,25272.26400000001,25105.33700000001,23535.141,24138.51,26149.475,25894.701,25561.553,25542.37800000001,25577.232,23632.409
2024-03-20,23194.713,23463.685,22197.037,22436.391,24868.906,25313.152,25543.343,25272.26400000001,25105.33700000001,23535.141,24138.51,26149.475,25894.701,25561.553,25542.37800000001,25577.232
2024-03-21,24034.619,23194.713,23463.685,22197.037,22436.391,24868.906,25313.152,25543.343,25272.26400000001,25105.33700000001,23535.141,24138.51,26149.475,25894.701,25561.553,25542.37800000001
2024-03-22,24283.325,24034.619,23194.713,23463.685,22197.037,22436.391,24868.906,25313.152,25543.343,25272.26400000001,25105.33700000001,23535.141,24138.51,26149.475,25894.701,25561.553
2024-03-23,23974.963,24283.325,24034.619,23194.713,23463.685,22197.037,22436.391,24868.906,25313.152,25543.343,25272.26400000001,25105.33700000001,23535.141,24138.51,26149.475,25894.701
2024-03-24,21741.254,23974.963,24283.325,24034.619,23194.713,23463.685,22197.037,22436.391,24868.906,25313.152,25543.343,25272.26400000001,25105.33700000001,23535.141,24138.51,26149.475
2024-03-25,21721.512,21741.254,23974.963,24283.325,24034.619,23194.713,23463.685,22197.037,22436.391,24868.906,25313.152,25543.343,25272.26400000001,25105.33700000001,23535.141,24138.51
2024-03-26,23931.88,21721.512,21741.254,23974.963,24283.325,24034.619,23194.713,23463.685,22197.037,22436.391,24868.906,25313.152,25543.343,25272.26400000001,25105.33700000001,23535.141
2024-03-27,24946.316,23931.88,21721.512,21741.254,23974.963,24283.325,24034.619,23194.713,23463.685,22197.037,22436.391,24868.906,25313.152,25543.343,25272.26400000001,25105.33700000001
2024-03-28,24006.463,24946.316,23931.88,21721.512,21741.254,23974.963,24283.325,24034.619,23194.713,23463.685,22197.037,22436.391,24868.906,25313.152,25543.343,25272.26400000001
2024-03-29,22542.269,24006.463,24946.316,23931.88,21721.512,21741.254,23974.963,24283.325,24034.619,23194.713,23463.685,22197.037,22436.391,24868.906,25313.152,25543.343
2024-03-30,21891.283,22542.269,24006.463,24946.316,23931.88,21721.512,21741.254,23974.963,24283.325,24034.619,23194.713,23463.685,22197.037,22436.391,24868.906,25313.152
2024-03-31,22099.18900000001,21891.283,22542.269,24006.463,24946.316,23931.88,21721.512,21741.254,23974.963,24283.325,24034.619,23194.713,23463.685,22197.037,22436.391,24868.906
2024-04-01,22486.376,22099.18900000001,21891.283,22542.269,24006.463,24946.316,23931.88,21721.512,21741.254,23974.963,24283.325,24034.619,23194.713,23463.685,22197.037,22436.391
2024-04-02,23636.531,22486.376,22099.18900000001,21891.283,22542.269,24006.463,24946.316,23931.88,21721.512,21741.254,23974.963,24283.325,24034.619,23194.713,23463.685,22197.037
2024-04-03,25094.744,23636.531,22486.376,22099.18900000001,21891.283,22542.269,24006.463,24946.316,23931.88,21721.512,21741.254,23974.963,24283.325,24034.619,23194.713,23463.685
2024-04-04,24414.755,25094.744,23636.531,22486.376,22099.18900000001,21891.283,22542.269,24006.463,24946.316,23931.88,21721.512,21741.254,23974.963,24283.325,24034.619,23194.713
2024-04-05,24413.338,24414.755,25094.744,23636.531,22486.376,22099.18900000001,21891.283,22542.269,24006.463,24946.316,23931.88,21721.512,21741.254,23974.963,24283.325,24034.619
2024-04-06,24382.638,24413.338,24414.755,25094.744,23636.531,22486.376,22099.18900000001,21891.283,22542.269,24006.463,24946.316,23931.88,21721.512,21741.254,23974.963,24283.325
2024-04-07,22190.794,24382.638,24413.338,24414.755,25094.744,23636.531,22486.376,22099.18900000001,21891.283,22542.269,24006.463,24946.316,23931.88,21721.512,21741.254,23974.963
2024-04-08,22235.881,22190.794,24382.638,24413.338,24414.755,25094.744,23636.531,22486.376,22099.18900000001,21891.283,22542.269,24006.463,24946.316,23931.88,21721.512,21741.254
2024-04-09,23720.784,22235.881,22190.794,24382.638,24413.338,24414.755,25094.744,23636.531,22486.376,22099.18900000001,21891.283,22542.269,24006.463,24946.316,23931.88,21721.512
2024-04-10,24159.28400000001,23720.784,22235.881,22190.794,24382.638,24413.338,24414.755,25094.744,23636.531,22486.376,22099.18900000001,21891.283,22542.269,24006.463,24946.316,23931.88
2024-04-11,23968.95,24159.28400000001,23720.784,22235.881,22190.794,24382.638,24413.338,24414.755,25094.744,23636.531,22486.376,22099.18900000001,21891.283,22542.269,24006.463,24946.316
2024-04-12,24336.963,23968.95,24159.28400000001,23720.784,22235.881,22190.794,24382.638,24413.338,24414.755,25094.744,23636.531,22486.376,22099.18900000001,21891.283,22542.269,24006.463
2024-04-13,23756.652,24336.963,23968.95,24159.28400000001,23720.784,22235.881,22190.794,24382.638,24413.338,24414.755,25094.744,23636.531,22486.376,22099.18900000001,21891.283,22542.269
2024-04-14,21523.408,23756.652,24336.963,23968.95,24159.28400000001,23720.784,22235.881,22190.794,24382.638,24413.338,24414.755,25094.744,23636.531,22486.376,22099.18900000001,21891.283
2024-04-15,21710.46600000001,21523.408,23756.652,24336.963,23968.95,24159.28400000001,23720.784,22235.881,22190.794,24382.638,24413.338,24414.755,25094.744,23636.531,22486.376,22099.18900000001
2024-04-16,23681.383,21710.46600000001,21523.408,23756.652,24336.963,23968.95,24159.28400000001,23720.784,22235.881,22190.794,24382.638,24413.338,24414.755,25094.744,23636.531,22486.376
2024-04-17,23839.182,23681.383,21710.46600000001,21523.408,23756.652,24336.963,23968.95,24159.28400000001,23720.784,22235.881,22190.794,24382.638,24413.338,24414.755,25094.744,23636.531
2024-04-18,24039.836,23839.182,23681.383,21710.46600000001,21523.408,23756.652,24336.963,23968.95,24159.28400000001,23720.784,22235.881,22190.794,24382.638,24413.338,24414.755,25094.744
2024-04-19,24172.376,24039.836,23839.182,23681.383,21710.46600000001,21523.408,23756.652,24336.963,23968.95,24159.28400000001,23720.784,22235.881,22190.794,24382.638,24413.338,24414.755
2024-04-20,23692.262,24172.376,24039.836,23839.182,23681.383,21710.46600000001,21523.408,23756.652,24336.963,23968.95,24159.28400000001,23720.784,22235.881,22190.794,24382.638,24413.338
2024-04-21,21772.865,23692.262,24172.376,24039.836,23839.182,23681.383,21710.46600000001,21523.408,23756.652,24336.963,23968.95,24159.28400000001,23720.784,22235.881,22190.794,24382.638
2024-04-22,21982.61400000001,21772.865,23692.262,24172.376,24039.836,23839.182,23681.383,21710.46600000001,21523.408,23756.652,24336.963,23968.95,24159.28400000001,23720.784,22235.881,22190.794
2024-04-23,23922.038,21982.61400000001,21772.865,23692.262,24172.376,24039.836,23839.182,23681.383,21710.46600000001,21523.408,23756.652,24336.963,23968.95,24159.28400000001,23720.784,22235.881
2024-04-24,24106.98500000001,23922.038,21982.61400000001,21772.865,23692.262,24172.376,24039.836,23839.182,23681.383,21710.46600000001,21523.408,23756.652,24336.963,23968.95,24159.28400000001,23720.784
2024-04-25,24304.773,24106.98500000001,23922.038,21982.61400000001,21772.865,23692.262,24172.376,24039.836,23839.182,23681.383,21710.46600000001,21523.408,23756.652,24336.963,23968.95,24159.28400000001
2024-04-26,24416.517,24304.773,24106.98500000001,23922.038,21982.61400000001,21772.865,23692.262,24172.376,24039.836,23839.182,23681.383,21710.46600000001,21523.408,23756.652,24336.963,23968.95
2024-04-27,24240.13300000001,24416.517,24304.773,24106.98500000001,23922.038,21982.61400000001,21772.865,23692.262,24172.376,24039.836,23839.182,23681.383,21710.46600000001,21523.408,23756.652,24336.963
2024-04-28,22028.16,24240.13300000001,24416.517,24304.773,24106.98500000001,23922.038,21982.61400000001,21772.865,23692.262,24172.376,24039.836,23839.182,23681.383,21710.46600000001,21523.408,23756.652
2024-04-29,22103.881,22028.16,24240.13300000001,24416.517,24304.773,24106.98500000001,23922.038,21982.61400000001,21772.865,23692.262,24172.376,24039.836,23839.182,23681.383,21710.46600000001,21523.408
2024-04-30,23301.373,22103.881,22028.16,24240.13300000001,24416.517,24304.773,24106.98500000001,23922.038,21982.61400000001,21772.865,23692.262,24172.376,24039.836,23839.182,23681.383,21710.46600000001
2024-05-01,22691.6,23301.373,22103.881,22028.16,24240.13300000001,24416.517,24304.773,24106.98500000001,23922.038,21982.61400000001,21772.865,23692.262,24172.376,24039.836,23839.182,23681.383
2024-05-02,21421.8,22691.6,23301.373,22103.881,22028.16,24240.13300000001,24416.517,24304.773,24106.98500000001,23922.038,21982.61400000001,21772.865,23692.262,24172.376,24039.836,23839.182
2024-05-03,23775.1,21421.8,22691.6,23301.373,22103.881,22028.16,24240.13300000001,24416.517,24304.773,24106.98500000001,23922.038,21982.61400000001,21772.865,23692.262,24172.376,24039.836
2024-05-04,24110.5,23775.1,21421.8,22691.6,23301.373,22103.881,22028.16,24240.13300000001,24416.517,24304.773,24106.98500000001,23922.038,21982.61400000001,21772.865,23692.262,24172.376
2024-05-05,22013.4,24110.5,23775.1,21421.8,22691.6,23301.373,22103.881,22028.16,24240.13300000001,24416.517,24304.773,24106.98500000001,23922.038,21982.61400000001,21772.865,23692.262
2024-05-06,21787.2,22013.4,24110.5,23775.1,21421.8,22691.6,23301.373,22103.881,22028.16,24240.13300000001,24416.517,24304.773,24106.98500000001,23922.038,21982.61400000001,21772.865
2024-05-07,23210.6,21787.2,22013.4,24110.5,23775.1,21421.8,22691.6,23301.373,22103.881,22028.16,24240.13300000001,24416.517,24304.773,24106.98500000001,23922.038,21982.61400000001
2024-05-08,23859.5,23210.6,21787.2,22013.4,24110.5,23775.1,21421.8,22691.6,23301.373,22103.881,22028.16,24240.13300000001,24416.517,24304.773,24106.98500000001,23922.038
2024-05-09,23757.9,23859.5,23210.6,21787.2,22013.4,24110.5,23775.1,21421.8,22691.6,23301.373,22103.881,22028.16,24240.13300000001,24416.517,24304.773,24106.98500000001
2024-05-10,24137.5,23757.9,23859.5,23210.6,21787.2,22013.4,24110.5,23775.1,21421.8,22691.6,23301.373,22103.881,22028.16,24240.13300000001,24416.517,24304.773
2024-05-11,23351.90000000001,24137.5,23757.9,23859.5,23210.6,21787.2,22013.4,24110.5,23775.1,21421.8,22691.6,23301.373,22103.881,22028.16,24240.13300000001,24416.517
2024-05-12,21553.6,23351.90000000001,24137.5,23757.9,23859.5,23210.6,21787.2,22013.4,24110.5,23775.1,21421.8,22691.6,23301.373,22103.881,22028.16,24240.13300000001
2024-05-13,21424.8,21553.6,23351.90000000001,24137.5,23757.9,23859.5,23210.6,21787.2,22013.4,24110.5,23775.1,21421.8,22691.6,23301.373,22103.881,22028.16
2024-05-14,23975.00000000001,21424.8,21553.6,23351.90000000001,24137.5,23757.9,23859.5,23210.6,21787.2,22013.4,24110.5,23775.1,21421.8,22691.6,23301.373,22103.881
2024-05-15,23920.1,23975.00000000001,21424.8,21553.6,23351.90000000001,24137.5,23757.9,23859.5,23210.6,21787.2,22013.4,24110.5,23775.1,21421.8,22691.6,23301.373
2024-05-16,23567.0,23920.1,23975.00000000001,21424.8,21553.6,23351.90000000001,24137.5,23757.9,23859.5,23210.6,21787.2,22013.4,24110.5,23775.1,21421.8,22691.6
2024-05-17,24098.3,23567.0,23920.1,23975.00000000001,21424.8,21553.6,23351.90000000001,24137.5,23757.9,23859.5,23210.6,21787.2,22013.4,24110.5,23775.1,21421.8
2024-05-18,23571.3,24098.3,23567.0,23920.1,23975.00000000001,21424.8,21553.6,23351.90000000001,24137.5,23757.9,23859.5,23210.6,21787.2,22013.4,24110.5,23775.1
2024-05-19,21474.1,23571.3,24098.3,23567.0,23920.1,23975.00000000001,21424.8,21553.6,23351.90000000001,24137.5,23757.9,23859.5,23210.6,21787.2,22013.4,24110.5
2024-05-20,21539.5,21474.1,23571.3,24098.3,23567.0,23920.1,23975.00000000001,21424.8,21553.6,23351.90000000001,24137.5,23757.9,23859.5,23210.6,21787.2,22013.4
2024-05-21,23455.1,21539.5,21474.1,23571.3,24098.3,23567.0,23920.1,23975.00000000001,21424.8,21553.6,23351.90000000001,24137.5,23757.9,23859.5,23210.6,21787.2
2024-05-22,23558.2,23455.1,21539.5,21474.1,23571.3,24098.3,23567.0,23920.1,23975.00000000001,21424.8,21553.6,23351.90000000001,24137.5,23757.9,23859.5,23210.6
2024-05-23,22952.9,23558.2,23455.1,21539.5,21474.1,23571.3,24098.3,23567.0,23920.1,23975.00000000001,21424.8,21553.6,23351.90000000001,24137.5,23757.9,23859.5
2024-05-24,23921.1,22952.9,23558.2,23455.1,21539.5,21474.1,23571.3,24098.3,23567.0,23920.1,23975.00000000001,21424.8,21553.6,23351.90000000001,24137.5,23757.9
2024-05-25,23830.2,23921.1,22952.9,23558.2,23455.1,21539.5,21474.1,23571.3,24098.3,23567.0,23920.1,23975.00000000001,21424.8,21553.6,23351.90000000001,24137.5
2024-05-26,21626.1,23830.2,23921.1,22952.9,23558.2,23455.1,21539.5,21474.1,23571.3,24098.3,23567.0,23920.1,23975.00000000001,21424.8,21553.6,23351.90000000001
2024-05-27,21911.40000000001,21626.1,23830.2,23921.1,22952.9,23558.2,23455.1,21539.5,21474.1,23571.3,24098.3,23567.0,23920.1,23975.00000000001,21424.8,21553.6
2024-05-28,24233.9,21911.40000000001,21626.1,23830.2,23921.1,22952.9,23558.2,23455.1,21539.5,21474.1,23571.3,24098.3,23567.0,23920.1,23975.00000000001,21424.8
2024-05-29,24440.8,24233.9,21911.40000000001,21626.1,23830.2,23921.1,22952.9,23558.2,23455.1,21539.5,21474.1,23571.3,24098.3,23567.0,23920.1,23975.00000000001
2024-05-30,25060.0,24440.8,24233.9,21911.40000000001,21626.1,23830.2,23921.1,22952.9,23558.2,23455.1,21539.5,21474.1,23571.3,24098.3,23567.0,23920.1
2024-05-31,25220.0,25060.0,24440.8,24233.9,21911.40000000001,21626.1,23830.2,23921.1,22952.9,23558.2,23455.1,21539.5,21474.1,23571.3,24098.3,23567.0
