Date,Gas_Price,Gas_Price_lag1,Gas_Price_lag2,Gas_Price_lag3,Gas_Price_lag4,Gas_Price_lag5,Gas_Price_lag6,Gas_Price_lag7,Gas_Price_lag8,Gas_Price_lag9,Gas_Price_lag10,Gas_Price_lag11,Gas_Price_lag12,Gas_Price_lag13,Gas_Price_lag14,Gas_Price_lag15
2023-01-16,60.0,60.13,61.79,63.18,61.7,63.25,69.78,63.9,64.55,62.34,59.3,58.0,63.0,71.49,52.85,70.45
2023-01-17,52.9,60.0,60.13,61.79,63.18,61.7,63.25,69.78,63.9,64.55,62.34,59.3,58.0,63.0,71.49,52.85
2023-01-18,55.8,52.9,60.0,60.13,61.79,63.18,61.7,63.25,69.78,63.9,64.55,62.34,59.3,58.0,63.0,71.49
2023-01-19,57.52,55.8,52.9,60.0,60.13,61.79,63.18,61.7,63.25,69.78,63.9,64.55,62.34,59.3,58.0,63.0
2023-01-20,60.0,57.52,55.8,52.9,60.0,60.13,61.79,63.18,61.7,63.25,69.78,63.9,64.55,62.34,59.3,58.0
2023-01-21,66.0,60.0,57.52,55.8,52.9,60.0,60.13,61.79,63.18,61.7,63.25,69.78,63.9,64.55,62.34,59.3
2023-01-22,67.62,66.0,60.0,57.52,55.8,52.9,60.0,60.13,61.79,63.18,61.7,63.25,69.78,63.9,64.55,62.34
2023-01-23,64.04,67.62,66.0,60.0,57.52,55.8,52.9,60.0,60.13,61.79,63.18,61.7,63.25,69.78,63.9,64.55
2023-01-24,62.23,64.04,67.62,66.0,60.0,57.52,55.8,52.9,60.0,60.13,61.79,63.18,61.7,63.25,69.78,63.9
2023-01-25,54.66,62.23,64.04,67.62,66.0,60.0,57.52,55.8,52.9,60.0,60.13,61.79,63.18,61.7,63.25,69.78
2023-01-26,52.15,54.66,62.23,64.04,67.62,66.0,60.0,57.52,55.8,52.9,60.0,60.13,61.79,63.18,61.7,63.25
2023-01-27,50.09,52.15,54.66,62.23,64.04,67.62,66.0,60.0,57.52,55.8,52.9,60.0,60.13,61.79,63.18,61.7
2023-01-28,56.18,50.09,52.15,54.66,62.23,64.04,67.62,66.0,60.0,57.52,55.8,52.9,60.0,60.13,61.79,63.18
2023-01-29,56.83,56.18,50.09,52.15,54.66,62.23,64.04,67.62,66.0,60.0,57.52,55.8,52.9,60.0,60.13,61.79
2023-01-30,53.75,56.83,56.18,50.09,52.15,54.66,62.23,64.04,67.62,66.0,60.0,57.52,55.8,52.9,60.0,60.13
2023-01-31,54.2,53.75,56.83,56.18,50.09,52.15,54.66,62.23,64.04,67.62,66.0,60.0,57.52,55.8,52.9,60.0
2023-02-01,54.89,54.2,53.75,56.83,56.18,50.09,52.15,54.66,62.23,64.04,67.62,66.0,60.0,57.52,55.8,52.9
2023-02-02,57.57,54.89,54.2,53.75,56.83,56.18,50.09,52.15,54.66,62.23,64.04,67.62,66.0,60.0,57.52,55.8
2023-02-03,54.8,57.57,54.89,54.2,53.75,56.83,56.18,50.09,52.15,54.66,62.23,64.04,67.62,66.0,60.0,57.52
2023-02-04,58.25,54.8,57.57,54.89,54.2,53.75,56.83,56.18,50.09,52.15,54.66,62.23,64.04,67.62,66.0,60.0
2023-02-05,60.63,58.25,54.8,57.57,54.89,54.2,53.75,56.83,56.18,50.09,52.15,54.66,62.23,64.04,67.62,66.0
2023-02-06,56.56,60.63,58.25,54.8,57.57,54.89,54.2,53.75,56.83,56.18,50.09,52.15,54.66,62.23,64.04,67.62
2023-02-07,55.64,56.56,60.63,58.25,54.8,57.57,54.89,54.2,53.75,56.83,56.18,50.09,52.15,54.66,62.23,64.04
2023-02-08,53.13,55.64,56.56,60.63,58.25,54.8,57.57,54.89,54.2,53.75,56.83,56.18,50.09,52.15,54.66,62.23
2023-02-09,52.65,53.13,55.64,56.56,60.63,58.25,54.8,57.57,54.89,54.2,53.75,56.83,56.18,50.09,52.15,54.66
2023-02-10,52.49,52.65,53.13,55.64,56.56,60.63,58.25,54.8,57.57,54.89,54.2,53.75,56.83,56.18,50.09,52.15
2023-02-11,55.07,52.49,52.65,53.13,55.64,56.56,60.63,58.25,54.8,57.57,54.89,54.2,53.75,56.83,56.18,50.09
2023-02-12,56.13,55.07,52.49,52.65,53.13,55.64,56.56,60.63,58.25,54.8,57.57,54.89,54.2,53.75,56.83,56.18
2023-02-13,51.61,56.13,55.07,52.49,52.65,53.13,55.64,56.56,60.63,58.25,54.8,57.57,54.89,54.2,53.75,56.83
2023-02-14,51.04,51.61,56.13,55.07,52.49,52.65,53.13,55.64,56.56,60.63,58.25,54.8,57.57,54.89,54.2,53.75
2023-02-15,51.72,51.04,51.61,56.13,55.07,52.49,52.65,53.13,55.64,56.56,60.63,58.25,54.8,57.57,54.89,54.2
2023-02-16,53.43,51.72,51.04,51.61,56.13,55.07,52.49,52.65,53.13,55.64,56.56,60.63,58.25,54.8,57.57,54.89
2023-02-17,49.59,53.43,51.72,51.04,51.61,56.13,55.07,52.49,52.65,53.13,55.64,56.56,60.63,58.25,54.8,57.57
2023-02-18,47.95,49.59,53.43,51.72,51.04,51.61,56.13,55.07,52.49,52.65,53.13,55.64,56.56,60.63,58.25,54.8
2023-02-19,49.69,47.95,49.59,53.43,51.72,51.04,51.61,56.13,55.07,52.49,52.65,53.13,55.64,56.56,60.63,58.25
2023-02-20,47.69,49.69,47.95,49.59,53.43,51.72,51.04,51.61,56.13,55.07,52.49,52.65,53.13,55.64,56.56,60.63
2023-02-21,49.52,47.69,49.69,47.95,49.59,53.43,51.72,51.04,51.61,56.13,55.07,52.49,52.65,53.13,55.64,56.56
2023-02-22,48.5,49.52,47.69,49.69,47.95,49.59,53.43,51.72,51.04,51.61,56.13,55.07,52.49,52.65,53.13,55.64
2023-02-23,48.1,48.5,49.52,47.69,49.69,47.95,49.59,53.43,51.72,51.04,51.61,56.13,55.07,52.49,52.65,53.13
2023-02-24,49.54,48.1,48.5,49.52,47.69,49.69,47.95,49.59,53.43,51.72,51.04,51.61,56.13,55.07,52.49,52.65
2023-02-25,49.28,49.54,48.1,48.5,49.52,47.69,49.69,47.95,49.59,53.43,51.72,51.04,51.61,56.13,55.07,52.49
2023-02-26,50.52,49.28,49.54,48.1,48.5,49.52,47.69,49.69,47.95,49.59,53.43,51.72,51.04,51.61,56.13,55.07
2023-02-27,49.29,50.52,49.28,49.54,48.1,48.5,49.52,47.69,49.69,47.95,49.59,53.43,51.72,51.04,51.61,56.13
2023-02-28,45.41,49.29,50.52,49.28,49.54,48.1,48.5,49.52,47.69,49.69,47.95,49.59,53.43,51.72,51.04,51.61
2023-03-01,46.31,45.41,49.29,50.52,49.28,49.54,48.1,48.5,49.52,47.69,49.69,47.95,49.59,53.43,51.72,51.04
2023-03-02,48.45,46.31,45.41,49.29,50.52,49.28,49.54,48.1,48.5,49.52,47.69,49.69,47.95,49.59,53.43,51.72
2023-03-03,47.63,48.45,46.31,45.41,49.29,50.52,49.28,49.54,48.1,48.5,49.52,47.69,49.69,47.95,49.59,53.43
2023-03-04,48.16,47.63,48.45,46.31,45.41,49.29,50.52,49.28,49.54,48.1,48.5,49.52,47.69,49.69,47.95,49.59
2023-03-05,50.45,48.16,47.63,48.45,46.31,45.41,49.29,50.52,49.28,49.54,48.1,48.5,49.52,47.69,49.69,47.95
2023-03-06,46.25,50.45,48.16,47.63,48.45,46.31,45.41,49.29,50.52,49.28,49.54,48.1,48.5,49.52,47.69,49.69
2023-03-07,44.2,46.25,50.45,48.16,47.63,48.45,46.31,45.41,49.29,50.52,49.28,49.54,48.1,48.5,49.52,47.69
2023-03-08,43.9,44.2,46.25,50.45,48.16,47.63,48.45,46.31,45.41,49.29,50.52,49.28,49.54,48.1,48.5,49.52
2023-03-09,41.4,43.9,44.2,46.25,50.45,48.16,47.63,48.45,46.31,45.41,49.29,50.52,49.28,49.54,48.1,48.5
2023-03-10,46.25,41.4,43.9,44.2,46.25,50.45,48.16,47.63,48.45,46.31,45.41,49.29,50.52,49.28,49.54,48.1
2023-03-11,53.09,46.25,41.4,43.9,44.2,46.25,50.45,48.16,47.63,48.45,46.31,45.41,49.29,50.52,49.28,49.54
2023-03-12,49.52,53.09,46.25,41.4,43.9,44.2,46.25,50.45,48.16,47.63,48.45,46.31,45.41,49.29,50.52,49.28
2023-03-13,52.51,49.52,53.09,46.25,41.4,43.9,44.2,46.25,50.45,48.16,47.63,48.45,46.31,45.41,49.29,50.52
2023-03-14,47.38,52.51,49.52,53.09,46.25,41.4,43.9,44.2,46.25,50.45,48.16,47.63,48.45,46.31,45.41,49.29
2023-03-15,46.48,47.38,52.51,49.52,53.09,46.25,41.4,43.9,44.2,46.25,50.45,48.16,47.63,48.45,46.31,45.41
2023-03-16,42.24,46.48,47.38,52.51,49.52,53.09,46.25,41.4,43.9,44.2,46.25,50.45,48.16,47.63,48.45,46.31
2023-03-17,42.83,42.24,46.48,47.38,52.51,49.52,53.09,46.25,41.4,43.9,44.2,46.25,50.45,48.16,47.63,48.45
2023-03-18,41.34,42.83,42.24,46.48,47.38,52.51,49.52,53.09,46.25,41.4,43.9,44.2,46.25,50.45,48.16,47.63
2023-03-19,44.27,41.34,42.83,42.24,46.48,47.38,52.51,49.52,53.09,46.25,41.4,43.9,44.2,46.25,50.45,48.16
2023-03-20,42.09,44.27,41.34,42.83,42.24,46.48,47.38,52.51,49.52,53.09,46.25,41.4,43.9,44.2,46.25,50.45
2023-03-21,38.99,42.09,44.27,41.34,42.83,42.24,46.48,47.38,52.51,49.52,53.09,46.25,41.4,43.9,44.2,46.25
2023-03-22,40.18,38.99,42.09,44.27,41.34,42.83,42.24,46.48,47.38,52.51,49.52,53.09,46.25,41.4,43.9,44.2
2023-03-23,38.57,40.18,38.99,42.09,44.27,41.34,42.83,42.24,46.48,47.38,52.51,49.52,53.09,46.25,41.4,43.9
2023-03-24,41.73,38.57,40.18,38.99,42.09,44.27,41.34,42.83,42.24,46.48,47.38,52.51,49.52,53.09,46.25,41.4
2023-03-25,38.86,41.73,38.57,40.18,38.99,42.09,44.27,41.34,42.83,42.24,46.48,47.38,52.51,49.52,53.09,46.25
2023-03-26,38.71,38.86,41.73,38.57,40.18,38.99,42.09,44.27,41.34,42.83,42.24,46.48,47.38,52.51,49.52,53.09
2023-03-27,40.0,38.71,38.86,41.73,38.57,40.18,38.99,42.09,44.27,41.34,42.83,42.24,46.48,47.38,52.51,49.52
2023-03-28,40.39,40.0,38.71,38.86,41.73,38.57,40.18,38.99,42.09,44.27,41.34,42.83,42.24,46.48,47.38,52.51
2023-03-29,39.88,40.39,40.0,38.71,38.86,41.73,38.57,40.18,38.99,42.09,44.27,41.34,42.83,42.24,46.48,47.38
2023-03-30,36.69,39.88,40.39,40.0,38.71,38.86,41.73,38.57,40.18,38.99,42.09,44.27,41.34,42.83,42.24,46.48
2023-03-31,34.87,36.69,39.88,40.39,40.0,38.71,38.86,41.73,38.57,40.18,38.99,42.09,44.27,41.34,42.83,42.24
2023-04-01,43.13,34.87,36.69,39.88,40.39,40.0,38.71,38.86,41.73,38.57,40.18,38.99,42.09,44.27,41.34,42.83
2023-04-02,43.81,43.13,34.87,36.69,39.88,40.39,40.0,38.71,38.86,41.73,38.57,40.18,38.99,42.09,44.27,41.34
2023-04-03,41.5,43.81,43.13,34.87,36.69,39.88,40.39,40.0,38.71,38.86,41.73,38.57,40.18,38.99,42.09,44.27
2023-04-04,44.14,41.5,43.81,43.13,34.87,36.69,39.88,40.39,40.0,38.71,38.86,41.73,38.57,40.18,38.99,42.09
2023-04-05,41.74,44.14,41.5,43.81,43.13,34.87,36.69,39.88,40.39,40.0,38.71,38.86,41.73,38.57,40.18,38.99
2023-04-06,41.3,41.74,44.14,41.5,43.81,43.13,34.87,36.69,39.88,40.39,40.0,38.71,38.86,41.73,38.57,40.18
2023-04-07,39.42,41.3,41.74,44.14,41.5,43.81,43.13,34.87,36.69,39.88,40.39,40.0,38.71,38.86,41.73,38.57
2023-04-08,41.92,39.42,41.3,41.74,44.14,41.5,43.81,43.13,34.87,36.69,39.88,40.39,40.0,38.71,38.86,41.73
2023-04-09,41.78,41.92,39.42,41.3,41.74,44.14,41.5,43.81,43.13,34.87,36.69,39.88,40.39,40.0,38.71,38.86
2023-04-10,41.31,41.78,41.92,39.42,41.3,41.74,44.14,41.5,43.81,43.13,34.87,36.69,39.88,40.39,40.0,38.71
2023-04-11,40.09,41.31,41.78,41.92,39.42,41.3,41.74,44.14,41.5,43.81,43.13,34.87,36.69,39.88,40.39,40.0
2023-04-12,38.94,40.09,41.31,41.78,41.92,39.42,41.3,41.74,44.14,41.5,43.81,43.13,34.87,36.69,39.88,40.39
2023-04-13,37.9,38.94,40.09,41.31,41.78,41.92,39.42,41.3,41.74,44.14,41.5,43.81,43.13,34.87,36.69,39.88
2023-04-14,36.82,37.9,38.94,40.09,41.31,41.78,41.92,39.42,41.3,41.74,44.14,41.5,43.81,43.13,34.87,36.69
2023-04-15,36.93,36.82,37.9,38.94,40.09,41.31,41.78,41.92,39.42,41.3,41.74,44.14,41.5,43.81,43.13,34.87
2023-04-16,37.67,36.93,36.82,37.9,38.94,40.09,41.31,41.78,41.92,39.42,41.3,41.74,44.14,41.5,43.81,43.13
2023-04-17,37.3,37.67,36.93,36.82,37.9,38.94,40.09,41.31,41.78,41.92,39.42,41.3,41.74,44.14,41.5,43.81
2023-04-18,36.02,37.3,37.67,36.93,36.82,37.9,38.94,40.09,41.31,41.78,41.92,39.42,41.3,41.74,44.14,41.5
2023-04-19,36.49,36.02,37.3,37.67,36.93,36.82,37.9,38.94,40.09,41.31,41.78,41.92,39.42,41.3,41.74,44.14
2023-04-20,35.66,36.49,36.02,37.3,37.67,36.93,36.82,37.9,38.94,40.09,41.31,41.78,41.92,39.42,41.3,41.74
2023-04-21,36.4,35.66,36.49,36.02,37.3,37.67,36.93,36.82,37.9,38.94,40.09,41.31,41.78,41.92,39.42,41.3
2023-04-22,34.03,36.4,35.66,36.49,36.02,37.3,37.67,36.93,36.82,37.9,38.94,40.09,41.31,41.78,41.92,39.42
2023-04-23,34.54,34.03,36.4,35.66,36.49,36.02,37.3,37.67,36.93,36.82,37.9,38.94,40.09,41.31,41.78,41.92
2023-04-24,34.69,34.54,34.03,36.4,35.66,36.49,36.02,37.3,37.67,36.93,36.82,37.9,38.94,40.09,41.31,41.78
2023-04-25,33.34,34.69,34.54,34.03,36.4,35.66,36.49,36.02,37.3,37.67,36.93,36.82,37.9,38.94,40.09,41.31
2023-04-26,34.86,33.34,34.69,34.54,34.03,36.4,35.66,36.49,36.02,37.3,37.67,36.93,36.82,37.9,38.94,40.09
2023-04-27,35.78,34.86,33.34,34.69,34.54,34.03,36.4,35.66,36.49,36.02,37.3,37.67,36.93,36.82,37.9,38.94
2023-04-28,35.19,35.78,34.86,33.34,34.69,34.54,34.03,36.4,35.66,36.49,36.02,37.3,37.67,36.93,36.82,37.9
2023-04-29,35.66,35.19,35.78,34.86,33.34,34.69,34.54,34.03,36.4,35.66,36.49,36.02,37.3,37.67,36.93,36.82
2023-04-30,34.92,35.66,35.19,35.78,34.86,33.34,34.69,34.54,34.03,36.4,35.66,36.49,36.02,37.3,37.67,36.93
2023-05-01,34.42,34.92,35.66,35.19,35.78,34.86,33.34,34.69,34.54,34.03,36.4,35.66,36.49,36.02,37.3,37.67
2023-05-02,36.47,34.42,34.92,35.66,35.19,35.78,34.86,33.34,34.69,34.54,34.03,36.4,35.66,36.49,36.02,37.3
2023-05-03,34.25,36.47,34.42,34.92,35.66,35.19,35.78,34.86,33.34,34.69,34.54,34.03,36.4,35.66,36.49,36.02
2023-05-04,33.21,34.25,36.47,34.42,34.92,35.66,35.19,35.78,34.86,33.34,34.69,34.54,34.03,36.4,35.66,36.49
2023-05-05,33.33,33.21,34.25,36.47,34.42,34.92,35.66,35.19,35.78,34.86,33.34,34.69,34.54,34.03,36.4,35.66
2023-05-06,34.0,33.33,33.21,34.25,36.47,34.42,34.92,35.66,35.19,35.78,34.86,33.34,34.69,34.54,34.03,36.4
2023-05-07,34.23,34.0,33.33,33.21,34.25,36.47,34.42,34.92,35.66,35.19,35.78,34.86,33.34,34.69,34.54,34.03
2023-05-08,33.77,34.23,34.0,33.33,33.21,34.25,36.47,34.42,34.92,35.66,35.19,35.78,34.86,33.34,34.69,34.54
2023-05-09,33.86,33.77,34.23,34.0,33.33,33.21,34.25,36.47,34.42,34.92,35.66,35.19,35.78,34.86,33.34,34.69
2023-05-10,31.92,33.86,33.77,34.23,34.0,33.33,33.21,34.25,36.47,34.42,34.92,35.66,35.19,35.78,34.86,33.34
2023-05-11,28.94,31.92,33.86,33.77,34.23,34.0,33.33,33.21,34.25,36.47,34.42,34.92,35.66,35.19,35.78,34.86
2023-05-12,27.0,28.94,31.92,33.86,33.77,34.23,34.0,33.33,33.21,34.25,36.47,34.42,34.92,35.66,35.19,35.78
2023-05-13,29.4,27.0,28.94,31.92,33.86,33.77,34.23,34.0,33.33,33.21,34.25,36.47,34.42,34.92,35.66,35.19
2023-05-14,28.19,29.4,27.0,28.94,31.92,33.86,33.77,34.23,34.0,33.33,33.21,34.25,36.47,34.42,34.92,35.66
2023-05-15,26.19,28.19,29.4,27.0,28.94,31.92,33.86,33.77,34.23,34.0,33.33,33.21,34.25,36.47,34.42,34.92
2023-05-16,25.2,26.19,28.19,29.4,27.0,28.94,31.92,33.86,33.77,34.23,34.0,33.33,33.21,34.25,36.47,34.42
2023-05-17,26.6,25.2,26.19,28.19,29.4,27.0,28.94,31.92,33.86,33.77,34.23,34.0,33.33,33.21,34.25,36.47
2023-05-18,26.6,26.6,25.2,26.19,28.19,29.4,27.0,28.94,31.92,33.86,33.77,34.23,34.0,33.33,33.21,34.25
2023-05-19,25.67,26.6,26.6,25.2,26.19,28.19,29.4,27.0,28.94,31.92,33.86,33.77,34.23,34.0,33.33,33.21
2023-05-20,27.93,25.67,26.6,26.6,25.2,26.19,28.19,29.4,27.0,28.94,31.92,33.86,33.77,34.23,34.0,33.33
2023-05-21,28.94,27.93,25.67,26.6,26.6,25.2,26.19,28.19,29.4,27.0,28.94,31.92,33.86,33.77,34.23,34.0
2023-05-22,26.8,28.94,27.93,25.67,26.6,26.6,25.2,26.19,28.19,29.4,27.0,28.94,31.92,33.86,33.77,34.23
2023-05-23,27.58,26.8,28.94,27.93,25.67,26.6,26.6,25.2,26.19,28.19,29.4,27.0,28.94,31.92,33.86,33.77
2023-05-24,27.75,27.58,26.8,28.94,27.93,25.67,26.6,26.6,25.2,26.19,28.19,29.4,27.0,28.94,31.92,33.86
2023-05-25,25.8,27.75,27.58,26.8,28.94,27.93,25.67,26.6,26.6,25.2,26.19,28.19,29.4,27.0,28.94,31.92
2023-05-26,23.78,25.8,27.75,27.58,26.8,28.94,27.93,25.67,26.6,26.6,25.2,26.19,28.19,29.4,27.0,28.94
2023-05-27,27.74,23.78,25.8,27.75,27.58,26.8,28.94,27.93,25.67,26.6,26.6,25.2,26.19,28.19,29.4,27.0
2023-05-28,28.68,27.74,23.78,25.8,27.75,27.58,26.8,28.94,27.93,25.67,26.6,26.6,25.2,26.19,28.19,29.4
2023-05-29,25.04,28.68,27.74,23.78,25.8,27.75,27.58,26.8,28.94,27.93,25.67,26.6,26.6,25.2,26.19,28.19
2023-05-30,27.28,25.04,28.68,27.74,23.78,25.8,27.75,27.58,26.8,28.94,27.93,25.67,26.6,26.6,25.2,26.19
2023-05-31,25.07,27.28,25.04,28.68,27.74,23.78,25.8,27.75,27.58,26.8,28.94,27.93,25.67,26.6,26.6,25.2
2023-06-01,25.68,25.07,27.28,25.04,28.68,27.74,23.78,25.8,27.75,27.58,26.8,28.94,27.93,25.67,26.6,26.6
2023-06-02,24.47,25.68,25.07,27.28,25.04,28.68,27.74,23.78,25.8,27.75,27.58,26.8,28.94,27.93,25.67,26.6
2023-06-03,23.81,24.47,25.68,25.07,27.28,25.04,28.68,27.74,23.78,25.8,27.75,27.58,26.8,28.94,27.93,25.67
2023-06-04,23.86,23.81,24.47,25.68,25.07,27.28,25.04,28.68,27.74,23.78,25.8,27.75,27.58,26.8,28.94,27.93
2023-06-05,24.15,23.86,23.81,24.47,25.68,25.07,27.28,25.04,28.68,27.74,23.78,25.8,27.75,27.58,26.8,28.94
2023-06-06,27.1,24.15,23.86,23.81,24.47,25.68,25.07,27.28,25.04,28.68,27.74,23.78,25.8,27.75,27.58,26.8
2023-06-07,25.65,27.1,24.15,23.86,23.81,24.47,25.68,25.07,27.28,25.04,28.68,27.74,23.78,25.8,27.75,27.58
2023-06-08,25.8,25.65,27.1,24.15,23.86,23.81,24.47,25.68,25.07,27.28,25.04,28.68,27.74,23.78,25.8,27.75
2023-06-09,26.91,25.8,25.65,27.1,24.15,23.86,23.81,24.47,25.68,25.07,27.28,25.04,28.68,27.74,23.78,25.8
2023-06-10,26.82,26.91,25.8,25.65,27.1,24.15,23.86,23.81,24.47,25.68,25.07,27.28,25.04,28.68,27.74,23.78
2023-06-11,27.07,26.82,26.91,25.8,25.65,27.1,24.15,23.86,23.81,24.47,25.68,25.07,27.28,25.04,28.68,27.74
2023-06-12,28.56,27.07,26.82,26.91,25.8,25.65,27.1,24.15,23.86,23.81,24.47,25.68,25.07,27.28,25.04,28.68
2023-06-13,29.04,28.56,27.07,26.82,26.91,25.8,25.65,27.1,24.15,23.86,23.81,24.47,25.68,25.07,27.28,25.04
2023-06-14,32.99,29.04,28.56,27.07,26.82,26.91,25.8,25.65,27.1,24.15,23.86,23.81,24.47,25.68,25.07,27.28
2023-06-15,37.34,32.99,29.04,28.56,27.07,26.82,26.91,25.8,25.65,27.1,24.15,23.86,23.81,24.47,25.68,25.07
2023-06-16,39.79,37.34,32.99,29.04,28.56,27.07,26.82,26.91,25.8,25.65,27.1,24.15,23.86,23.81,24.47,25.68
2023-06-17,34.55,39.79,37.34,32.99,29.04,28.56,27.07,26.82,26.91,25.8,25.65,27.1,24.15,23.86,23.81,24.47
2023-06-18,34.06,34.55,39.79,37.34,32.99,29.04,28.56,27.07,26.82,26.91,25.8,25.65,27.1,24.15,23.86,23.81
2023-06-19,33.85,34.06,34.55,39.79,37.34,32.99,29.04,28.56,27.07,26.82,26.91,25.8,25.65,27.1,24.15,23.86
2023-06-20,35.57,33.85,34.06,34.55,39.79,37.34,32.99,29.04,28.56,27.07,26.82,26.91,25.8,25.65,27.1,24.15
2023-06-21,38.49,35.57,33.85,34.06,34.55,39.79,37.34,32.99,29.04,28.56,27.07,26.82,26.91,25.8,25.65,27.1
2023-06-22,37.9,38.49,35.57,33.85,34.06,34.55,39.79,37.34,32.99,29.04,28.56,27.07,26.82,26.91,25.8,25.65
2023-06-23,35.43,37.9,38.49,35.57,33.85,34.06,34.55,39.79,37.34,32.99,29.04,28.56,27.07,26.82,26.91,25.8
2023-06-24,31.56,35.43,37.9,38.49,35.57,33.85,34.06,34.55,39.79,37.34,32.99,29.04,28.56,27.07,26.82,26.91
2023-06-25,31.35,31.56,35.43,37.9,38.49,35.57,33.85,34.06,34.55,39.79,37.34,32.99,29.04,28.56,27.07,26.82
2023-06-26,31.77,31.35,31.56,35.43,37.9,38.49,35.57,33.85,34.06,34.55,39.79,37.34,32.99,29.04,28.56,27.07
2023-06-27,32.3,31.77,31.35,31.56,35.43,37.9,38.49,35.57,33.85,34.06,34.55,39.79,37.34,32.99,29.04,28.56
2023-06-28,32.91,32.3,31.77,31.35,31.56,35.43,37.9,38.49,35.57,33.85,34.06,34.55,39.79,37.34,32.99,29.04
2023-06-29,33.22,32.91,32.3,31.77,31.35,31.56,35.43,37.9,38.49,35.57,33.85,34.06,34.55,39.79,37.34,32.99
2023-06-30,32.84,33.22,32.91,32.3,31.77,31.35,31.56,35.43,37.9,38.49,35.57,33.85,34.06,34.55,39.79,37.34
2023-07-01,34.49,32.84,33.22,32.91,32.3,31.77,31.35,31.56,35.43,37.9,38.49,35.57,33.85,34.06,34.55,39.79
2023-07-02,34.94,34.49,32.84,33.22,32.91,32.3,31.77,31.35,31.56,35.43,37.9,38.49,35.57,33.85,34.06,34.55
2023-07-03,36.5,34.94,34.49,32.84,33.22,32.91,32.3,31.77,31.35,31.56,35.43,37.9,38.49,35.57,33.85,34.06
2023-07-04,35.63,36.5,34.94,34.49,32.84,33.22,32.91,32.3,31.77,31.35,31.56,35.43,37.9,38.49,35.57,33.85
2023-07-05,34.66,35.63,36.5,34.94,34.49,32.84,33.22,32.91,32.3,31.77,31.35,31.56,35.43,37.9,38.49,35.57
2023-07-06,34.54,34.66,35.63,36.5,34.94,34.49,32.84,33.22,32.91,32.3,31.77,31.35,31.56,35.43,37.9,38.49
2023-07-07,32.68,34.54,34.66,35.63,36.5,34.94,34.49,32.84,33.22,32.91,32.3,31.77,31.35,31.56,35.43,37.9
2023-07-08,32.24,32.68,34.54,34.66,35.63,36.5,34.94,34.49,32.84,33.22,32.91,32.3,31.77,31.35,31.56,35.43
2023-07-09,32.44,32.24,32.68,34.54,34.66,35.63,36.5,34.94,34.49,32.84,33.22,32.91,32.3,31.77,31.35,31.56
2023-07-10,33.25,32.44,32.24,32.68,34.54,34.66,35.63,36.5,34.94,34.49,32.84,33.22,32.91,32.3,31.77,31.35
2023-07-11,31.73,33.25,32.44,32.24,32.68,34.54,34.66,35.63,36.5,34.94,34.49,32.84,33.22,32.91,32.3,31.77
2023-07-12,30.26,31.73,33.25,32.44,32.24,32.68,34.54,34.66,35.63,36.5,34.94,34.49,32.84,33.22,32.91,32.3
2023-07-13,29.5,30.26,31.73,33.25,32.44,32.24,32.68,34.54,34.66,35.63,36.5,34.94,34.49,32.84,33.22,32.91
2023-07-14,27.9,29.5,30.26,31.73,33.25,32.44,32.24,32.68,34.54,34.66,35.63,36.5,34.94,34.49,32.84,33.22
2023-07-15,26.68,27.9,29.5,30.26,31.73,33.25,32.44,32.24,32.68,34.54,34.66,35.63,36.5,34.94,34.49,32.84
2023-07-16,25.68,26.68,27.9,29.5,30.26,31.73,33.25,32.44,32.24,32.68,34.54,34.66,35.63,36.5,34.94,34.49
2023-07-17,26.56,25.68,26.68,27.9,29.5,30.26,31.73,33.25,32.44,32.24,32.68,34.54,34.66,35.63,36.5,34.94
2023-07-18,27.24,26.56,25.68,26.68,27.9,29.5,30.26,31.73,33.25,32.44,32.24,32.68,34.54,34.66,35.63,36.5
2023-07-19,29.44,27.24,26.56,25.68,26.68,27.9,29.5,30.26,31.73,33.25,32.44,32.24,32.68,34.54,34.66,35.63
2023-07-20,28.87,29.44,27.24,26.56,25.68,26.68,27.9,29.5,30.26,31.73,33.25,32.44,32.24,32.68,34.54,34.66
2023-07-21,29.24,28.87,29.44,27.24,26.56,25.68,26.68,27.9,29.5,30.26,31.73,33.25,32.44,32.24,32.68,34.54
2023-07-22,29.46,29.24,28.87,29.44,27.24,26.56,25.68,26.68,27.9,29.5,30.26,31.73,33.25,32.44,32.24,32.68
2023-07-23,28.25,29.46,29.24,28.87,29.44,27.24,26.56,25.68,26.68,27.9,29.5,30.26,31.73,33.25,32.44,32.24
2023-07-24,29.36,28.25,29.46,29.24,28.87,29.44,27.24,26.56,25.68,26.68,27.9,29.5,30.26,31.73,33.25,32.44
2023-07-25,29.99,29.36,28.25,29.46,29.24,28.87,29.44,27.24,26.56,25.68,26.68,27.9,29.5,30.26,31.73,33.25
2023-07-26,31.84,29.99,29.36,28.25,29.46,29.24,28.87,29.44,27.24,26.56,25.68,26.68,27.9,29.5,30.26,31.73
2023-07-27,29.98,31.84,29.99,29.36,28.25,29.46,29.24,28.87,29.44,27.24,26.56,25.68,26.68,27.9,29.5,30.26
2023-07-28,28.2,29.98,31.84,29.99,29.36,28.25,29.46,29.24,28.87,29.44,27.24,26.56,25.68,26.68,27.9,29.5
2023-07-29,25.43,28.2,29.98,31.84,29.99,29.36,28.25,29.46,29.24,28.87,29.44,27.24,26.56,25.68,26.68,27.9
2023-07-30,25.62,25.43,28.2,29.98,31.84,29.99,29.36,28.25,29.46,29.24,28.87,29.44,27.24,26.56,25.68,26.68
2023-07-31,25.67,25.62,25.43,28.2,29.98,31.84,29.99,29.36,28.25,29.46,29.24,28.87,29.44,27.24,26.56,25.68
2023-08-01,27.71,25.67,25.62,25.43,28.2,29.98,31.84,29.99,29.36,28.25,29.46,29.24,28.87,29.44,27.24,26.56
2023-08-02,27.37,27.71,25.67,25.62,25.43,28.2,29.98,31.84,29.99,29.36,28.25,29.46,29.24,28.87,29.44,27.24
2023-08-03,27.67,27.37,27.71,25.67,25.62,25.43,28.2,29.98,31.84,29.99,29.36,28.25,29.46,29.24,28.87,29.44
2023-08-04,29.01,27.67,27.37,27.71,25.67,25.62,25.43,28.2,29.98,31.84,29.99,29.36,28.25,29.46,29.24,28.87
2023-08-05,28.29,29.01,27.67,27.37,27.71,25.67,25.62,25.43,28.2,29.98,31.84,29.99,29.36,28.25,29.46,29.24
2023-08-06,28.26,28.29,29.01,27.67,27.37,27.71,25.67,25.62,25.43,28.2,29.98,31.84,29.99,29.36,28.25,29.46
2023-08-07,28.59,28.26,28.29,29.01,27.67,27.37,27.71,25.67,25.62,25.43,28.2,29.98,31.84,29.99,29.36,28.25
2023-08-08,29.46,28.59,28.26,28.29,29.01,27.67,27.37,27.71,25.67,25.62,25.43,28.2,29.98,31.84,29.99,29.36
2023-08-09,30.72,29.46,28.59,28.26,28.29,29.01,27.67,27.37,27.71,25.67,25.62,25.43,28.2,29.98,31.84,29.99
2023-08-10,36.47,30.72,29.46,28.59,28.26,28.29,29.01,27.67,27.37,27.71,25.67,25.62,25.43,28.2,29.98,31.84
2023-08-11,36.74,36.47,30.72,29.46,28.59,28.26,28.29,29.01,27.67,27.37,27.71,25.67,25.62,25.43,28.2,29.98
2023-08-12,34.22,36.74,36.47,30.72,29.46,28.59,28.26,28.29,29.01,27.67,27.37,27.71,25.67,25.62,25.43,28.2
2023-08-13,34.15,34.22,36.74,36.47,30.72,29.46,28.59,28.26,28.29,29.01,27.67,27.37,27.71,25.67,25.62,25.43
2023-08-14,33.85,34.15,34.22,36.74,36.47,30.72,29.46,28.59,28.26,28.29,29.01,27.67,27.37,27.71,25.67,25.62
2023-08-15,33.49,33.85,34.15,34.22,36.74,36.47,30.72,29.46,28.59,28.26,28.29,29.01,27.67,27.37,27.71,25.67
2023-08-16,35.71,33.49,33.85,34.15,34.22,36.74,36.47,30.72,29.46,28.59,28.26,28.29,29.01,27.67,27.37,27.71
2023-08-17,36.37,35.71,33.49,33.85,34.15,34.22,36.74,36.47,30.72,29.46,28.59,28.26,28.29,29.01,27.67,27.37
2023-08-18,36.2,36.37,35.71,33.49,33.85,34.15,34.22,36.74,36.47,30.72,29.46,28.59,28.26,28.29,29.01,27.67
2023-08-19,35.23,36.2,36.37,35.71,33.49,33.85,34.15,34.22,36.74,36.47,30.72,29.46,28.59,28.26,28.29,29.01
2023-08-20,35.61,35.23,36.2,36.37,35.71,33.49,33.85,34.15,34.22,36.74,36.47,30.72,29.46,28.59,28.26,28.29
2023-08-21,38.73,35.61,35.23,36.2,36.37,35.71,33.49,33.85,34.15,34.22,36.74,36.47,30.72,29.46,28.59,28.26
2023-08-22,41.74,38.73,35.61,35.23,36.2,36.37,35.71,33.49,33.85,34.15,34.22,36.74,36.47,30.72,29.46,28.59
2023-08-23,41.73,41.74,38.73,35.61,35.23,36.2,36.37,35.71,33.49,33.85,34.15,34.22,36.74,36.47,30.72,29.46
2023-08-24,38.17,41.73,41.74,38.73,35.61,35.23,36.2,36.37,35.71,33.49,33.85,34.15,34.22,36.74,36.47,30.72
2023-08-25,33.52,38.17,41.73,41.74,38.73,35.61,35.23,36.2,36.37,35.71,33.49,33.85,34.15,34.22,36.74,36.47
2023-08-26,34.86,33.52,38.17,41.73,41.74,38.73,35.61,35.23,36.2,36.37,35.71,33.49,33.85,34.15,34.22,36.74
2023-08-27,34.67,34.86,33.52,38.17,41.73,41.74,38.73,35.61,35.23,36.2,36.37,35.71,33.49,33.85,34.15,34.22
2023-08-28,35.02,34.67,34.86,33.52,38.17,41.73,41.74,38.73,35.61,35.23,36.2,36.37,35.71,33.49,33.85,34.15
2023-08-29,35.95,35.02,34.67,34.86,33.52,38.17,41.73,41.74,38.73,35.61,35.23,36.2,36.37,35.71,33.49,33.85
2023-08-30,36.42,35.95,35.02,34.67,34.86,33.52,38.17,41.73,41.74,38.73,35.61,35.23,36.2,36.37,35.71,33.49
2023-08-31,36.8,36.42,35.95,35.02,34.67,34.86,33.52,38.17,41.73,41.74,38.73,35.61,35.23,36.2,36.37,35.71
2023-09-01,35.07,36.8,36.42,35.95,35.02,34.67,34.86,33.52,38.17,41.73,41.74,38.73,35.61,35.23,36.2,36.37
2023-09-02,33.82,35.07,36.8,36.42,35.95,35.02,34.67,34.86,33.52,38.17,41.73,41.74,38.73,35.61,35.23,36.2
2023-09-03,33.28,33.82,35.07,36.8,36.42,35.95,35.02,34.67,34.86,33.52,38.17,41.73,41.74,38.73,35.61,35.23
2023-09-04,33.79,33.28,33.82,35.07,36.8,36.42,35.95,35.02,34.67,34.86,33.52,38.17,41.73,41.74,38.73,35.61
2023-09-05,34.07,33.79,33.28,33.82,35.07,36.8,36.42,35.95,35.02,34.67,34.86,33.52,38.17,41.73,41.74,38.73
2023-09-06,33.87,34.07,33.79,33.28,33.82,35.07,36.8,36.42,35.95,35.02,34.67,34.86,33.52,38.17,41.73,41.74
2023-09-07,32.56,33.87,34.07,33.79,33.28,33.82,35.07,36.8,36.42,35.95,35.02,34.67,34.86,33.52,38.17,41.73
2023-09-08,32.09,32.56,33.87,34.07,33.79,33.28,33.82,35.07,36.8,36.42,35.95,35.02,34.67,34.86,33.52,38.17
2023-09-09,34.39,32.09,32.56,33.87,34.07,33.79,33.28,33.82,35.07,36.8,36.42,35.95,35.02,34.67,34.86,33.52
2023-09-10,34.69,34.39,32.09,32.56,33.87,34.07,33.79,33.28,33.82,35.07,36.8,36.42,35.95,35.02,34.67,34.86
2023-09-11,36.65,34.69,34.39,32.09,32.56,33.87,34.07,33.79,33.28,33.82,35.07,36.8,36.42,35.95,35.02,34.67
2023-09-12,36.63,36.65,34.69,34.39,32.09,32.56,33.87,34.07,33.79,33.28,33.82,35.07,36.8,36.42,35.95,35.02
2023-09-13,35.65,36.63,36.65,34.69,34.39,32.09,32.56,33.87,34.07,33.79,33.28,33.82,35.07,36.8,36.42,35.95
2023-09-14,36.41,35.65,36.63,36.65,34.69,34.39,32.09,32.56,33.87,34.07,33.79,33.28,33.82,35.07,36.8,36.42
2023-09-15,36.03,36.41,35.65,36.63,36.65,34.69,34.39,32.09,32.56,33.87,34.07,33.79,33.28,33.82,35.07,36.8
2023-09-16,35.8,36.03,36.41,35.65,36.63,36.65,34.69,34.39,32.09,32.56,33.87,34.07,33.79,33.28,33.82,35.07
2023-09-17,35.97,35.8,36.03,36.41,35.65,36.63,36.65,34.69,34.39,32.09,32.56,33.87,34.07,33.79,33.28,33.82
2023-09-18,36.66,35.97,35.8,36.03,36.41,35.65,36.63,36.65,34.69,34.39,32.09,32.56,33.87,34.07,33.79,33.28
2023-09-19,35.5,36.66,35.97,35.8,36.03,36.41,35.65,36.63,36.65,34.69,34.39,32.09,32.56,33.87,34.07,33.79
2023-09-20,36.01,35.5,36.66,35.97,35.8,36.03,36.41,35.65,36.63,36.65,34.69,34.39,32.09,32.56,33.87,34.07
2023-09-21,37.38,36.01,35.5,36.66,35.97,35.8,36.03,36.41,35.65,36.63,36.65,34.69,34.39,32.09,32.56,33.87
2023-09-22,38.37,37.38,36.01,35.5,36.66,35.97,35.8,36.03,36.41,35.65,36.63,36.65,34.69,34.39,32.09,32.56
2023-09-23,39.92,38.37,37.38,36.01,35.5,36.66,35.97,35.8,36.03,36.41,35.65,36.63,36.65,34.69,34.39,32.09
2023-09-24,39.91,39.92,38.37,37.38,36.01,35.5,36.66,35.97,35.8,36.03,36.41,35.65,36.63,36.65,34.69,34.39
2023-09-25,41.99,39.91,39.92,38.37,37.38,36.01,35.5,36.66,35.97,35.8,36.03,36.41,35.65,36.63,36.65,34.69
2023-09-26,43.19,41.99,39.91,39.92,38.37,37.38,36.01,35.5,36.66,35.97,35.8,36.03,36.41,35.65,36.63,36.65
2023-09-27,40.77,43.19,41.99,39.91,39.92,38.37,37.38,36.01,35.5,36.66,35.97,35.8,36.03,36.41,35.65,36.63
2023-09-28,40.08,40.77,43.19,41.99,39.91,39.92,38.37,37.38,36.01,35.5,36.66,35.97,35.8,36.03,36.41,35.65
2023-09-29,40.15,40.08,40.77,43.19,41.99,39.91,39.92,38.37,37.38,36.01,35.5,36.66,35.97,35.8,36.03,36.41
2023-09-30,38.9,40.15,40.08,40.77,43.19,41.99,39.91,39.92,38.37,37.38,36.01,35.5,36.66,35.97,35.8,36.03
2023-10-01,38.94,38.9,40.15,40.08,40.77,43.19,41.99,39.91,39.92,38.37,37.38,36.01,35.5,36.66,35.97,35.8
2023-10-02,38.96,38.94,38.9,40.15,40.08,40.77,43.19,41.99,39.91,39.92,38.37,37.38,36.01,35.5,36.66,35.97
2023-10-03,36.33,38.96,38.94,38.9,40.15,40.08,40.77,43.19,41.99,39.91,39.92,38.37,37.38,36.01,35.5,36.66
2023-10-04,34.07,36.33,38.96,38.94,38.9,40.15,40.08,40.77,43.19,41.99,39.91,39.92,38.37,37.38,36.01,35.5
2023-10-05,34.62,34.07,36.33,38.96,38.94,38.9,40.15,40.08,40.77,43.19,41.99,39.91,39.92,38.37,37.38,36.01
2023-10-06,34.18,34.62,34.07,36.33,38.96,38.94,38.9,40.15,40.08,40.77,43.19,41.99,39.91,39.92,38.37,37.38
2023-10-07,34.65,34.18,34.62,34.07,36.33,38.96,38.94,38.9,40.15,40.08,40.77,43.19,41.99,39.91,39.92,38.37
2023-10-08,34.97,34.65,34.18,34.62,34.07,36.33,38.96,38.94,38.9,40.15,40.08,40.77,43.19,41.99,39.91,39.92
2023-10-09,38.56,34.97,34.65,34.18,34.62,34.07,36.33,38.96,38.94,38.9,40.15,40.08,40.77,43.19,41.99,39.91
2023-10-10,41.61,38.56,34.97,34.65,34.18,34.62,34.07,36.33,38.96,38.94,38.9,40.15,40.08,40.77,43.19,41.99
2023-10-11,45.43,41.61,38.56,34.97,34.65,34.18,34.62,34.07,36.33,38.96,38.94,38.9,40.15,40.08,40.77,43.19
2023-10-12,45.74,45.43,41.61,38.56,34.97,34.65,34.18,34.62,34.07,36.33,38.96,38.94,38.9,40.15,40.08,40.77
2023-10-13,48.35,45.74,45.43,41.61,38.56,34.97,34.65,34.18,34.62,34.07,36.33,38.96,38.94,38.9,40.15,40.08
2023-10-14,49.99,48.35,45.74,45.43,41.61,38.56,34.97,34.65,34.18,34.62,34.07,36.33,38.96,38.94,38.9,40.15
2023-10-15,50.2,49.99,48.35,45.74,45.43,41.61,38.56,34.97,34.65,34.18,34.62,34.07,36.33,38.96,38.94,38.9
2023-10-16,51.16,50.2,49.99,48.35,45.74,45.43,41.61,38.56,34.97,34.65,34.18,34.62,34.07,36.33,38.96,38.94
2023-10-17,46.04,51.16,50.2,49.99,48.35,45.74,45.43,41.61,38.56,34.97,34.65,34.18,34.62,34.07,36.33,38.96
2023-10-18,42.78,46.04,51.16,50.2,49.99,48.35,45.74,45.43,41.61,38.56,34.97,34.65,34.18,34.62,34.07,36.33
2023-10-19,42.6,42.78,46.04,51.16,50.2,49.99,48.35,45.74,45.43,41.61,38.56,34.97,34.65,34.18,34.62,34.07
2023-10-20,41.69,42.6,42.78,46.04,51.16,50.2,49.99,48.35,45.74,45.43,41.61,38.56,34.97,34.65,34.18,34.62
2023-10-21,43.24,41.69,42.6,42.78,46.04,51.16,50.2,49.99,48.35,45.74,45.43,41.61,38.56,34.97,34.65,34.18
2023-10-22,43.6,43.24,41.69,42.6,42.78,46.04,51.16,50.2,49.99,48.35,45.74,45.43,41.61,38.56,34.97,34.65
2023-10-23,44.97,43.6,43.24,41.69,42.6,42.78,46.04,51.16,50.2,49.99,48.35,45.74,45.43,41.61,38.56,34.97
2023-10-24,46.0,44.97,43.6,43.24,41.69,42.6,42.78,46.04,51.16,50.2,49.99,48.35,45.74,45.43,41.61,38.56
2023-10-25,46.13,46.0,44.97,43.6,43.24,41.69,42.6,42.78,46.04,51.16,50.2,49.99,48.35,45.74,45.43,41.61
2023-10-26,46.16,46.13,46.0,44.97,43.6,43.24,41.69,42.6,42.78,46.04,51.16,50.2,49.99,48.35,45.74,45.43
2023-10-27,45.16,46.16,46.13,46.0,44.97,43.6,43.24,41.69,42.6,42.78,46.04,51.16,50.2,49.99,48.35,45.74
2023-10-28,44.56,45.16,46.16,46.13,46.0,44.97,43.6,43.24,41.69,42.6,42.78,46.04,51.16,50.2,49.99,48.35
2023-10-29,44.71,44.56,45.16,46.16,46.13,46.0,44.97,43.6,43.24,41.69,42.6,42.78,46.04,51.16,50.2,49.99
2023-10-30,45.69,44.71,44.56,45.16,46.16,46.13,46.0,44.97,43.6,43.24,41.69,42.6,42.78,46.04,51.16,50.2
2023-10-31,45.36,45.69,44.71,44.56,45.16,46.16,46.13,46.0,44.97,43.6,43.24,41.69,42.6,42.78,46.04,51.16
2023-11-01,39.08,45.36,45.69,44.71,44.56,45.16,46.16,46.13,46.0,44.97,43.6,43.24,41.69,42.6,42.78,46.04
2023-11-02,34.9,39.08,45.36,45.69,44.71,44.56,45.16,46.16,46.13,46.0,44.97,43.6,43.24,41.69,42.6,42.78
2023-11-03,35.24,34.9,39.08,45.36,45.69,44.71,44.56,45.16,46.16,46.13,46.0,44.97,43.6,43.24,41.69,42.6
2023-11-04,36.04,35.24,34.9,39.08,45.36,45.69,44.71,44.56,45.16,46.16,46.13,46.0,44.97,43.6,43.24,41.69
2023-11-05,36.38,36.04,35.24,34.9,39.08,45.36,45.69,44.71,44.56,45.16,46.16,46.13,46.0,44.97,43.6,43.24
2023-11-06,36.78,36.38,36.04,35.24,34.9,39.08,45.36,45.69,44.71,44.56,45.16,46.16,46.13,46.0,44.97,43.6
2023-11-07,39.92,36.78,36.38,36.04,35.24,34.9,39.08,45.36,45.69,44.71,44.56,45.16,46.16,46.13,46.0,44.97
2023-11-08,40.91,39.92,36.78,36.38,36.04,35.24,34.9,39.08,45.36,45.69,44.71,44.56,45.16,46.16,46.13,46.0
2023-11-09,39.13,40.91,39.92,36.78,36.38,36.04,35.24,34.9,39.08,45.36,45.69,44.71,44.56,45.16,46.16,46.13
2023-11-10,36.9,39.13,40.91,39.92,36.78,36.38,36.04,35.24,34.9,39.08,45.36,45.69,44.71,44.56,45.16,46.16
2023-11-11,34.92,36.9,39.13,40.91,39.92,36.78,36.38,36.04,35.24,34.9,39.08,45.36,45.69,44.71,44.56,45.16
2023-11-12,33.37,34.92,36.9,39.13,40.91,39.92,36.78,36.38,36.04,35.24,34.9,39.08,45.36,45.69,44.71,44.56
2023-11-13,33.24,33.37,34.92,36.9,39.13,40.91,39.92,36.78,36.38,36.04,35.24,34.9,39.08,45.36,45.69,44.71
2023-11-14,32.02,33.24,33.37,34.92,36.9,39.13,40.91,39.92,36.78,36.38,36.04,35.24,34.9,39.08,45.36,45.69
2023-11-15,37.85,32.02,33.24,33.37,34.92,36.9,39.13,40.91,39.92,36.78,36.38,36.04,35.24,34.9,39.08,45.36
2023-11-16,40.52,37.85,32.02,33.24,33.37,34.92,36.9,39.13,40.91,39.92,36.78,36.38,36.04,35.24,34.9,39.08
2023-11-17,39.94,40.52,37.85,32.02,33.24,33.37,34.92,36.9,39.13,40.91,39.92,36.78,36.38,36.04,35.24,34.9
2023-11-18,37.79,39.94,40.52,37.85,32.02,33.24,33.37,34.92,36.9,39.13,40.91,39.92,36.78,36.38,36.04,35.24
2023-11-19,37.6,37.79,39.94,40.52,37.85,32.02,33.24,33.37,34.92,36.9,39.13,40.91,39.92,36.78,36.38,36.04
2023-11-20,38.2,37.6,37.79,39.94,40.52,37.85,32.02,33.24,33.37,34.92,36.9,39.13,40.91,39.92,36.78,36.38
2023-11-21,39.79,38.2,37.6,37.79,39.94,40.52,37.85,32.02,33.24,33.37,34.92,36.9,39.13,40.91,39.92,36.78
2023-11-22,39.56,39.79,38.2,37.6,37.79,39.94,40.52,37.85,32.02,33.24,33.37,34.92,36.9,39.13,40.91,39.92
2023-11-23,40.06,39.56,39.79,38.2,37.6,37.79,39.94,40.52,37.85,32.02,33.24,33.37,34.92,36.9,39.13,40.91
2023-11-24,42.11,40.06,39.56,39.79,38.2,37.6,37.79,39.94,40.52,37.85,32.02,33.24,33.37,34.92,36.9,39.13
2023-11-25,42.35,42.11,40.06,39.56,39.79,38.2,37.6,37.79,39.94,40.52,37.85,32.02,33.24,33.37,34.92,36.9
2023-11-26,43.04,42.35,42.11,40.06,39.56,39.79,38.2,37.6,37.79,39.94,40.52,37.85,32.02,33.24,33.37,34.92
2023-11-27,42.8,43.04,42.35,42.11,40.06,39.56,39.79,38.2,37.6,37.79,39.94,40.52,37.85,32.02,33.24,33.37
2023-11-28,41.41,42.8,43.04,42.35,42.11,40.06,39.56,39.79,38.2,37.6,37.79,39.94,40.52,37.85,32.02,33.24
2023-11-29,40.0,41.41,42.8,43.04,42.35,42.11,40.06,39.56,39.79,38.2,37.6,37.79,39.94,40.52,37.85,32.02
2023-11-30,38.34,40.0,41.41,42.8,43.04,42.35,42.11,40.06,39.56,39.79,38.2,37.6,37.79,39.94,40.52,37.85
2023-12-01,39.22,38.34,40.0,41.41,42.8,43.04,42.35,42.11,40.06,39.56,39.79,38.2,37.6,37.79,39.94,40.52
2023-12-02,40.53,39.22,38.34,40.0,41.41,42.8,43.04,42.35,42.11,40.06,39.56,39.79,38.2,37.6,37.79,39.94
2023-12-03,40.71,40.53,39.22,38.34,40.0,41.41,42.8,43.04,42.35,42.11,40.06,39.56,39.79,38.2,37.6,37.79
2023-12-04,40.65,40.71,40.53,39.22,38.34,40.0,41.41,42.8,43.04,42.35,42.11,40.06,39.56,39.79,38.2,37.6
2023-12-05,39.07,40.65,40.71,40.53,39.22,38.34,40.0,41.41,42.8,43.04,42.35,42.11,40.06,39.56,39.79,38.2
2023-12-06,37.2,39.07,40.65,40.71,40.53,39.22,38.34,40.0,41.41,42.8,43.04,42.35,42.11,40.06,39.56,39.79
2023-12-07,37.48,37.2,39.07,40.65,40.71,40.53,39.22,38.34,40.0,41.41,42.8,43.04,42.35,42.11,40.06,39.56
2023-12-08,37.44,37.48,37.2,39.07,40.65,40.71,40.53,39.22,38.34,40.0,41.41,42.8,43.04,42.35,42.11,40.06
2023-12-09,36.04,37.44,37.48,37.2,39.07,40.65,40.71,40.53,39.22,38.34,40.0,41.41,42.8,43.04,42.35,42.11
2023-12-10,36.44,36.04,37.44,37.48,37.2,39.07,40.65,40.71,40.53,39.22,38.34,40.0,41.41,42.8,43.04,42.35
2023-12-11,36.27,36.44,36.04,37.44,37.48,37.2,39.07,40.65,40.71,40.53,39.22,38.34,40.0,41.41,42.8,43.04
2023-12-12,33.88,36.27,36.44,36.04,37.44,37.48,37.2,39.07,40.65,40.71,40.53,39.22,38.34,40.0,41.41,42.8
2023-12-13,32.69,33.88,36.27,36.44,36.04,37.44,37.48,37.2,39.07,40.65,40.71,40.53,39.22,38.34,40.0,41.41
2023-12-14,32.72,32.69,33.88,36.27,36.44,36.04,37.44,37.48,37.2,39.07,40.65,40.71,40.53,39.22,38.34,40.0
2023-12-15,32.09,32.72,32.69,33.88,36.27,36.44,36.04,37.44,37.48,37.2,39.07,40.65,40.71,40.53,39.22,38.34
2023-12-16,31.92,32.09,32.72,32.69,33.88,36.27,36.44,36.04,37.44,37.48,37.2,39.07,40.65,40.71,40.53,39.22
2023-12-17,32.54,31.92,32.09,32.72,32.69,33.88,36.27,36.44,36.04,37.44,37.48,37.2,39.07,40.65,40.71,40.53
2023-12-18,33.53,32.54,31.92,32.09,32.72,32.69,33.88,36.27,36.44,36.04,37.44,37.48,37.2,39.07,40.65,40.71
2023-12-19,32.48,33.53,32.54,31.92,32.09,32.72,32.69,33.88,36.27,36.44,36.04,37.44,37.48,37.2,39.07,40.65
2023-12-20,31.3,32.48,33.53,32.54,31.92,32.09,32.72,32.69,33.88,36.27,36.44,36.04,37.44,37.48,37.2,39.07
2023-12-21,31.78,31.3,32.48,33.53,32.54,31.92,32.09,32.72,32.69,33.88,36.27,36.44,36.04,37.44,37.48,37.2
2023-12-22,32.01,31.78,31.3,32.48,33.53,32.54,31.92,32.09,32.72,32.69,33.88,36.27,36.44,36.04,37.44,37.48
2023-12-23,31.42,32.01,31.78,31.3,32.48,33.53,32.54,31.92,32.09,32.72,32.69,33.88,36.27,36.44,36.04,37.44
2023-12-24,31.61,31.42,32.01,31.78,31.3,32.48,33.53,32.54,31.92,32.09,32.72,32.69,33.88,36.27,36.44,36.04
2023-12-25,33.22,31.61,31.42,32.01,31.78,31.3,32.48,33.53,32.54,31.92,32.09,32.72,32.69,33.88,36.27,36.44
2023-12-26,34.04,33.22,31.61,31.42,32.01,31.78,31.3,32.48,33.53,32.54,31.92,32.09,32.72,32.69,33.88,36.27
2023-12-27,33.91,34.04,33.22,31.61,31.42,32.01,31.78,31.3,32.48,33.53,32.54,31.92,32.09,32.72,32.69,33.88
2023-12-28,33.93,33.91,34.04,33.22,31.61,31.42,32.01,31.78,31.3,32.48,33.53,32.54,31.92,32.09,32.72,32.69
2023-12-29,32.23,33.93,33.91,34.04,33.22,31.61,31.42,32.01,31.78,31.3,32.48,33.53,32.54,31.92,32.09,32.72
2023-12-30,31.42,32.23,33.93,33.91,34.04,33.22,31.61,31.42,32.01,31.78,31.3,32.48,33.53,32.54,31.92,32.09
2023-12-31,31.08,31.42,32.23,33.93,33.91,34.04,33.22,31.61,31.42,32.01,31.78,31.3,32.48,33.53,32.54,31.92
2024-01-01,31.4,31.08,31.42,32.23,33.93,33.91,34.04,33.22,31.61,31.42,32.01,31.78,31.3,32.48,33.53,32.54
2024-01-02,32.02,31.4,31.08,31.42,32.23,33.93,33.91,34.04,33.22,31.61,31.42,32.01,31.78,31.3,32.48,33.53
2024-01-03,30.95,32.02,31.4,31.08,31.42,32.23,33.93,33.91,34.04,33.22,31.61,31.42,32.01,31.78,31.3,32.48
2024-01-04,31.97,30.95,32.02,31.4,31.08,31.42,32.23,33.93,33.91,34.04,33.22,31.61,31.42,32.01,31.78,31.3
2024-01-05,32.83,31.97,30.95,32.02,31.4,31.08,31.42,32.23,33.93,33.91,34.04,33.22,31.61,31.42,32.01,31.78
2024-01-06,33.68,32.83,31.97,30.95,32.02,31.4,31.08,31.42,32.23,33.93,33.91,34.04,33.22,31.61,31.42,32.01
2024-01-07,34.81,33.68,32.83,31.97,30.95,32.02,31.4,31.08,31.42,32.23,33.93,33.91,34.04,33.22,31.61,31.42
2024-01-08,34.66,34.81,33.68,32.83,31.97,30.95,32.02,31.4,31.08,31.42,32.23,33.93,33.91,34.04,33.22,31.61
2024-01-09,31.98,34.66,34.81,33.68,32.83,31.97,30.95,32.02,31.4,31.08,31.42,32.23,33.93,33.91,34.04,33.22
2024-01-10,31.05,31.98,34.66,34.81,33.68,32.83,31.97,30.95,32.02,31.4,31.08,31.42,32.23,33.93,33.91,34.04
2024-01-11,30.68,31.05,31.98,34.66,34.81,33.68,32.83,31.97,30.95,32.02,31.4,31.08,31.42,32.23,33.93,33.91
2024-01-12,30.42,30.68,31.05,31.98,34.66,34.81,33.68,32.83,31.97,30.95,32.02,31.4,31.08,31.42,32.23,33.93
2024-01-13,31.42,30.42,30.68,31.05,31.98,34.66,34.81,33.68,32.83,31.97,30.95,32.02,31.4,31.08,31.42,32.23
2024-01-14,31.18,31.42,30.42,30.68,31.05,31.98,34.66,34.81,33.68,32.83,31.97,30.95,32.02,31.4,31.08,31.42
2024-01-15,30.64,31.18,31.42,30.42,30.68,31.05,31.98,34.66,34.81,33.68,32.83,31.97,30.95,32.02,31.4,31.08
2024-01-16,29.3,30.64,31.18,31.42,30.42,30.68,31.05,31.98,34.66,34.81,33.68,32.83,31.97,30.95,32.02,31.4
2024-01-17,28.07,29.3,30.64,31.18,31.42,30.42,30.68,31.05,31.98,34.66,34.81,33.68,32.83,31.97,30.95,32.02
2024-01-18,27.12,28.07,29.3,30.64,31.18,31.42,30.42,30.68,31.05,31.98,34.66,34.81,33.68,32.83,31.97,30.95
2024-01-19,27.54,27.12,28.07,29.3,30.64,31.18,31.42,30.42,30.68,31.05,31.98,34.66,34.81,33.68,32.83,31.97
2024-01-20,27.76,27.54,27.12,28.07,29.3,30.64,31.18,31.42,30.42,30.68,31.05,31.98,34.66,34.81,33.68,32.83
2024-01-21,27.67,27.76,27.54,27.12,28.07,29.3,30.64,31.18,31.42,30.42,30.68,31.05,31.98,34.66,34.81,33.68
2024-01-22,27.72,27.67,27.76,27.54,27.12,28.07,29.3,30.64,31.18,31.42,30.42,30.68,31.05,31.98,34.66,34.81
2024-01-23,26.91,27.72,27.67,27.76,27.54,27.12,28.07,29.3,30.64,31.18,31.42,30.42,30.68,31.05,31.98,34.66
2024-01-24,26.77,26.91,27.72,27.67,27.76,27.54,27.12,28.07,29.3,30.64,31.18,31.42,30.42,30.68,31.05,31.98
2024-01-25,27.85,26.77,26.91,27.72,27.67,27.76,27.54,27.12,28.07,29.3,30.64,31.18,31.42,30.42,30.68,31.05
2024-01-26,27.06,27.85,26.77,26.91,27.72,27.67,27.76,27.54,27.12,28.07,29.3,30.64,31.18,31.42,30.42,30.68
2024-01-27,26.84,27.06,27.85,26.77,26.91,27.72,27.67,27.76,27.54,27.12,28.07,29.3,30.64,31.18,31.42,30.42
2024-01-28,26.85,26.84,27.06,27.85,26.77,26.91,27.72,27.67,27.76,27.54,27.12,28.07,29.3,30.64,31.18,31.42
2024-01-29,27.45,26.85,26.84,27.06,27.85,26.77,26.91,27.72,27.67,27.76,27.54,27.12,28.07,29.3,30.64,31.18
2024-01-30,27.84,27.45,26.85,26.84,27.06,27.85,26.77,26.91,27.72,27.67,27.76,27.54,27.12,28.07,29.3,30.64
2024-01-31,28.81,27.84,27.45,26.85,26.84,27.06,27.85,26.77,26.91,27.72,27.67,27.76,27.54,27.12,28.07,29.3
2024-02-01,28.94,28.81,27.84,27.45,26.85,26.84,27.06,27.85,26.77,26.91,27.72,27.67,27.76,27.54,27.12,28.07
2024-02-02,28.08,28.94,28.81,27.84,27.45,26.85,26.84,27.06,27.85,26.77,26.91,27.72,27.67,27.76,27.54,27.12
2024-02-03,28.23,28.08,28.94,28.81,27.84,27.45,26.85,26.84,27.06,27.85,26.77,26.91,27.72,27.67,27.76,27.54
2024-02-04,28.61,28.23,28.08,28.94,28.81,27.84,27.45,26.85,26.84,27.06,27.85,26.77,26.91,27.72,27.67,27.76
2024-02-05,29.03,28.61,28.23,28.08,28.94,28.81,27.84,27.45,26.85,26.84,27.06,27.85,26.77,26.91,27.72,27.67
2024-02-06,27.93,29.03,28.61,28.23,28.08,28.94,28.81,27.84,27.45,26.85,26.84,27.06,27.85,26.77,26.91,27.72
2024-02-07,27.61,27.93,29.03,28.61,28.23,28.08,28.94,28.81,27.84,27.45,26.85,26.84,27.06,27.85,26.77,26.91
2024-02-08,27.29,27.61,27.93,29.03,28.61,28.23,28.08,28.94,28.81,27.84,27.45,26.85,26.84,27.06,27.85,26.77
2024-02-09,27.02,27.29,27.61,27.93,29.03,28.61,28.23,28.08,28.94,28.81,27.84,27.45,26.85,26.84,27.06,27.85
2024-02-10,26.27,27.02,27.29,27.61,27.93,29.03,28.61,28.23,28.08,28.94,28.81,27.84,27.45,26.85,26.84,27.06
2024-02-11,26.37,26.27,27.02,27.29,27.61,27.93,29.03,28.61,28.23,28.08,28.94,28.81,27.84,27.45,26.85,26.84
2024-02-12,26.11,26.37,26.27,27.02,27.29,27.61,27.93,29.03,28.61,28.23,28.08,28.94,28.81,27.84,27.45,26.85
2024-02-13,25.55,26.11,26.37,26.27,27.02,27.29,27.61,27.93,29.03,28.61,28.23,28.08,28.94,28.81,27.84,27.45
2024-02-14,25.08,25.55,26.11,26.37,26.27,27.02,27.29,27.61,27.93,29.03,28.61,28.23,28.08,28.94,28.81,27.84
2024-02-15,24.58,25.08,25.55,26.11,26.37,26.27,27.02,27.29,27.61,27.93,29.03,28.61,28.23,28.08,28.94,28.81
2024-02-16,24.66,24.58,25.08,25.55,26.11,26.37,26.27,27.02,27.29,27.61,27.93,29.03,28.61,28.23,28.08,28.94
2024-02-17,24.5,24.66,24.58,25.08,25.55,26.11,26.37,26.27,27.02,27.29,27.61,27.93,29.03,28.61,28.23,28.08
2024-02-18,24.47,24.5,24.66,24.58,25.08,25.55,26.11,26.37,26.27,27.02,27.29,27.61,27.93,29.03,28.61,28.23
2024-02-19,24.01,24.47,24.5,24.66,24.58,25.08,25.55,26.11,26.37,26.27,27.02,27.29,27.61,27.93,29.03,28.61
2024-02-20,23.67,24.01,24.47,24.5,24.66,24.58,25.08,25.55,26.11,26.37,26.27,27.02,27.29,27.61,27.93,29.03
2024-02-21,23.7,23.67,24.01,24.47,24.5,24.66,24.58,25.08,25.55,26.11,26.37,26.27,27.02,27.29,27.61,27.93
2024-02-22,23.53,23.7,23.67,24.01,24.47,24.5,24.66,24.58,25.08,25.55,26.11,26.37,26.27,27.02,27.29,27.61
2024-02-23,22.93,23.53,23.7,23.67,24.01,24.47,24.5,24.66,24.58,25.08,25.55,26.11,26.37,26.27,27.02,27.29
2024-02-24,22.64,22.93,23.53,23.7,23.67,24.01,24.47,24.5,24.66,24.58,25.08,25.55,26.11,26.37,26.27,27.02
2024-02-25,23.07,22.64,22.93,23.53,23.7,23.67,24.01,24.47,24.5,24.66,24.58,25.08,25.55,26.11,26.37,26.27
2024-02-26,23.21,23.07,22.64,22.93,23.53,23.7,23.67,24.01,24.47,24.5,24.66,24.58,25.08,25.55,26.11,26.37
2024-02-27,23.66,23.21,23.07,22.64,22.93,23.53,23.7,23.67,24.01,24.47,24.5,24.66,24.58,25.08,25.55,26.11
2024-02-28,24.39,23.66,23.21,23.07,22.64,22.93,23.53,23.7,23.67,24.01,24.47,24.5,24.66,24.58,25.08,25.55
2024-02-29,24.64,24.39,23.66,23.21,23.07,22.64,22.93,23.53,23.7,23.67,24.01,24.47,24.5,24.66,24.58,25.08
2024-03-01,24.65,24.64,24.39,23.66,23.21,23.07,22.64,22.93,23.53,23.7,23.67,24.01,24.47,24.5,24.66,24.58
2024-03-02,24.9,24.65,24.64,24.39,23.66,23.21,23.07,22.64,22.93,23.53,23.7,23.67,24.01,24.47,24.5,24.66
2024-03-03,24.97,24.9,24.65,24.64,24.39,23.66,23.21,23.07,22.64,22.93,23.53,23.7,23.67,24.01,24.47,24.5
2024-03-04,25.2,24.97,24.9,24.65,24.64,24.39,23.66,23.21,23.07,22.64,22.93,23.53,23.7,23.67,24.01,24.47
2024-03-05,26.34,25.2,24.97,24.9,24.65,24.64,24.39,23.66,23.21,23.07,22.64,22.93,23.53,23.7,23.67,24.01
2024-03-06,27.36,26.34,25.2,24.97,24.9,24.65,24.64,24.39,23.66,23.21,23.07,22.64,22.93,23.53,23.7,23.67
2024-03-07,26.81,27.36,26.34,25.2,24.97,24.9,24.65,24.64,24.39,23.66,23.21,23.07,22.64,22.93,23.53,23.7
2024-03-08,26.1,26.81,27.36,26.34,25.2,24.97,24.9,24.65,24.64,24.39,23.66,23.21,23.07,22.64,22.93,23.53
2024-03-09,26.48,26.1,26.81,27.36,26.34,25.2,24.97,24.9,24.65,24.64,24.39,23.66,23.21,23.07,22.64,22.93
2024-03-10,26.58,26.48,26.1,26.81,27.36,26.34,25.2,24.97,24.9,24.65,24.64,24.39,23.66,23.21,23.07,22.64
2024-03-11,26.23,26.58,26.48,26.1,26.81,27.36,26.34,25.2,24.97,24.9,24.65,24.64,24.39,23.66,23.21,23.07
2024-03-12,25.11,26.23,26.58,26.48,26.1,26.81,27.36,26.34,25.2,24.97,24.9,24.65,24.64,24.39,23.66,23.21
2024-03-13,24.93,25.11,26.23,26.58,26.48,26.1,26.81,27.36,26.34,25.2,24.97,24.9,24.65,24.64,24.39,23.66
2024-03-14,25.06,24.93,25.11,26.23,26.58,26.48,26.1,26.81,27.36,26.34,25.2,24.97,24.9,24.65,24.64,24.39
2024-03-15,25.69,25.06,24.93,25.11,26.23,26.58,26.48,26.1,26.81,27.36,26.34,25.2,24.97,24.9,24.65,24.64
2024-03-16,26.93,25.69,25.06,24.93,25.11,26.23,26.58,26.48,26.1,26.81,27.36,26.34,25.2,24.97,24.9,24.65
2024-03-17,27.23,26.93,25.69,25.06,24.93,25.11,26.23,26.58,26.48,26.1,26.81,27.36,26.34,25.2,24.97,24.9
2024-03-18,28.15,27.23,26.93,25.69,25.06,24.93,25.11,26.23,26.58,26.48,26.1,26.81,27.36,26.34,25.2,24.97
2024-03-19,28.66,28.15,27.23,26.93,25.69,25.06,24.93,25.11,26.23,26.58,26.48,26.1,26.81,27.36,26.34,25.2
2024-03-20,28.58,28.66,28.15,27.23,26.93,25.69,25.06,24.93,25.11,26.23,26.58,26.48,26.1,26.81,27.36,26.34
2024-03-21,27.83,28.58,28.66,28.15,27.23,26.93,25.69,25.06,24.93,25.11,26.23,26.58,26.48,26.1,26.81,27.36
2024-03-22,27.13,27.83,28.58,28.66,28.15,27.23,26.93,25.69,25.06,24.93,25.11,26.23,26.58,26.48,26.1,26.81
2024-03-23,27.26,27.13,27.83,28.58,28.66,28.15,27.23,26.93,25.69,25.06,24.93,25.11,26.23,26.58,26.48,26.1
2024-03-24,26.98,27.26,27.13,27.83,28.58,28.66,28.15,27.23,26.93,25.69,25.06,24.93,25.11,26.23,26.58,26.48
2024-03-25,27.65,26.98,27.26,27.13,27.83,28.58,28.66,28.15,27.23,26.93,25.69,25.06,24.93,25.11,26.23,26.58
2024-03-26,28.1,27.65,26.98,27.26,27.13,27.83,28.58,28.66,28.15,27.23,26.93,25.69,25.06,24.93,25.11,26.23
2024-03-27,27.61,28.1,27.65,26.98,27.26,27.13,27.83,28.58,28.66,28.15,27.23,26.93,25.69,25.06,24.93,25.11
2024-03-28,27.58,27.61,28.1,27.65,26.98,27.26,27.13,27.83,28.58,28.66,28.15,27.23,26.93,25.69,25.06,24.93
2024-03-29,27.59,27.58,27.61,28.1,27.65,26.98,27.26,27.13,27.83,28.58,28.66,28.15,27.23,26.93,25.69,25.06
2024-03-30,27.77,27.59,27.58,27.61,28.1,27.65,26.98,27.26,27.13,27.83,28.58,28.66,28.15,27.23,26.93,25.69
2024-03-31,28.0,27.77,27.59,27.58,27.61,28.1,27.65,26.98,27.26,27.13,27.83,28.58,28.66,28.15,27.23,26.93
2024-04-01,29.45,28.0,27.77,27.59,27.58,27.61,28.1,27.65,26.98,27.26,27.13,27.83,28.58,28.66,28.15,27.23
2024-04-02,28.75,29.45,28.0,27.77,27.59,27.58,27.61,28.1,27.65,26.98,27.26,27.13,27.83,28.58,28.66,28.15
2024-04-03,26.86,28.75,29.45,28.0,27.77,27.59,27.58,27.61,28.1,27.65,26.98,27.26,27.13,27.83,28.58,28.66
2024-04-04,26.22,26.86,28.75,29.45,28.0,27.77,27.59,27.58,27.61,28.1,27.65,26.98,27.26,27.13,27.83,28.58
2024-04-05,26.35,26.22,26.86,28.75,29.45,28.0,27.77,27.59,27.58,27.61,28.1,27.65,26.98,27.26,27.13,27.83
2024-04-06,26.77,26.35,26.22,26.86,28.75,29.45,28.0,27.77,27.59,27.58,27.61,28.1,27.65,26.98,27.26,27.13
2024-04-07,26.87,26.77,26.35,26.22,26.86,28.75,29.45,28.0,27.77,27.59,27.58,27.61,28.1,27.65,26.98,27.26
2024-04-08,26.95,26.87,26.77,26.35,26.22,26.86,28.75,29.45,28.0,27.77,27.59,27.58,27.61,28.1,27.65,26.98
2024-04-09,27.75,26.95,26.87,26.77,26.35,26.22,26.86,28.75,29.45,28.0,27.77,27.59,27.58,27.61,28.1,27.65
2024-04-10,28.41,27.75,26.95,26.87,26.77,26.35,26.22,26.86,28.75,29.45,28.0,27.77,27.59,27.58,27.61,28.1
2024-04-11,28.4,28.41,27.75,26.95,26.87,26.77,26.35,26.22,26.86,28.75,29.45,28.0,27.77,27.59,27.58,27.61
2024-04-12,29.74,28.4,28.41,27.75,26.95,26.87,26.77,26.35,26.22,26.86,28.75,29.45,28.0,27.77,27.59,27.58
2024-04-13,29.93,29.74,28.4,28.41,27.75,26.95,26.87,26.77,26.35,26.22,26.86,28.75,29.45,28.0,27.77,27.59
2024-04-14,29.92,29.93,29.74,28.4,28.41,27.75,26.95,26.87,26.77,26.35,26.22,26.86,28.75,29.45,28.0,27.77
2024-04-15,30.35,29.92,29.93,29.74,28.4,28.41,27.75,26.95,26.87,26.77,26.35,26.22,26.86,28.75,29.45,28.0
2024-04-16,31.36,30.35,29.92,29.93,29.74,28.4,28.41,27.75,26.95,26.87,26.77,26.35,26.22,26.86,28.75,29.45
2024-04-17,32.53,31.36,30.35,29.92,29.93,29.74,28.4,28.41,27.75,26.95,26.87,26.77,26.35,26.22,26.86,28.75
2024-04-18,31.37,32.53,31.36,30.35,29.92,29.93,29.74,28.4,28.41,27.75,26.95,26.87,26.77,26.35,26.22,26.86
2024-04-19,31.85,31.37,32.53,31.36,30.35,29.92,29.93,29.74,28.4,28.41,27.75,26.95,26.87,26.77,26.35,26.22
2024-04-20,30.74,31.85,31.37,32.53,31.36,30.35,29.92,29.93,29.74,28.4,28.41,27.75,26.95,26.87,26.77,26.35
2024-04-21,30.58,30.74,31.85,31.37,32.53,31.36,30.35,29.92,29.93,29.74,28.4,28.41,27.75,26.95,26.87,26.77
2024-04-22,30.33,30.58,30.74,31.85,31.37,32.53,31.36,30.35,29.92,29.93,29.74,28.4,28.41,27.75,26.95,26.87
2024-04-23,29.46,30.33,30.58,30.74,31.85,31.37,32.53,31.36,30.35,29.92,29.93,29.74,28.4,28.41,27.75,26.95
2024-04-24,29.02,29.46,30.33,30.58,30.74,31.85,31.37,32.53,31.36,30.35,29.92,29.93,29.74,28.4,28.41,27.75
2024-04-25,29.82,29.02,29.46,30.33,30.58,30.74,31.85,31.37,32.53,31.36,30.35,29.92,29.93,29.74,28.4,28.41
2024-04-26,29.9,29.82,29.02,29.46,30.33,30.58,30.74,31.85,31.37,32.53,31.36,30.35,29.92,29.93,29.74,28.4
2024-04-27,29.64,29.9,29.82,29.02,29.46,30.33,30.58,30.74,31.85,31.37,32.53,31.36,30.35,29.92,29.93,29.74
2024-04-28,29.63,29.64,29.9,29.82,29.02,29.46,30.33,30.58,30.74,31.85,31.37,32.53,31.36,30.35,29.92,29.93
2024-04-29,29.43,29.63,29.64,29.9,29.82,29.02,29.46,30.33,30.58,30.74,31.85,31.37,32.53,31.36,30.35,29.92
2024-04-30,28.62,29.43,29.63,29.64,29.9,29.82,29.02,29.46,30.33,30.58,30.74,31.85,31.37,32.53,31.36,30.35
2024-05-01,29.17,28.62,29.43,29.63,29.64,29.9,29.82,29.02,29.46,30.33,30.58,30.74,31.85,31.37,32.53,31.36
2024-05-02,29.47,29.17,28.62,29.43,29.63,29.64,29.9,29.82,29.02,29.46,30.33,30.58,30.74,31.85,31.37,32.53
2024-05-03,30.55,29.47,29.17,28.62,29.43,29.63,29.64,29.9,29.82,29.02,29.46,30.33,30.58,30.74,31.85,31.37
2024-05-04,30.21,30.55,29.47,29.17,28.62,29.43,29.63,29.64,29.9,29.82,29.02,29.46,30.33,30.58,30.74,31.85
2024-05-05,30.12,30.21,30.55,29.47,29.17,28.62,29.43,29.63,29.64,29.9,29.82,29.02,29.46,30.33,30.58,30.74
2024-05-06,30.63,30.12,30.21,30.55,29.47,29.17,28.62,29.43,29.63,29.64,29.9,29.82,29.02,29.46,30.33,30.58
2024-05-07,30.88,30.63,30.12,30.21,30.55,29.47,29.17,28.62,29.43,29.63,29.64,29.9,29.82,29.02,29.46,30.33
2024-05-08,31.0,30.88,30.63,30.12,30.21,30.55,29.47,29.17,28.62,29.43,29.63,29.64,29.9,29.82,29.02,29.46
2024-05-09,30.54,31.0,30.88,30.63,30.12,30.21,30.55,29.47,29.17,28.62,29.43,29.63,29.64,29.9,29.82,29.02
2024-05-10,30.85,30.54,31.0,30.88,30.63,30.12,30.21,30.55,29.47,29.17,28.62,29.43,29.63,29.64,29.9,29.82
2024-05-11,30.02,30.85,30.54,31.0,30.88,30.63,30.12,30.21,30.55,29.47,29.17,28.62,29.43,29.63,29.64,29.9
2024-05-12,29.96,30.02,30.85,30.54,31.0,30.88,30.63,30.12,30.21,30.55,29.47,29.17,28.62,29.43,29.63,29.64
2024-05-13,29.98,29.96,30.02,30.85,30.54,31.0,30.88,30.63,30.12,30.21,30.55,29.47,29.17,28.62,29.43,29.63
2024-05-14,29.6,29.98,29.96,30.02,30.85,30.54,31.0,30.88,30.63,30.12,30.21,30.55,29.47,29.17,28.62,29.43
2024-05-15,29.87,29.6,29.98,29.96,30.02,30.85,30.54,31.0,30.88,30.63,30.12,30.21,30.55,29.47,29.17,28.62
2024-05-16,30.16,29.87,29.6,29.98,29.96,30.02,30.85,30.54,31.0,30.88,30.63,30.12,30.21,30.55,29.47,29.17
2024-05-17,30.93,30.16,29.87,29.6,29.98,29.96,30.02,30.85,30.54,31.0,30.88,30.63,30.12,30.21,30.55,29.47
2024-05-18,30.98,30.93,30.16,29.87,29.6,29.98,29.96,30.02,30.85,30.54,31.0,30.88,30.63,30.12,30.21,30.55
2024-05-19,31.12,30.98,30.93,30.16,29.87,29.6,29.98,29.96,30.02,30.85,30.54,31.0,30.88,30.63,30.12,30.21
2024-05-20,31.39,31.12,30.98,30.93,30.16,29.87,29.6,29.98,29.96,30.02,30.85,30.54,31.0,30.88,30.63,30.12
2024-05-21,32.27,31.39,31.12,30.98,30.93,30.16,29.87,29.6,29.98,29.96,30.02,30.85,30.54,31.0,30.88,30.63
2024-05-22,33.21,32.27,31.39,31.12,30.98,30.93,30.16,29.87,29.6,29.98,29.96,30.02,30.85,30.54,31.0,30.88
2024-05-23,34.61,33.21,32.27,31.39,31.12,30.98,30.93,30.16,29.87,29.6,29.98,29.96,30.02,30.85,30.54,31.0
2024-05-24,35.42,34.61,33.21,32.27,31.39,31.12,30.98,30.93,30.16,29.87,29.6,29.98,29.96,30.02,30.85,30.54
2024-05-25,34.72,35.42,34.61,33.21,32.27,31.39,31.12,30.98,30.93,30.16,29.87,29.6,29.98,29.96,30.02,30.85
2024-05-26,34.51,34.72,35.42,34.61,33.21,32.27,31.39,31.12,30.98,30.93,30.16,29.87,29.6,29.98,29.96,30.02
2024-05-27,34.7,34.51,34.72,35.42,34.61,33.21,32.27,31.39,31.12,30.98,30.93,30.16,29.87,29.6,29.98,29.96
2024-05-28,34.57,34.7,34.51,34.72,35.42,34.61,33.21,32.27,31.39,31.12,30.98,30.93,30.16,29.87,29.6,29.98
2024-05-29,34.42,34.57,34.7,34.51,34.72,35.42,34.61,33.21,32.27,31.39,31.12,30.98,30.93,30.16,29.87,29.6
2024-05-30,34.32,34.42,34.57,34.7,34.51,34.72,35.42,34.61,33.21,32.27,31.39,31.12,30.98,30.93,30.16,29.87
2024-05-31,34.89,34.32,34.42,34.57,34.7,34.51,34.72,35.42,34.61,33.21,32.27,31.39,31.12,30.98,30.93,30.16
