Date,Temperature,Temperature_lag1,Temperature_lag2,Temperature_lag3,Temperature_lag4,Temperature_lag5,Temperature_lag6,Temperature_lag7,Temperature_lag8,Temperature_lag9,Temperature_lag10,Temperature_lag11,Temperature_lag12,Temperature_lag13,Temperature_lag14,Temperature_lag15
2023-01-16,3.505,5.7549996,-0.495,2.605,0.605,6.355,1.4549999,9.455,9.755,3.2050002,-0.895,0.85499996,0.805,4.7549996,7.605,3.555
2023-01-17,8.3550005,3.505,5.7549996,-0.495,2.605,0.605,6.355,1.4549999,9.455,9.755,3.2050002,-0.895,0.85499996,0.805,4.7549996,7.605
2023-01-18,1.005,8.3550005,3.505,5.7549996,-0.495,2.605,0.605,6.355,1.4549999,9.455,9.755,3.2050002,-0.895,0.85499996,0.805,4.7549996
2023-01-19,0.90500003,1.005,8.3550005,3.505,5.7549996,-0.495,2.605,0.605,6.355,1.4549999,9.455,9.755,3.2050002,-0.895,0.85499996,0.805
2023-01-20,8.1050005,0.90500003,1.005,8.3550005,3.505,5.7549996,-0.495,2.605,0.605,6.355,1.4549999,9.455,9.755,3.2050002,-0.895,0.85499996
2023-01-21,3.355,8.1050005,0.90500003,1.005,8.3550005,3.505,5.7549996,-0.495,2.605,0.605,6.355,1.4549999,9.455,9.755,3.2050002,-0.895
2023-01-22,-2.595,3.355,8.1050005,0.90500003,1.005,8.3550005,3.505,5.7549996,-0.495,2.605,0.605,6.355,1.4549999,9.455,9.755,3.2050002
2023-01-23,-3.145,-2.595,3.355,8.1050005,0.90500003,1.005,8.3550005,3.505,5.7549996,-0.495,2.605,0.605,6.355,1.4549999,9.455,9.755
2023-01-24,-1.195,-3.145,-2.595,3.355,8.1050005,0.90500003,1.005,8.3550005,3.505,5.7549996,-0.495,2.605,0.605,6.355,1.4549999,9.455
2023-01-25,-2.195,-1.195,-3.145,-2.595,3.355,8.1050005,0.90500003,1.005,8.3550005,3.505,5.7549996,-0.495,2.605,0.605,6.355,1.4549999
2023-01-26,2.355,-2.195,-1.195,-3.145,-2.595,3.355,8.1050005,0.90500003,1.005,8.3550005,3.505,5.7549996,-0.495,2.605,0.605,6.355
2023-01-27,-1.195,2.355,-2.195,-1.195,-3.145,-2.595,3.355,8.1050005,0.90500003,1.005,8.3550005,3.505,5.7549996,-0.495,2.605,0.605
2023-01-28,0.305,-1.195,2.355,-2.195,-1.195,-3.145,-2.595,3.355,8.1050005,0.90500003,1.005,8.3550005,3.505,5.7549996,-0.495,2.605
2023-01-29,-2.945,0.305,-1.195,2.355,-2.195,-1.195,-3.145,-2.595,3.355,8.1050005,0.90500003,1.005,8.3550005,3.505,5.7549996,-0.495
2023-01-30,-3.395,-2.945,0.305,-1.195,2.355,-2.195,-1.195,-3.145,-2.595,3.355,8.1050005,0.90500003,1.005,8.3550005,3.505,5.7549996
2023-01-31,-4.3450003,-3.395,-2.945,0.305,-1.195,2.355,-2.195,-1.195,-3.145,-2.595,3.355,8.1050005,0.90500003,1.005,8.3550005,3.505
2023-02-01,0.105000004,-4.3450003,-3.395,-2.945,0.305,-1.195,2.355,-2.195,-1.195,-3.145,-2.595,3.355,8.1050005,0.90500003,1.005,8.3550005
2023-02-02,-1.2950001,0.105000004,-4.3450003,-3.395,-2.945,0.305,-1.195,2.355,-2.195,-1.195,-3.145,-2.595,3.355,8.1050005,0.90500003,1.005
2023-02-03,-1.345,-1.2950001,0.105000004,-4.3450003,-3.395,-2.945,0.305,-1.195,2.355,-2.195,-1.195,-3.145,-2.595,3.355,8.1050005,0.90500003
2023-02-04,-1.2950001,-1.345,-1.2950001,0.105000004,-4.3450003,-3.395,-2.945,0.305,-1.195,2.355,-2.195,-1.195,-3.145,-2.595,3.355,8.1050005
2023-02-05,2.555,-1.2950001,-1.345,-1.2950001,0.105000004,-4.3450003,-3.395,-2.945,0.305,-1.195,2.355,-2.195,-1.195,-3.145,-2.595,3.355
2023-02-06,-0.445,2.555,-1.2950001,-1.345,-1.2950001,0.105000004,-4.3450003,-3.395,-2.945,0.305,-1.195,2.355,-2.195,-1.195,-3.145,-2.595
2023-02-07,-0.245,-0.445,2.555,-1.2950001,-1.345,-1.2950001,0.105000004,-4.3450003,-3.395,-2.945,0.305,-1.195,2.355,-2.195,-1.195,-3.145
2023-02-08,1.2049999,-0.245,-0.445,2.555,-1.2950001,-1.345,-1.2950001,0.105000004,-4.3450003,-3.395,-2.945,0.305,-1.195,2.355,-2.195,-1.195
2023-02-09,3.405,1.2049999,-0.245,-0.445,2.555,-1.2950001,-1.345,-1.2950001,0.105000004,-4.3450003,-3.395,-2.945,0.305,-1.195,2.355,-2.195
2023-02-10,0.85499996,3.405,1.2049999,-0.245,-0.445,2.555,-1.2950001,-1.345,-1.2950001,0.105000004,-4.3450003,-3.395,-2.945,0.305,-1.195,2.355
2023-02-11,-1.5450001,0.85499996,3.405,1.2049999,-0.245,-0.445,2.555,-1.2950001,-1.345,-1.2950001,0.105000004,-4.3450003,-3.395,-2.945,0.305,-1.195
2023-02-12,-1.195,-1.5450001,0.85499996,3.405,1.2049999,-0.245,-0.445,2.555,-1.2950001,-1.345,-1.2950001,0.105000004,-4.3450003,-3.395,-2.945,0.305
2023-02-13,-0.395,-1.195,-1.5450001,0.85499996,3.405,1.2049999,-0.245,-0.445,2.555,-1.2950001,-1.345,-1.2950001,0.105000004,-4.3450003,-3.395,-2.945
2023-02-14,3.755,-0.395,-1.195,-1.5450001,0.85499996,3.405,1.2049999,-0.245,-0.445,2.555,-1.2950001,-1.345,-1.2950001,0.105000004,-4.3450003,-3.395
2023-02-15,3.905,3.755,-0.395,-1.195,-1.5450001,0.85499996,3.405,1.2049999,-0.245,-0.445,2.555,-1.2950001,-1.345,-1.2950001,0.105000004,-4.3450003
2023-02-16,0.755,3.905,3.755,-0.395,-1.195,-1.5450001,0.85499996,3.405,1.2049999,-0.245,-0.445,2.555,-1.2950001,-1.345,-1.2950001,0.105000004
2023-02-17,0.40500003,0.755,3.905,3.755,-0.395,-1.195,-1.5450001,0.85499996,3.405,1.2049999,-0.245,-0.445,2.555,-1.2950001,-1.345,-1.2950001
2023-02-18,3.105,0.40500003,0.755,3.905,3.755,-0.395,-1.195,-1.5450001,0.85499996,3.405,1.2049999,-0.245,-0.445,2.555,-1.2950001,-1.345
2023-02-19,4.105,3.105,0.40500003,0.755,3.905,3.755,-0.395,-1.195,-1.5450001,0.85499996,3.405,1.2049999,-0.245,-0.445,2.555,-1.2950001
2023-02-20,5.4049997,4.105,3.105,0.40500003,0.755,3.905,3.755,-0.395,-1.195,-1.5450001,0.85499996,3.405,1.2049999,-0.245,-0.445,2.555
2023-02-21,5.0049996,5.4049997,4.105,3.105,0.40500003,0.755,3.905,3.755,-0.395,-1.195,-1.5450001,0.85499996,3.405,1.2049999,-0.245,-0.445
2023-02-22,3.605,5.0049996,5.4049997,4.105,3.105,0.40500003,0.755,3.905,3.755,-0.395,-1.195,-1.5450001,0.85499996,3.405,1.2049999,-0.245
2023-02-23,5.9049997,3.605,5.0049996,5.4049997,4.105,3.105,0.40500003,0.755,3.905,3.755,-0.395,-1.195,-1.5450001,0.85499996,3.405,1.2049999
2023-02-24,-1.745,5.9049997,3.605,5.0049996,5.4049997,4.105,3.105,0.40500003,0.755,3.905,3.755,-0.395,-1.195,-1.5450001,0.85499996,3.405
2023-02-25,-2.845,-1.745,5.9049997,3.605,5.0049996,5.4049997,4.105,3.105,0.40500003,0.755,3.905,3.755,-0.395,-1.195,-1.5450001,0.85499996
2023-02-26,-3.095,-2.845,-1.745,5.9049997,3.605,5.0049996,5.4049997,4.105,3.105,0.40500003,0.755,3.905,3.755,-0.395,-1.195,-1.5450001
2023-02-27,-2.095,-3.095,-2.845,-1.745,5.9049997,3.605,5.0049996,5.4049997,4.105,3.105,0.40500003,0.755,3.905,3.755,-0.395,-1.195
2023-02-28,-4.2450004,-2.095,-3.095,-2.845,-1.745,5.9049997,3.605,5.0049996,5.4049997,4.105,3.105,0.40500003,0.755,3.905,3.755,-0.395
2023-03-01,-3.945,-4.2450004,-2.095,-3.095,-2.845,-1.745,5.9049997,3.605,5.0049996,5.4049997,4.105,3.105,0.40500003,0.755,3.905,3.755
2023-03-02,-2.5449998,-3.945,-4.2450004,-2.095,-3.095,-2.845,-1.745,5.9049997,3.605,5.0049996,5.4049997,4.105,3.105,0.40500003,0.755,3.905
2023-03-03,-2.7949998,-2.5449998,-3.945,-4.2450004,-2.095,-3.095,-2.845,-1.745,5.9049997,3.605,5.0049996,5.4049997,4.105,3.105,0.40500003,0.755
2023-03-04,-1.245,-2.7949998,-2.5449998,-3.945,-4.2450004,-2.095,-3.095,-2.845,-1.745,5.9049997,3.605,5.0049996,5.4049997,4.105,3.105,0.40500003
2023-03-05,-1.3950001,-1.245,-2.7949998,-2.5449998,-3.945,-4.2450004,-2.095,-3.095,-2.845,-1.745,5.9049997,3.605,5.0049996,5.4049997,4.105,3.105
2023-03-06,4.9049997,-1.3950001,-1.245,-2.7949998,-2.5449998,-3.945,-4.2450004,-2.095,-3.095,-2.845,-1.745,5.9049997,3.605,5.0049996,5.4049997,4.105
2023-03-07,8.455,4.9049997,-1.3950001,-1.245,-2.7949998,-2.5449998,-3.945,-4.2450004,-2.095,-3.095,-2.845,-1.745,5.9049997,3.605,5.0049996,5.4049997
2023-03-08,10.1050005,8.455,4.9049997,-1.3950001,-1.245,-2.7949998,-2.5449998,-3.945,-4.2450004,-2.095,-3.095,-2.845,-1.745,5.9049997,3.605,5.0049996
2023-03-09,10.655001,10.1050005,8.455,4.9049997,-1.3950001,-1.245,-2.7949998,-2.5449998,-3.945,-4.2450004,-2.095,-3.095,-2.845,-1.745,5.9049997,3.605
2023-03-10,7.805,10.655001,10.1050005,8.455,4.9049997,-1.3950001,-1.245,-2.7949998,-2.5449998,-3.945,-4.2450004,-2.095,-3.095,-2.845,-1.745,5.9049997
2023-03-11,8.505,7.805,10.655001,10.1050005,8.455,4.9049997,-1.3950001,-1.245,-2.7949998,-2.5449998,-3.945,-4.2450004,-2.095,-3.095,-2.845,-1.745
2023-03-12,9.905001,8.505,7.805,10.655001,10.1050005,8.455,4.9049997,-1.3950001,-1.245,-2.7949998,-2.5449998,-3.945,-4.2450004,-2.095,-3.095,-2.845
2023-03-13,8.305,9.905001,8.505,7.805,10.655001,10.1050005,8.455,4.9049997,-1.3950001,-1.245,-2.7949998,-2.5449998,-3.945,-4.2450004,-2.095,-3.095
2023-03-14,5.9049997,8.305,9.905001,8.505,7.805,10.655001,10.1050005,8.455,4.9049997,-1.3950001,-1.245,-2.7949998,-2.5449998,-3.945,-4.2450004,-2.095
2023-03-15,3.505,5.9049997,8.305,9.905001,8.505,7.805,10.655001,10.1050005,8.455,4.9049997,-1.3950001,-1.245,-2.7949998,-2.5449998,-3.945,-4.2450004
2023-03-16,4.9049997,3.505,5.9049997,8.305,9.905001,8.505,7.805,10.655001,10.1050005,8.455,4.9049997,-1.3950001,-1.245,-2.7949998,-2.5449998,-3.945
2023-03-17,10.405001,4.9049997,3.505,5.9049997,8.305,9.905001,8.505,7.805,10.655001,10.1050005,8.455,4.9049997,-1.3950001,-1.245,-2.7949998,-2.5449998
2023-03-18,5.5049996,10.405001,4.9049997,3.505,5.9049997,8.305,9.905001,8.505,7.805,10.655001,10.1050005,8.455,4.9049997,-1.3950001,-1.245,-2.7949998
2023-03-19,4.205,5.5049996,10.405001,4.9049997,3.505,5.9049997,8.305,9.905001,8.505,7.805,10.655001,10.1050005,8.455,4.9049997,-1.3950001,-1.245
2023-03-20,3.7050002,4.205,5.5049996,10.405001,4.9049997,3.505,5.9049997,8.305,9.905001,8.505,7.805,10.655001,10.1050005,8.455,4.9049997,-1.3950001
2023-03-21,5.105,3.7050002,4.205,5.5049996,10.405001,4.9049997,3.505,5.9049997,8.305,9.905001,8.505,7.805,10.655001,10.1050005,8.455,4.9049997
2023-03-22,5.4049997,5.105,3.7050002,4.205,5.5049996,10.405001,4.9049997,3.505,5.9049997,8.305,9.905001,8.505,7.805,10.655001,10.1050005,8.455
2023-03-23,6.9049997,5.4049997,5.105,3.7050002,4.205,5.5049996,10.405001,4.9049997,3.505,5.9049997,8.305,9.905001,8.505,7.805,10.655001,10.1050005
2023-03-24,8.905001,6.9049997,5.4049997,5.105,3.7050002,4.205,5.5049996,10.405001,4.9049997,3.505,5.9049997,8.305,9.905001,8.505,7.805,10.655001
2023-03-25,8.255,8.905001,6.9049997,5.4049997,5.105,3.7050002,4.205,5.5049996,10.405001,4.9049997,3.505,5.9049997,8.305,9.905001,8.505,7.805
2023-03-26,8.505,8.255,8.905001,6.9049997,5.4049997,5.105,3.7050002,4.205,5.5049996,10.405001,4.9049997,3.505,5.9049997,8.305,9.905001,8.505
2023-03-27,5.4049997,8.505,8.255,8.905001,6.9049997,5.4049997,5.105,3.7050002,4.205,5.5049996,10.405001,4.9049997,3.505,5.9049997,8.305,9.905001
2023-03-28,4.955,5.4049997,8.505,8.255,8.905001,6.9049997,5.4049997,5.105,3.7050002,4.205,5.5049996,10.405001,4.9049997,3.505,5.9049997,8.305
2023-03-29,6.705,4.955,5.4049997,8.505,8.255,8.905001,6.9049997,5.4049997,5.105,3.7050002,4.205,5.5049996,10.405001,4.9049997,3.505,5.9049997
2023-03-30,11.505,6.705,4.955,5.4049997,8.505,8.255,8.905001,6.9049997,5.4049997,5.105,3.7050002,4.205,5.5049996,10.405001,4.9049997,3.505
2023-03-31,9.905001,11.505,6.705,4.955,5.4049997,8.505,8.255,8.905001,6.9049997,5.4049997,5.105,3.7050002,4.205,5.5049996,10.405001,4.9049997
2023-04-01,9.8550005,9.905001,11.505,6.705,4.955,5.4049997,8.505,8.255,8.905001,6.9049997,5.4049997,5.105,3.7050002,4.205,5.5049996,10.405001
2023-04-02,3.155,9.8550005,9.905001,11.505,6.705,4.955,5.4049997,8.505,8.255,8.905001,6.9049997,5.4049997,5.105,3.7050002,4.205,5.5049996
2023-04-03,2.905,3.155,9.8550005,9.905001,11.505,6.705,4.955,5.4049997,8.505,8.255,8.905001,6.9049997,5.4049997,5.105,3.7050002,4.205
2023-04-04,6.055,2.905,3.155,9.8550005,9.905001,11.505,6.705,4.955,5.4049997,8.505,8.255,8.905001,6.9049997,5.4049997,5.105,3.7050002
2023-04-05,3.405,6.055,2.905,3.155,9.8550005,9.905001,11.505,6.705,4.955,5.4049997,8.505,8.255,8.905001,6.9049997,5.4049997,5.105
2023-04-06,5.9049997,3.405,6.055,2.905,3.155,9.8550005,9.905001,11.505,6.705,4.955,5.4049997,8.505,8.255,8.905001,6.9049997,5.4049997
2023-04-07,5.455,5.9049997,3.405,6.055,2.905,3.155,9.8550005,9.905001,11.505,6.705,4.955,5.4049997,8.505,8.255,8.905001,6.9049997
2023-04-08,6.955,5.455,5.9049997,3.405,6.055,2.905,3.155,9.8550005,9.905001,11.505,6.705,4.955,5.4049997,8.505,8.255,8.905001
2023-04-09,8.055,6.955,5.455,5.9049997,3.405,6.055,2.905,3.155,9.8550005,9.905001,11.505,6.705,4.955,5.4049997,8.505,8.255
2023-04-10,10.455,8.055,6.955,5.455,5.9049997,3.405,6.055,2.905,3.155,9.8550005,9.905001,11.505,6.705,4.955,5.4049997,8.505
2023-04-11,10.055,10.455,8.055,6.955,5.455,5.9049997,3.405,6.055,2.905,3.155,9.8550005,9.905001,11.505,6.705,4.955,5.4049997
2023-04-12,10.005,10.055,10.455,8.055,6.955,5.455,5.9049997,3.405,6.055,2.905,3.155,9.8550005,9.905001,11.505,6.705,4.955
2023-04-13,6.605,10.005,10.055,10.455,8.055,6.955,5.455,5.9049997,3.405,6.055,2.905,3.155,9.8550005,9.905001,11.505,6.705
2023-04-14,9.505,6.605,10.005,10.055,10.455,8.055,6.955,5.455,5.9049997,3.405,6.055,2.905,3.155,9.8550005,9.905001,11.505
2023-04-15,9.755,9.505,6.605,10.005,10.055,10.455,8.055,6.955,5.455,5.9049997,3.405,6.055,2.905,3.155,9.8550005,9.905001
2023-04-16,9.3550005,9.755,9.505,6.605,10.005,10.055,10.455,8.055,6.955,5.455,5.9049997,3.405,6.055,2.905,3.155,9.8550005
2023-04-17,8.3550005,9.3550005,9.755,9.505,6.605,10.005,10.055,10.455,8.055,6.955,5.455,5.9049997,3.405,6.055,2.905,3.155
2023-04-18,7.705,8.3550005,9.3550005,9.755,9.505,6.605,10.005,10.055,10.455,8.055,6.955,5.455,5.9049997,3.405,6.055,2.905
2023-04-19,8.6050005,7.705,8.3550005,9.3550005,9.755,9.505,6.605,10.005,10.055,10.455,8.055,6.955,5.455,5.9049997,3.405,6.055
2023-04-20,10.3550005,8.6050005,7.705,8.3550005,9.3550005,9.755,9.505,6.605,10.005,10.055,10.455,8.055,6.955,5.455,5.9049997,3.405
2023-04-21,11.205,10.3550005,8.6050005,7.705,8.3550005,9.3550005,9.755,9.505,6.605,10.005,10.055,10.455,8.055,6.955,5.455,5.9049997
2023-04-22,11.955,11.205,10.3550005,8.6050005,7.705,8.3550005,9.3550005,9.755,9.505,6.605,10.005,10.055,10.455,8.055,6.955,5.455
2023-04-23,8.755,11.955,11.205,10.3550005,8.6050005,7.705,8.3550005,9.3550005,9.755,9.505,6.605,10.005,10.055,10.455,8.055,6.955
2023-04-24,11.1050005,8.755,11.955,11.205,10.3550005,8.6050005,7.705,8.3550005,9.3550005,9.755,9.505,6.605,10.005,10.055,10.455,8.055
2023-04-25,12.555,11.1050005,8.755,11.955,11.205,10.3550005,8.6050005,7.705,8.3550005,9.3550005,9.755,9.505,6.605,10.005,10.055,10.455
2023-04-26,12.8550005,12.555,11.1050005,8.755,11.955,11.205,10.3550005,8.6050005,7.705,8.3550005,9.3550005,9.755,9.505,6.605,10.005,10.055
2023-04-27,13.505,12.8550005,12.555,11.1050005,8.755,11.955,11.205,10.3550005,8.6050005,7.705,8.3550005,9.3550005,9.755,9.505,6.605,10.005
2023-04-28,15.305,13.505,12.8550005,12.555,11.1050005,8.755,11.955,11.205,10.3550005,8.6050005,7.705,8.3550005,9.3550005,9.755,9.505,6.605
2023-04-29,17.005001,15.305,13.505,12.8550005,12.555,11.1050005,8.755,11.955,11.205,10.3550005,8.6050005,7.705,8.3550005,9.3550005,9.755,9.505
2023-04-30,13.655001,17.005001,15.305,13.505,12.8550005,12.555,11.1050005,8.755,11.955,11.205,10.3550005,8.6050005,7.705,8.3550005,9.3550005,9.755
2023-05-01,11.305,13.655001,17.005001,15.305,13.505,12.8550005,12.555,11.1050005,8.755,11.955,11.205,10.3550005,8.6050005,7.705,8.3550005,9.3550005
2023-05-02,12.6050005,11.305,13.655001,17.005001,15.305,13.505,12.8550005,12.555,11.1050005,8.755,11.955,11.205,10.3550005,8.6050005,7.705,8.3550005
2023-05-03,14.1050005,12.6050005,11.305,13.655001,17.005001,15.305,13.505,12.8550005,12.555,11.1050005,8.755,11.955,11.205,10.3550005,8.6050005,7.705
2023-05-04,15.005,14.1050005,12.6050005,11.305,13.655001,17.005001,15.305,13.505,12.8550005,12.555,11.1050005,8.755,11.955,11.205,10.3550005,8.6050005
2023-05-05,11.805,15.005,14.1050005,12.6050005,11.305,13.655001,17.005001,15.305,13.505,12.8550005,12.555,11.1050005,8.755,11.955,11.205,10.3550005
2023-05-06,11.505,11.805,15.005,14.1050005,12.6050005,11.305,13.655001,17.005001,15.305,13.505,12.8550005,12.555,11.1050005,8.755,11.955,11.205
2023-05-07,14.905001,11.505,11.805,15.005,14.1050005,12.6050005,11.305,13.655001,17.005001,15.305,13.505,12.8550005,12.555,11.1050005,8.755,11.955
2023-05-08,13.405001,14.905001,11.505,11.805,15.005,14.1050005,12.6050005,11.305,13.655001,17.005001,15.305,13.505,12.8550005,12.555,11.1050005,8.755
2023-05-09,17.555,13.405001,14.905001,11.505,11.805,15.005,14.1050005,12.6050005,11.305,13.655001,17.005001,15.305,13.505,12.8550005,12.555,11.1050005
2023-05-10,13.055,17.555,13.405001,14.905001,11.505,11.805,15.005,14.1050005,12.6050005,11.305,13.655001,17.005001,15.305,13.505,12.8550005,12.555
2023-05-11,10.405001,13.055,17.555,13.405001,14.905001,11.505,11.805,15.005,14.1050005,12.6050005,11.305,13.655001,17.005001,15.305,13.505,12.8550005
2023-05-12,9.655001,10.405001,13.055,17.555,13.405001,14.905001,11.505,11.805,15.005,14.1050005,12.6050005,11.305,13.655001,17.005001,15.305,13.505
2023-05-13,7.905,9.655001,10.405001,13.055,17.555,13.405001,14.905001,11.505,11.805,15.005,14.1050005,12.6050005,11.305,13.655001,17.005001,15.305
2023-05-14,9.8550005,7.905,9.655001,10.405001,13.055,17.555,13.405001,14.905001,11.505,11.805,15.005,14.1050005,12.6050005,11.305,13.655001,17.005001
2023-05-15,9.8550005,9.8550005,7.905,9.655001,10.405001,13.055,17.555,13.405001,14.905001,11.505,11.805,15.005,14.1050005,12.6050005,11.305,13.655001
2023-05-16,9.305,9.8550005,9.8550005,7.905,9.655001,10.405001,13.055,17.555,13.405001,14.905001,11.505,11.805,15.005,14.1050005,12.6050005,11.305
2023-05-17,8.6050005,9.305,9.8550005,9.8550005,7.905,9.655001,10.405001,13.055,17.555,13.405001,14.905001,11.505,11.805,15.005,14.1050005,12.6050005
2023-05-18,9.205,8.6050005,9.305,9.8550005,9.8550005,7.905,9.655001,10.405001,13.055,17.555,13.405001,14.905001,11.505,11.805,15.005,14.1050005
2023-05-19,9.455,9.205,8.6050005,9.305,9.8550005,9.8550005,7.905,9.655001,10.405001,13.055,17.555,13.405001,14.905001,11.505,11.805,15.005
2023-05-20,8.755,9.455,9.205,8.6050005,9.305,9.8550005,9.8550005,7.905,9.655001,10.405001,13.055,17.555,13.405001,14.905001,11.505,11.805
2023-05-21,10.655001,8.755,9.455,9.205,8.6050005,9.305,9.8550005,9.8550005,7.905,9.655001,10.405001,13.055,17.555,13.405001,14.905001,11.505
2023-05-22,12.8550005,10.655001,8.755,9.455,9.205,8.6050005,9.305,9.8550005,9.8550005,7.905,9.655001,10.405001,13.055,17.555,13.405001,14.905001
2023-05-23,12.955,12.8550005,10.655001,8.755,9.455,9.205,8.6050005,9.305,9.8550005,9.8550005,7.905,9.655001,10.405001,13.055,17.555,13.405001
2023-05-24,12.805,12.955,12.8550005,10.655001,8.755,9.455,9.205,8.6050005,9.305,9.8550005,9.8550005,7.905,9.655001,10.405001,13.055,17.555
2023-05-25,13.005,12.805,12.955,12.8550005,10.655001,8.755,9.455,9.205,8.6050005,9.305,9.8550005,9.8550005,7.905,9.655001,10.405001,13.055
2023-05-26,13.505,13.005,12.805,12.955,12.8550005,10.655001,8.755,9.455,9.205,8.6050005,9.305,9.8550005,9.8550005,7.905,9.655001,10.405001
2023-05-27,12.505,13.505,13.005,12.805,12.955,12.8550005,10.655001,8.755,9.455,9.205,8.6050005,9.305,9.8550005,9.8550005,7.905,9.655001
2023-05-28,13.155001,12.505,13.505,13.005,12.805,12.955,12.8550005,10.655001,8.755,9.455,9.205,8.6050005,9.305,9.8550005,9.8550005,7.905
2023-05-29,12.305,13.155001,12.505,13.505,13.005,12.805,12.955,12.8550005,10.655001,8.755,9.455,9.205,8.6050005,9.305,9.8550005,9.8550005
2023-05-30,12.155001,12.305,13.155001,12.505,13.505,13.005,12.805,12.955,12.8550005,10.655001,8.755,9.455,9.205,8.6050005,9.305,9.8550005
2023-05-31,12.8550005,12.155001,12.305,13.155001,12.505,13.505,13.005,12.805,12.955,12.8550005,10.655001,8.755,9.455,9.205,8.6050005,9.305
2023-06-01,14.305,12.8550005,12.155001,12.305,13.155001,12.505,13.505,13.005,12.805,12.955,12.8550005,10.655001,8.755,9.455,9.205,8.6050005
2023-06-02,13.405001,14.305,12.8550005,12.155001,12.305,13.155001,12.505,13.505,13.005,12.805,12.955,12.8550005,10.655001,8.755,9.455,9.205
2023-06-03,14.155001,13.405001,14.305,12.8550005,12.155001,12.305,13.155001,12.505,13.505,13.005,12.805,12.955,12.8550005,10.655001,8.755,9.455
2023-06-04,14.755,14.155001,13.405001,14.305,12.8550005,12.155001,12.305,13.155001,12.505,13.505,13.005,12.805,12.955,12.8550005,10.655001,8.755
2023-06-05,15.855,14.755,14.155001,13.405001,14.305,12.8550005,12.155001,12.305,13.155001,12.505,13.505,13.005,12.805,12.955,12.8550005,10.655001
2023-06-06,15.655001,15.855,14.755,14.155001,13.405001,14.305,12.8550005,12.155001,12.305,13.155001,12.505,13.505,13.005,12.805,12.955,12.8550005
2023-06-07,20.305,15.655001,15.855,14.755,14.155001,13.405001,14.305,12.8550005,12.155001,12.305,13.155001,12.505,13.505,13.005,12.805,12.955
2023-06-08,16.505001,20.305,15.655001,15.855,14.755,14.155001,13.405001,14.305,12.8550005,12.155001,12.305,13.155001,12.505,13.505,13.005,12.805
2023-06-09,15.755,16.505001,20.305,15.655001,15.855,14.755,14.155001,13.405001,14.305,12.8550005,12.155001,12.305,13.155001,12.505,13.505,13.005
2023-06-10,16.255001,15.755,16.505001,20.305,15.655001,15.855,14.755,14.155001,13.405001,14.305,12.8550005,12.155001,12.305,13.155001,12.505,13.505
2023-06-11,19.005001,16.255001,15.755,16.505001,20.305,15.655001,15.855,14.755,14.155001,13.405001,14.305,12.8550005,12.155001,12.305,13.155001,12.505
2023-06-12,17.005001,19.005001,16.255001,15.755,16.505001,20.305,15.655001,15.855,14.755,14.155001,13.405001,14.305,12.8550005,12.155001,12.305,13.155001
2023-06-13,15.3550005,17.005001,19.005001,16.255001,15.755,16.505001,20.305,15.655001,15.855,14.755,14.155001,13.405001,14.305,12.8550005,12.155001,12.305
2023-06-14,17.005001,15.3550005,17.005001,19.005001,16.255001,15.755,16.505001,20.305,15.655001,15.855,14.755,14.155001,13.405001,14.305,12.8550005,12.155001
2023-06-15,18.205,17.005001,15.3550005,17.005001,19.005001,16.255001,15.755,16.505001,20.305,15.655001,15.855,14.755,14.155001,13.405001,14.305,12.8550005
2023-06-16,20.955,18.205,17.005001,15.3550005,17.005001,19.005001,16.255001,15.755,16.505001,20.305,15.655001,15.855,14.755,14.155001,13.405001,14.305
2023-06-17,24.455,20.955,18.205,17.005001,15.3550005,17.005001,19.005001,16.255001,15.755,16.505001,20.305,15.655001,15.855,14.755,14.155001,13.405001
2023-06-18,18.605,24.455,20.955,18.205,17.005001,15.3550005,17.005001,19.005001,16.255001,15.755,16.505001,20.305,15.655001,15.855,14.755,14.155001
2023-06-19,18.955,18.605,24.455,20.955,18.205,17.005001,15.3550005,17.005001,19.005001,16.255001,15.755,16.505001,20.305,15.655001,15.855,14.755
2023-06-20,22.705,18.955,18.605,24.455,20.955,18.205,17.005001,15.3550005,17.005001,19.005001,16.255001,15.755,16.505001,20.305,15.655001,15.855
2023-06-21,20.305,22.705,18.955,18.605,24.455,20.955,18.205,17.005001,15.3550005,17.005001,19.005001,16.255001,15.755,16.505001,20.305,15.655001
2023-06-22,17.155,20.305,22.705,18.955,18.605,24.455,20.955,18.205,17.005001,15.3550005,17.005001,19.005001,16.255001,15.755,16.505001,20.305
2023-06-23,20.255001,17.155,20.305,22.705,18.955,18.605,24.455,20.955,18.205,17.005001,15.3550005,17.005001,19.005001,16.255001,15.755,16.505001
2023-06-24,22.955,20.255001,17.155,20.305,22.705,18.955,18.605,24.455,20.955,18.205,17.005001,15.3550005,17.005001,19.005001,16.255001,15.755
2023-06-25,26.255001,22.955,20.255001,17.155,20.305,22.705,18.955,18.605,24.455,20.955,18.205,17.005001,15.3550005,17.005001,19.005001,16.255001
2023-06-26,25.605,26.255001,22.955,20.255001,17.155,20.305,22.705,18.955,18.605,24.455,20.955,18.205,17.005001,15.3550005,17.005001,19.005001
2023-06-27,26.155,25.605,26.255001,22.955,20.255001,17.155,20.305,22.705,18.955,18.605,24.455,20.955,18.205,17.005001,15.3550005,17.005001
2023-06-28,25.755001,26.155,25.605,26.255001,22.955,20.255001,17.155,20.305,22.705,18.955,18.605,24.455,20.955,18.205,17.005001,15.3550005
2023-06-29,25.955,25.755001,26.155,25.605,26.255001,22.955,20.255001,17.155,20.305,22.705,18.955,18.605,24.455,20.955,18.205,17.005001
2023-06-30,19.605,25.955,25.755001,26.155,25.605,26.255001,22.955,20.255001,17.155,20.305,22.705,18.955,18.605,24.455,20.955,18.205
2023-07-01,20.655,19.605,25.955,25.755001,26.155,25.605,26.255001,22.955,20.255001,17.155,20.305,22.705,18.955,18.605,24.455,20.955
2023-07-02,24.405,20.655,19.605,25.955,25.755001,26.155,25.605,26.255001,22.955,20.255001,17.155,20.305,22.705,18.955,18.605,24.455
2023-07-03,24.805,24.405,20.655,19.605,25.955,25.755001,26.155,25.605,26.255001,22.955,20.255001,17.155,20.305,22.705,18.955,18.605
2023-07-04,24.355,24.805,24.405,20.655,19.605,25.955,25.755001,26.155,25.605,26.255001,22.955,20.255001,17.155,20.305,22.705,18.955
2023-07-05,23.455,24.355,24.805,24.405,20.655,19.605,25.955,25.755001,26.155,25.605,26.255001,22.955,20.255001,17.155,20.305,22.705
2023-07-06,24.605,23.455,24.355,24.805,24.405,20.655,19.605,25.955,25.755001,26.155,25.605,26.255001,22.955,20.255001,17.155,20.305
2023-07-07,23.055,24.605,23.455,24.355,24.805,24.405,20.655,19.605,25.955,25.755001,26.155,25.605,26.255001,22.955,20.255001,17.155
2023-07-08,24.305,23.055,24.605,23.455,24.355,24.805,24.405,20.655,19.605,25.955,25.755001,26.155,25.605,26.255001,22.955,20.255001
2023-07-09,22.755001,24.305,23.055,24.605,23.455,24.355,24.805,24.405,20.655,19.605,25.955,25.755001,26.155,25.605,26.255001,22.955
2023-07-10,24.055,22.755001,24.305,23.055,24.605,23.455,24.355,24.805,24.405,20.655,19.605,25.955,25.755001,26.155,25.605,26.255001
2023-07-11,27.955,24.055,22.755001,24.305,23.055,24.605,23.455,24.355,24.805,24.405,20.655,19.605,25.955,25.755001,26.155,25.605
2023-07-12,25.905,27.955,24.055,22.755001,24.305,23.055,24.605,23.455,24.355,24.805,24.405,20.655,19.605,25.955,25.755001,26.155
2023-07-13,24.855,25.905,27.955,24.055,22.755001,24.305,23.055,24.605,23.455,24.355,24.805,24.405,20.655,19.605,25.955,25.755001
2023-07-14,25.855,24.855,25.905,27.955,24.055,22.755001,24.305,23.055,24.605,23.455,24.355,24.805,24.405,20.655,19.605,25.955
2023-07-15,25.855,25.855,24.855,25.905,27.955,24.055,22.755001,24.305,23.055,24.605,23.455,24.355,24.805,24.405,20.655,19.605
2023-07-16,21.805,25.855,25.855,24.855,25.905,27.955,24.055,22.755001,24.305,23.055,24.605,23.455,24.355,24.805,24.405,20.655
2023-07-17,23.605,21.805,25.855,25.855,24.855,25.905,27.955,24.055,22.755001,24.305,23.055,24.605,23.455,24.355,24.805,24.405
2023-07-18,30.355,23.605,21.805,25.855,25.855,24.855,25.905,27.955,24.055,22.755001,24.305,23.055,24.605,23.455,24.355,24.805
2023-07-19,30.555,30.355,23.605,21.805,25.855,25.855,24.855,25.905,27.955,24.055,22.755001,24.305,23.055,24.605,23.455,24.355
2023-07-20,27.405,30.555,30.355,23.605,21.805,25.855,25.855,24.855,25.905,27.955,24.055,22.755001,24.305,23.055,24.605,23.455
2023-07-21,25.155,27.405,30.555,30.355,23.605,21.805,25.855,25.855,24.855,25.905,27.955,24.055,22.755001,24.305,23.055,24.605
2023-07-22,21.855,25.155,27.405,30.555,30.355,23.605,21.805,25.855,25.855,24.855,25.905,27.955,24.055,22.755001,24.305,23.055
2023-07-23,24.055,21.855,25.155,27.405,30.555,30.355,23.605,21.805,25.855,25.855,24.855,25.905,27.955,24.055,22.755001,24.305
2023-07-24,24.905,24.055,21.855,25.155,27.405,30.555,30.355,23.605,21.805,25.855,25.855,24.855,25.905,27.955,24.055,22.755001
2023-07-25,21.905,24.905,24.055,21.855,25.155,27.405,30.555,30.355,23.605,21.805,25.855,25.855,24.855,25.905,27.955,24.055
2023-07-26,21.705,21.905,24.905,24.055,21.855,25.155,27.405,30.555,30.355,23.605,21.805,25.855,25.855,24.855,25.905,27.955
2023-07-27,24.905,21.705,21.905,24.905,24.055,21.855,25.155,27.405,30.555,30.355,23.605,21.805,25.855,25.855,24.855,25.905
2023-07-28,24.355,24.905,21.705,21.905,24.905,24.055,21.855,25.155,27.405,30.555,30.355,23.605,21.805,25.855,25.855,24.855
2023-07-29,25.005001,24.355,24.905,21.705,21.905,24.905,24.055,21.855,25.155,27.405,30.555,30.355,23.605,21.805,25.855,25.855
2023-07-30,25.905,25.005001,24.355,24.905,21.705,21.905,24.905,24.055,21.855,25.155,27.405,30.555,30.355,23.605,21.805,25.855
2023-07-31,27.105,25.905,25.005001,24.355,24.905,21.705,21.905,24.905,24.055,21.855,25.155,27.405,30.555,30.355,23.605,21.805
2023-08-01,26.955,27.105,25.905,25.005001,24.355,24.905,21.705,21.905,24.905,24.055,21.855,25.155,27.405,30.555,30.355,23.605
2023-08-02,25.905,26.955,27.105,25.905,25.005001,24.355,24.905,21.705,21.905,24.905,24.055,21.855,25.155,27.405,30.555,30.355
2023-08-03,25.105,25.905,26.955,27.105,25.905,25.005001,24.355,24.905,21.705,21.905,24.905,24.055,21.855,25.155,27.405,30.555
2023-08-04,19.305,25.105,25.905,26.955,27.105,25.905,25.005001,24.355,24.905,21.705,21.905,24.905,24.055,21.855,25.155,27.405
2023-08-05,18.955,19.305,25.105,25.905,26.955,27.105,25.905,25.005001,24.355,24.905,21.705,21.905,24.905,24.055,21.855,25.155
2023-08-06,26.605,18.955,19.305,25.105,25.905,26.955,27.105,25.905,25.005001,24.355,24.905,21.705,21.905,24.905,24.055,21.855
2023-08-07,23.355,26.605,18.955,19.305,25.105,25.905,26.955,27.105,25.905,25.005001,24.355,24.905,21.705,21.905,24.905,24.055
2023-08-08,26.355,23.355,26.605,18.955,19.305,25.105,25.905,26.955,27.105,25.905,25.005001,24.355,24.905,21.705,21.905,24.905
2023-08-09,29.405,26.355,23.355,26.605,18.955,19.305,25.105,25.905,26.955,27.105,25.905,25.005001,24.355,24.905,21.705,21.905
2023-08-10,29.705,29.405,26.355,23.355,26.605,18.955,19.305,25.105,25.905,26.955,27.105,25.905,25.005001,24.355,24.905,21.705
2023-08-11,26.355,29.705,29.405,26.355,23.355,26.605,18.955,19.305,25.105,25.905,26.955,27.105,25.905,25.005001,24.355,24.905
2023-08-12,27.255001,26.355,29.705,29.405,26.355,23.355,26.605,18.955,19.305,25.105,25.905,26.955,27.105,25.905,25.005001,24.355
2023-08-13,28.505001,27.255001,26.355,29.705,29.405,26.355,23.355,26.605,18.955,19.305,25.105,25.905,26.955,27.105,25.905,25.005001
2023-08-14,25.555,28.505001,27.255001,26.355,29.705,29.405,26.355,23.355,26.605,18.955,19.305,25.105,25.905,26.955,27.105,25.905
2023-08-15,24.605,25.555,28.505001,27.255001,26.355,29.705,29.405,26.355,23.355,26.605,18.955,19.305,25.105,25.905,26.955,27.105
2023-08-16,25.855,24.605,25.555,28.505001,27.255001,26.355,29.705,29.405,26.355,23.355,26.605,18.955,19.305,25.105,25.905,26.955
2023-08-17,24.455,25.855,24.605,25.555,28.505001,27.255001,26.355,29.705,29.405,26.355,23.355,26.605,18.955,19.305,25.105,25.905
2023-08-18,26.255001,24.455,25.855,24.605,25.555,28.505001,27.255001,26.355,29.705,29.405,26.355,23.355,26.605,18.955,19.305,25.105
2023-08-19,24.205,26.255001,24.455,25.855,24.605,25.555,28.505001,27.255001,26.355,29.705,29.405,26.355,23.355,26.605,18.955,19.305
2023-08-20,26.055,24.205,26.255001,24.455,25.855,24.605,25.555,28.505001,27.255001,26.355,29.705,29.405,26.355,23.355,26.605,18.955
2023-08-21,27.555,26.055,24.205,26.255001,24.455,25.855,24.605,25.555,28.505001,27.255001,26.355,29.705,29.405,26.355,23.355,26.605
2023-08-22,29.005001,27.555,26.055,24.205,26.255001,24.455,25.855,24.605,25.555,28.505001,27.255001,26.355,29.705,29.405,26.355,23.355
2023-08-23,29.155,29.005001,27.555,26.055,24.205,26.255001,24.455,25.855,24.605,25.555,28.505001,27.255001,26.355,29.705,29.405,26.355
2023-08-24,28.505001,29.155,29.005001,27.555,26.055,24.205,26.255001,24.455,25.855,24.605,25.555,28.505001,27.255001,26.355,29.705,29.405
2023-08-25,29.255001,28.505001,29.155,29.005001,27.555,26.055,24.205,26.255001,24.455,25.855,24.605,25.555,28.505001,27.255001,26.355,29.705
2023-08-26,30.005001,29.255001,28.505001,29.155,29.005001,27.555,26.055,24.205,26.255001,24.455,25.855,24.605,25.555,28.505001,27.255001,26.355
2023-08-27,20.955,30.005001,29.255001,28.505001,29.155,29.005001,27.555,26.055,24.205,26.255001,24.455,25.855,24.605,25.555,28.505001,27.255001
2023-08-28,16.555,20.955,30.005001,29.255001,28.505001,29.155,29.005001,27.555,26.055,24.205,26.255001,24.455,25.855,24.605,25.555,28.505001
2023-08-29,20.855,16.555,20.955,30.005001,29.255001,28.505001,29.155,29.005001,27.555,26.055,24.205,26.255001,24.455,25.855,24.605,25.555
2023-08-30,19.355,20.855,16.555,20.955,30.005001,29.255001,28.505001,29.155,29.005001,27.555,26.055,24.205,26.255001,24.455,25.855,24.605
2023-08-31,20.155,19.355,20.855,16.555,20.955,30.005001,29.255001,28.505001,29.155,29.005001,27.555,26.055,24.205,26.255001,24.455,25.855
2023-09-01,22.355,20.155,19.355,20.855,16.555,20.955,30.005001,29.255001,28.505001,29.155,29.005001,27.555,26.055,24.205,26.255001,24.455
2023-09-02,21.605,22.355,20.155,19.355,20.855,16.555,20.955,30.005001,29.255001,28.505001,29.155,29.005001,27.555,26.055,24.205,26.255001
2023-09-03,15.955,21.605,22.355,20.155,19.355,20.855,16.555,20.955,30.005001,29.255001,28.505001,29.155,29.005001,27.555,26.055,24.205
2023-09-04,18.105,15.955,21.605,22.355,20.155,19.355,20.855,16.555,20.955,30.005001,29.255001,28.505001,29.155,29.005001,27.555,26.055
2023-09-05,17.105,18.105,15.955,21.605,22.355,20.155,19.355,20.855,16.555,20.955,30.005001,29.255001,28.505001,29.155,29.005001,27.555
2023-09-06,17.855,17.105,18.105,15.955,21.605,22.355,20.155,19.355,20.855,16.555,20.955,30.005001,29.255001,28.505001,29.155,29.005001
2023-09-07,19.905,17.855,17.105,18.105,15.955,21.605,22.355,20.155,19.355,20.855,16.555,20.955,30.005001,29.255001,28.505001,29.155
2023-09-08,20.305,19.905,17.855,17.105,18.105,15.955,21.605,22.355,20.155,19.355,20.855,16.555,20.955,30.005001,29.255001,28.505001
2023-09-09,20.355,20.305,19.905,17.855,17.105,18.105,15.955,21.605,22.355,20.155,19.355,20.855,16.555,20.955,30.005001,29.255001
2023-09-10,17.805,20.355,20.305,19.905,17.855,17.105,18.105,15.955,21.605,22.355,20.155,19.355,20.855,16.555,20.955,30.005001
2023-09-11,18.305,17.805,20.355,20.305,19.905,17.855,17.105,18.105,15.955,21.605,22.355,20.155,19.355,20.855,16.555,20.955
2023-09-12,16.755001,18.305,17.805,20.355,20.305,19.905,17.855,17.105,18.105,15.955,21.605,22.355,20.155,19.355,20.855,16.555
2023-09-13,17.005001,16.755001,18.305,17.805,20.355,20.305,19.905,17.855,17.105,18.105,15.955,21.605,22.355,20.155,19.355,20.855
2023-09-14,18.705,17.005001,16.755001,18.305,17.805,20.355,20.305,19.905,17.855,17.105,18.105,15.955,21.605,22.355,20.155,19.355
2023-09-15,18.255001,18.705,17.005001,16.755001,18.305,17.805,20.355,20.305,19.905,17.855,17.105,18.105,15.955,21.605,22.355,20.155
2023-09-16,15.455,18.255001,18.705,17.005001,16.755001,18.305,17.805,20.355,20.305,19.905,17.855,17.105,18.105,15.955,21.605,22.355
2023-09-17,18.555,15.455,18.255001,18.705,17.005001,16.755001,18.305,17.805,20.355,20.305,19.905,17.855,17.105,18.105,15.955,21.605
2023-09-18,14.805,18.555,15.455,18.255001,18.705,17.005001,16.755001,18.305,17.805,20.355,20.305,19.905,17.855,17.105,18.105,15.955
2023-09-19,13.155001,14.805,18.555,15.455,18.255001,18.705,17.005001,16.755001,18.305,17.805,20.355,20.305,19.905,17.855,17.105,18.105
2023-09-20,14.555,13.155001,14.805,18.555,15.455,18.255001,18.705,17.005001,16.755001,18.305,17.805,20.355,20.305,19.905,17.855,17.105
2023-09-21,15.005,14.555,13.155001,14.805,18.555,15.455,18.255001,18.705,17.005001,16.755001,18.305,17.805,20.355,20.305,19.905,17.855
2023-09-22,14.3550005,15.005,14.555,13.155001,14.805,18.555,15.455,18.255001,18.705,17.005001,16.755001,18.305,17.805,20.355,20.305,19.905
2023-09-23,11.205,14.3550005,15.005,14.555,13.155001,14.805,18.555,15.455,18.255001,18.705,17.005001,16.755001,18.305,17.805,20.355,20.305
2023-09-24,12.455,11.205,14.3550005,15.005,14.555,13.155001,14.805,18.555,15.455,18.255001,18.705,17.005001,16.755001,18.305,17.805,20.355
2023-09-25,14.155001,12.455,11.205,14.3550005,15.005,14.555,13.155001,14.805,18.555,15.455,18.255001,18.705,17.005001,16.755001,18.305,17.805
2023-09-26,18.355,14.155001,12.455,11.205,14.3550005,15.005,14.555,13.155001,14.805,18.555,15.455,18.255001,18.705,17.005001,16.755001,18.305
2023-09-27,16.105,18.355,14.155001,12.455,11.205,14.3550005,15.005,14.555,13.155001,14.805,18.555,15.455,18.255001,18.705,17.005001,16.755001
2023-09-28,17.355,16.105,18.355,14.155001,12.455,11.205,14.3550005,15.005,14.555,13.155001,14.805,18.555,15.455,18.255001,18.705,17.005001
2023-09-29,17.555,17.355,16.105,18.355,14.155001,12.455,11.205,14.3550005,15.005,14.555,13.155001,14.805,18.555,15.455,18.255001,18.705
2023-09-30,18.405,17.555,17.355,16.105,18.355,14.155001,12.455,11.205,14.3550005,15.005,14.555,13.155001,14.805,18.555,15.455,18.255001
2023-10-01,18.005001,18.405,17.555,17.355,16.105,18.355,14.155001,12.455,11.205,14.3550005,15.005,14.555,13.155001,14.805,18.555,15.455
2023-10-02,17.455,18.005001,18.405,17.555,17.355,16.105,18.355,14.155001,12.455,11.205,14.3550005,15.005,14.555,13.155001,14.805,18.555
2023-10-03,17.405,17.455,18.005001,18.405,17.555,17.355,16.105,18.355,14.155001,12.455,11.205,14.3550005,15.005,14.555,13.155001,14.805
2023-10-04,18.405,17.405,17.455,18.005001,18.405,17.555,17.355,16.105,18.355,14.155001,12.455,11.205,14.3550005,15.005,14.555,13.155001
2023-10-05,17.805,18.405,17.405,17.455,18.005001,18.405,17.555,17.355,16.105,18.355,14.155001,12.455,11.205,14.3550005,15.005,14.555
2023-10-06,18.055,17.805,18.405,17.405,17.455,18.005001,18.405,17.555,17.355,16.105,18.355,14.155001,12.455,11.205,14.3550005,15.005
2023-10-07,17.155,18.055,17.805,18.405,17.405,17.455,18.005001,18.405,17.555,17.355,16.105,18.355,14.155001,12.455,11.205,14.3550005
2023-10-08,17.255001,17.155,18.055,17.805,18.405,17.405,17.455,18.005001,18.405,17.555,17.355,16.105,18.355,14.155001,12.455,11.205
2023-10-09,18.955,17.255001,17.155,18.055,17.805,18.405,17.405,17.455,18.005001,18.405,17.555,17.355,16.105,18.355,14.155001,12.455
2023-10-10,16.255001,18.955,17.255001,17.155,18.055,17.805,18.405,17.405,17.455,18.005001,18.405,17.555,17.355,16.105,18.355,14.155001
2023-10-11,15.405001,16.255001,18.955,17.255001,17.155,18.055,17.805,18.405,17.405,17.455,18.005001,18.405,17.555,17.355,16.105,18.355
2023-10-12,16.005001,15.405001,16.255001,18.955,17.255001,17.155,18.055,17.805,18.405,17.405,17.455,18.005001,18.405,17.555,17.355,16.105
2023-10-13,16.455,16.005001,15.405001,16.255001,18.955,17.255001,17.155,18.055,17.805,18.405,17.405,17.455,18.005001,18.405,17.555,17.355
2023-10-14,18.105,16.455,16.005001,15.405001,16.255001,18.955,17.255001,17.155,18.055,17.805,18.405,17.405,17.455,18.005001,18.405,17.555
2023-10-15,15.205,18.105,16.455,16.005001,15.405001,16.255001,18.955,17.255001,17.155,18.055,17.805,18.405,17.405,17.455,18.005001,18.405
2023-10-16,15.555,15.205,18.105,16.455,16.005001,15.405001,16.255001,18.955,17.255001,17.155,18.055,17.805,18.405,17.405,17.455,18.005001
2023-10-17,16.205,15.555,15.205,18.105,16.455,16.005001,15.405001,16.255001,18.955,17.255001,17.155,18.055,17.805,18.405,17.405,17.455
2023-10-18,16.455,16.205,15.555,15.205,18.105,16.455,16.005001,15.405001,16.255001,18.955,17.255001,17.155,18.055,17.805,18.405,17.405
2023-10-19,15.055,16.455,16.205,15.555,15.205,18.105,16.455,16.005001,15.405001,16.255001,18.955,17.255001,17.155,18.055,17.805,18.405
2023-10-20,11.455,15.055,16.455,16.205,15.555,15.205,18.105,16.455,16.005001,15.405001,16.255001,18.955,17.255001,17.155,18.055,17.805
2023-10-21,9.655001,11.455,15.055,16.455,16.205,15.555,15.205,18.105,16.455,16.005001,15.405001,16.255001,18.955,17.255001,17.155,18.055
2023-10-22,8.955,9.655001,11.455,15.055,16.455,16.205,15.555,15.205,18.105,16.455,16.005001,15.405001,16.255001,18.955,17.255001,17.155
2023-10-23,11.205,8.955,9.655001,11.455,15.055,16.455,16.205,15.555,15.205,18.105,16.455,16.005001,15.405001,16.255001,18.955,17.255001
2023-10-24,10.155001,11.205,8.955,9.655001,11.455,15.055,16.455,16.205,15.555,15.205,18.105,16.455,16.005001,15.405001,16.255001,18.955
2023-10-25,12.205,10.155001,11.205,8.955,9.655001,11.455,15.055,16.455,16.205,15.555,15.205,18.105,16.455,16.005001,15.405001,16.255001
2023-10-26,15.6050005,12.205,10.155001,11.205,8.955,9.655001,11.455,15.055,16.455,16.205,15.555,15.205,18.105,16.455,16.005001,15.405001
2023-10-27,10.705,15.6050005,12.205,10.155001,11.205,8.955,9.655001,11.455,15.055,16.455,16.205,15.555,15.205,18.105,16.455,16.005001
2023-10-28,12.1050005,10.705,15.6050005,12.205,10.155001,11.205,8.955,9.655001,11.455,15.055,16.455,16.205,15.555,15.205,18.105,16.455
2023-10-29,13.255,12.1050005,10.705,15.6050005,12.205,10.155001,11.205,8.955,9.655001,11.455,15.055,16.455,16.205,15.555,15.205,18.105
2023-10-30,12.405001,13.255,12.1050005,10.705,15.6050005,12.205,10.155001,11.205,8.955,9.655001,11.455,15.055,16.455,16.205,15.555,15.205
2023-10-31,7.855,12.405001,13.255,12.1050005,10.705,15.6050005,12.205,10.155001,11.205,8.955,9.655001,11.455,15.055,16.455,16.205,15.555
2023-11-01,7.4049997,7.855,12.405001,13.255,12.1050005,10.705,15.6050005,12.205,10.155001,11.205,8.955,9.655001,11.455,15.055,16.455,16.205
2023-11-02,13.805,7.4049997,7.855,12.405001,13.255,12.1050005,10.705,15.6050005,12.205,10.155001,11.205,8.955,9.655001,11.455,15.055,16.455
2023-11-03,6.1549997,13.805,7.4049997,7.855,12.405001,13.255,12.1050005,10.705,15.6050005,12.205,10.155001,11.205,8.955,9.655001,11.455,15.055
2023-11-04,9.1050005,6.1549997,13.805,7.4049997,7.855,12.405001,13.255,12.1050005,10.705,15.6050005,12.205,10.155001,11.205,8.955,9.655001,11.455
2023-11-05,8.655001,9.1050005,6.1549997,13.805,7.4049997,7.855,12.405001,13.255,12.1050005,10.705,15.6050005,12.205,10.155001,11.205,8.955,9.655001
2023-11-06,7.1549997,8.655001,9.1050005,6.1549997,13.805,7.4049997,7.855,12.405001,13.255,12.1050005,10.705,15.6050005,12.205,10.155001,11.205,8.955
2023-11-07,5.555,7.1549997,8.655001,9.1050005,6.1549997,13.805,7.4049997,7.855,12.405001,13.255,12.1050005,10.705,15.6050005,12.205,10.155001,11.205
2023-11-08,4.305,5.555,7.1549997,8.655001,9.1050005,6.1549997,13.805,7.4049997,7.855,12.405001,13.255,12.1050005,10.705,15.6050005,12.205,10.155001
2023-11-09,8.905001,4.305,5.555,7.1549997,8.655001,9.1050005,6.1549997,13.805,7.4049997,7.855,12.405001,13.255,12.1050005,10.705,15.6050005,12.205
2023-11-10,8.305,8.905001,4.305,5.555,7.1549997,8.655001,9.1050005,6.1549997,13.805,7.4049997,7.855,12.405001,13.255,12.1050005,10.705,15.6050005
2023-11-11,11.255,8.305,8.905001,4.305,5.555,7.1549997,8.655001,9.1050005,6.1549997,13.805,7.4049997,7.855,12.405001,13.255,12.1050005,10.705
2023-11-12,12.555,11.255,8.305,8.905001,4.305,5.555,7.1549997,8.655001,9.1050005,6.1549997,13.805,7.4049997,7.855,12.405001,13.255,12.1050005
2023-11-13,13.155001,12.555,11.255,8.305,8.905001,4.305,5.555,7.1549997,8.655001,9.1050005,6.1549997,13.805,7.4049997,7.855,12.405001,13.255
2023-11-14,9.805,13.155001,12.555,11.255,8.305,8.905001,4.305,5.555,7.1549997,8.655001,9.1050005,6.1549997,13.805,7.4049997,7.855,12.405001
2023-11-15,8.805,9.805,13.155001,12.555,11.255,8.305,8.905001,4.305,5.555,7.1549997,8.655001,9.1050005,6.1549997,13.805,7.4049997,7.855
2023-11-16,10.455,8.805,9.805,13.155001,12.555,11.255,8.305,8.905001,4.305,5.555,7.1549997,8.655001,9.1050005,6.1549997,13.805,7.4049997
2023-11-17,9.805,10.455,8.805,9.805,13.155001,12.555,11.255,8.305,8.905001,4.305,5.555,7.1549997,8.655001,9.1050005,6.1549997,13.805
2023-11-18,9.205,9.805,10.455,8.805,9.805,13.155001,12.555,11.255,8.305,8.905001,4.305,5.555,7.1549997,8.655001,9.1050005,6.1549997
2023-11-19,8.405001,9.205,9.805,10.455,8.805,9.805,13.155001,12.555,11.255,8.305,8.905001,4.305,5.555,7.1549997,8.655001,9.1050005
2023-11-20,7.6549997,8.405001,9.205,9.805,10.455,8.805,9.805,13.155001,12.555,11.255,8.305,8.905001,4.305,5.555,7.1549997,8.655001
2023-11-21,8.505,7.6549997,8.405001,9.205,9.805,10.455,8.805,9.805,13.155001,12.555,11.255,8.305,8.905001,4.305,5.555,7.1549997
2023-11-22,7.605,8.505,7.6549997,8.405001,9.205,9.805,10.455,8.805,9.805,13.155001,12.555,11.255,8.305,8.905001,4.305,5.555
2023-11-23,6.305,7.605,8.505,7.6549997,8.405001,9.205,9.805,10.455,8.805,9.805,13.155001,12.555,11.255,8.305,8.905001,4.305
2023-11-24,3.2050002,6.305,7.605,8.505,7.6549997,8.405001,9.205,9.805,10.455,8.805,9.805,13.155001,12.555,11.255,8.305,8.905001
2023-11-25,4.4049997,3.2050002,6.305,7.605,8.505,7.6549997,8.405001,9.205,9.805,10.455,8.805,9.805,13.155001,12.555,11.255,8.305
2023-11-26,4.855,4.4049997,3.2050002,6.305,7.605,8.505,7.6549997,8.405001,9.205,9.805,10.455,8.805,9.805,13.155001,12.555,11.255
2023-11-27,7.205,4.855,4.4049997,3.2050002,6.305,7.605,8.505,7.6549997,8.405001,9.205,9.805,10.455,8.805,9.805,13.155001,12.555
2023-11-28,7.455,7.205,4.855,4.4049997,3.2050002,6.305,7.605,8.505,7.6549997,8.405001,9.205,9.805,10.455,8.805,9.805,13.155001
2023-11-29,11.055,7.455,7.205,4.855,4.4049997,3.2050002,6.305,7.605,8.505,7.6549997,8.405001,9.205,9.805,10.455,8.805,9.805
2023-11-30,12.555,11.055,7.455,7.205,4.855,4.4049997,3.2050002,6.305,7.605,8.505,7.6549997,8.405001,9.205,9.805,10.455,8.805
2023-12-01,12.905001,12.555,11.055,7.455,7.205,4.855,4.4049997,3.2050002,6.305,7.605,8.505,7.6549997,8.405001,9.205,9.805,10.455
2023-12-02,5.0049996,12.905001,12.555,11.055,7.455,7.205,4.855,4.4049997,3.2050002,6.305,7.605,8.505,7.6549997,8.405001,9.205,9.805
2023-12-03,2.405,5.0049996,12.905001,12.555,11.055,7.455,7.205,4.855,4.4049997,3.2050002,6.305,7.605,8.505,7.6549997,8.405001,9.205
2023-12-04,4.605,2.405,5.0049996,12.905001,12.555,11.055,7.455,7.205,4.855,4.4049997,3.2050002,6.305,7.605,8.505,7.6549997,8.405001
2023-12-05,5.705,4.605,2.405,5.0049996,12.905001,12.555,11.055,7.455,7.205,4.855,4.4049997,3.2050002,6.305,7.605,8.505,7.6549997
2023-12-06,5.4049997,5.705,4.605,2.405,5.0049996,12.905001,12.555,11.055,7.455,7.205,4.855,4.4049997,3.2050002,6.305,7.605,8.505
2023-12-07,2.9550002,5.4049997,5.705,4.605,2.405,5.0049996,12.905001,12.555,11.055,7.455,7.205,4.855,4.4049997,3.2050002,6.305,7.605
2023-12-08,9.1050005,2.9550002,5.4049997,5.705,4.605,2.405,5.0049996,12.905001,12.555,11.055,7.455,7.205,4.855,4.4049997,3.2050002,6.305
2023-12-09,5.7549996,9.1050005,2.9550002,5.4049997,5.705,4.605,2.405,5.0049996,12.905001,12.555,11.055,7.455,7.205,4.855,4.4049997,3.2050002
2023-12-10,9.505,5.7549996,9.1050005,2.9550002,5.4049997,5.705,4.605,2.405,5.0049996,12.905001,12.555,11.055,7.455,7.205,4.855,4.4049997
2023-12-11,9.305,9.505,5.7549996,9.1050005,2.9550002,5.4049997,5.705,4.605,2.405,5.0049996,12.905001,12.555,11.055,7.455,7.205,4.855
2023-12-12,6.855,9.305,9.505,5.7549996,9.1050005,2.9550002,5.4049997,5.705,4.605,2.405,5.0049996,12.905001,12.555,11.055,7.455,7.205
2023-12-13,11.705,6.855,9.305,9.505,5.7549996,9.1050005,2.9550002,5.4049997,5.705,4.605,2.405,5.0049996,12.905001,12.555,11.055,7.455
2023-12-14,5.555,11.705,6.855,9.305,9.505,5.7549996,9.1050005,2.9550002,5.4049997,5.705,4.605,2.405,5.0049996,12.905001,12.555,11.055
2023-12-15,4.2549996,5.555,11.705,6.855,9.305,9.505,5.7549996,9.1050005,2.9550002,5.4049997,5.705,4.605,2.405,5.0049996,12.905001,12.555
2023-12-16,3.405,4.2549996,5.555,11.705,6.855,9.305,9.505,5.7549996,9.1050005,2.9550002,5.4049997,5.705,4.605,2.405,5.0049996,12.905001
2023-12-17,1.255,3.405,4.2549996,5.555,11.705,6.855,9.305,9.505,5.7549996,9.1050005,2.9550002,5.4049997,5.705,4.605,2.405,5.0049996
2023-12-18,0.90500003,1.255,3.405,4.2549996,5.555,11.705,6.855,9.305,9.505,5.7549996,9.1050005,2.9550002,5.4049997,5.705,4.605,2.405
2023-12-19,0.705,0.90500003,1.255,3.405,4.2549996,5.555,11.705,6.855,9.305,9.505,5.7549996,9.1050005,2.9550002,5.4049997,5.705,4.605
2023-12-20,-0.395,0.705,0.90500003,1.255,3.405,4.2549996,5.555,11.705,6.855,9.305,9.505,5.7549996,9.1050005,2.9550002,5.4049997,5.705
2023-12-21,4.105,-0.395,0.705,0.90500003,1.255,3.405,4.2549996,5.555,11.705,6.855,9.305,9.505,5.7549996,9.1050005,2.9550002,5.4049997
2023-12-22,2.7050002,4.105,-0.395,0.705,0.90500003,1.255,3.405,4.2549996,5.555,11.705,6.855,9.305,9.505,5.7549996,9.1050005,2.9550002
2023-12-23,2.805,2.7050002,4.105,-0.395,0.705,0.90500003,1.255,3.405,4.2549996,5.555,11.705,6.855,9.305,9.505,5.7549996,9.1050005
2023-12-24,2.155,2.805,2.7050002,4.105,-0.395,0.705,0.90500003,1.255,3.405,4.2549996,5.555,11.705,6.855,9.305,9.505,5.7549996
2023-12-25,0.45499998,2.155,2.805,2.7050002,4.105,-0.395,0.705,0.90500003,1.255,3.405,4.2549996,5.555,11.705,6.855,9.305,9.505
2023-12-26,-0.395,0.45499998,2.155,2.805,2.7050002,4.105,-0.395,0.705,0.90500003,1.255,3.405,4.2549996,5.555,11.705,6.855,9.305
2023-12-27,0.705,-0.395,0.45499998,2.155,2.805,2.7050002,4.105,-0.395,0.705,0.90500003,1.255,3.405,4.2549996,5.555,11.705,6.855
2023-12-28,-0.745,0.705,-0.395,0.45499998,2.155,2.805,2.7050002,4.105,-0.395,0.705,0.90500003,1.255,3.405,4.2549996,5.555,11.705
2023-12-29,1.155,-0.745,0.705,-0.395,0.45499998,2.155,2.805,2.7050002,4.105,-0.395,0.705,0.90500003,1.255,3.405,4.2549996,5.555
2023-12-30,2.305,1.155,-0.745,0.705,-0.395,0.45499998,2.155,2.805,2.7050002,4.105,-0.395,0.705,0.90500003,1.255,3.405,4.2549996
2023-12-31,3.7050002,2.305,1.155,-0.745,0.705,-0.395,0.45499998,2.155,2.805,2.7050002,4.105,-0.395,0.705,0.90500003,1.255,3.405
2024-01-01,4.055,3.7050002,2.305,1.155,-0.745,0.705,-0.395,0.45499998,2.155,2.805,2.7050002,4.105,-0.395,0.705,0.90500003,1.255
2024-01-02,3.105,4.055,3.7050002,2.305,1.155,-0.745,0.705,-0.395,0.45499998,2.155,2.805,2.7050002,4.105,-0.395,0.705,0.90500003
2024-01-03,9.555,3.105,4.055,3.7050002,2.305,1.155,-0.745,0.705,-0.395,0.45499998,2.155,2.805,2.7050002,4.105,-0.395,0.705
2024-01-04,7.2549996,9.555,3.105,4.055,3.7050002,2.305,1.155,-0.745,0.705,-0.395,0.45499998,2.155,2.805,2.7050002,4.105,-0.395
2024-01-05,7.4049997,7.2549996,9.555,3.105,4.055,3.7050002,2.305,1.155,-0.745,0.705,-0.395,0.45499998,2.155,2.805,2.7050002,4.105
2024-01-06,4.9049997,7.4049997,7.2549996,9.555,3.105,4.055,3.7050002,2.305,1.155,-0.745,0.705,-0.395,0.45499998,2.155,2.805,2.7050002
2024-01-07,0.85499996,4.9049997,7.4049997,7.2549996,9.555,3.105,4.055,3.7050002,2.305,1.155,-0.745,0.705,-0.395,0.45499998,2.155,2.805
2024-01-08,0.105000004,0.85499996,4.9049997,7.4049997,7.2549996,9.555,3.105,4.055,3.7050002,2.305,1.155,-0.745,0.705,-0.395,0.45499998,2.155
2024-01-09,3.405,0.105000004,0.85499996,4.9049997,7.4049997,7.2549996,9.555,3.105,4.055,3.7050002,2.305,1.155,-0.745,0.705,-0.395,0.45499998
2024-01-10,4.0049996,3.405,0.105000004,0.85499996,4.9049997,7.4049997,7.2549996,9.555,3.105,4.055,3.7050002,2.305,1.155,-0.745,0.705,-0.395
2024-01-11,3.655,4.0049996,3.405,0.105000004,0.85499996,4.9049997,7.4049997,7.2549996,9.555,3.105,4.055,3.7050002,2.305,1.155,-0.745,0.705
2024-01-12,-0.29500002,3.655,4.0049996,3.405,0.105000004,0.85499996,4.9049997,7.4049997,7.2549996,9.555,3.105,4.055,3.7050002,2.305,1.155,-0.745
2024-01-13,0.305,-0.29500002,3.655,4.0049996,3.405,0.105000004,0.85499996,4.9049997,7.4049997,7.2549996,9.555,3.105,4.055,3.7050002,2.305,1.155
2024-01-14,2.905,0.305,-0.29500002,3.655,4.0049996,3.405,0.105000004,0.85499996,4.9049997,7.4049997,7.2549996,9.555,3.105,4.055,3.7050002,2.305
2024-01-15,9.155001,2.905,0.305,-0.29500002,3.655,4.0049996,3.405,0.105000004,0.85499996,4.9049997,7.4049997,7.2549996,9.555,3.105,4.055,3.7050002
2024-01-16,12.6050005,9.155001,2.905,0.305,-0.29500002,3.655,4.0049996,3.405,0.105000004,0.85499996,4.9049997,7.4049997,7.2549996,9.555,3.105,4.055
2024-01-17,11.005,12.6050005,9.155001,2.905,0.305,-0.29500002,3.655,4.0049996,3.405,0.105000004,0.85499996,4.9049997,7.4049997,7.2549996,9.555,3.105
2024-01-18,9.905001,11.005,12.6050005,9.155001,2.905,0.305,-0.29500002,3.655,4.0049996,3.405,0.105000004,0.85499996,4.9049997,7.4049997,7.2549996,9.555
2024-01-19,8.8550005,9.905001,11.005,12.6050005,9.155001,2.905,0.305,-0.29500002,3.655,4.0049996,3.405,0.105000004,0.85499996,4.9049997,7.4049997,7.2549996
2024-01-20,5.455,8.8550005,9.905001,11.005,12.6050005,9.155001,2.905,0.305,-0.29500002,3.655,4.0049996,3.405,0.105000004,0.85499996,4.9049997,7.4049997
2024-01-21,3.255,5.455,8.8550005,9.905001,11.005,12.6050005,9.155001,2.905,0.305,-0.29500002,3.655,4.0049996,3.405,0.105000004,0.85499996,4.9049997
2024-01-22,3.605,3.255,5.455,8.8550005,9.905001,11.005,12.6050005,9.155001,2.905,0.305,-0.29500002,3.655,4.0049996,3.405,0.105000004,0.85499996
2024-01-23,3.9550002,3.605,3.255,5.455,8.8550005,9.905001,11.005,12.6050005,9.155001,2.905,0.305,-0.29500002,3.655,4.0049996,3.405,0.105000004
2024-01-24,5.555,3.9550002,3.605,3.255,5.455,8.8550005,9.905001,11.005,12.6050005,9.155001,2.905,0.305,-0.29500002,3.655,4.0049996,3.405
2024-01-25,6.355,5.555,3.9550002,3.605,3.255,5.455,8.8550005,9.905001,11.005,12.6050005,9.155001,2.905,0.305,-0.29500002,3.655,4.0049996
2024-01-26,6.7549996,6.355,5.555,3.9550002,3.605,3.255,5.455,8.8550005,9.905001,11.005,12.6050005,9.155001,2.905,0.305,-0.29500002,3.655
2024-01-27,7.1549997,6.7549996,6.355,5.555,3.9550002,3.605,3.255,5.455,8.8550005,9.905001,11.005,12.6050005,9.155001,2.905,0.305,-0.29500002
2024-01-28,6.6549997,7.1549997,6.7549996,6.355,5.555,3.9550002,3.605,3.255,5.455,8.8550005,9.905001,11.005,12.6050005,9.155001,2.905,0.305
2024-01-29,7.305,6.6549997,7.1549997,6.7549996,6.355,5.555,3.9550002,3.605,3.255,5.455,8.8550005,9.905001,11.005,12.6050005,9.155001,2.905
2024-01-30,6.055,7.305,6.6549997,7.1549997,6.7549996,6.355,5.555,3.9550002,3.605,3.255,5.455,8.8550005,9.905001,11.005,12.6050005,9.155001
2024-01-31,5.055,6.055,7.305,6.6549997,7.1549997,6.7549996,6.355,5.555,3.9550002,3.605,3.255,5.455,8.8550005,9.905001,11.005,12.6050005
2024-02-01,5.455,5.055,6.055,7.305,6.6549997,7.1549997,6.7549996,6.355,5.555,3.9550002,3.605,3.255,5.455,8.8550005,9.905001,11.005
2024-02-02,5.205,5.455,5.055,6.055,7.305,6.6549997,7.1549997,6.7549996,6.355,5.555,3.9550002,3.605,3.255,5.455,8.8550005,9.905001
2024-02-03,5.2549996,5.205,5.455,5.055,6.055,7.305,6.6549997,7.1549997,6.7549996,6.355,5.555,3.9550002,3.605,3.255,5.455,8.8550005
2024-02-04,4.2549996,5.2549996,5.205,5.455,5.055,6.055,7.305,6.6549997,7.1549997,6.7549996,6.355,5.555,3.9550002,3.605,3.255,5.455
2024-02-05,4.9049997,4.2549996,5.2549996,5.205,5.455,5.055,6.055,7.305,6.6549997,7.1549997,6.7549996,6.355,5.555,3.9550002,3.605,3.255
2024-02-06,6.1549997,4.9049997,4.2549996,5.2549996,5.205,5.455,5.055,6.055,7.305,6.6549997,7.1549997,6.7549996,6.355,5.555,3.9550002,3.605
2024-02-07,6.705,6.1549997,4.9049997,4.2549996,5.2549996,5.205,5.455,5.055,6.055,7.305,6.6549997,7.1549997,6.7549996,6.355,5.555,3.9550002
2024-02-08,9.005,6.705,6.1549997,4.9049997,4.2549996,5.2549996,5.205,5.455,5.055,6.055,7.305,6.6549997,7.1549997,6.7549996,6.355,5.555
2024-02-09,8.205,9.005,6.705,6.1549997,4.9049997,4.2549996,5.2549996,5.205,5.455,5.055,6.055,7.305,6.6549997,7.1549997,6.7549996,6.355
2024-02-10,6.9049997,8.205,9.005,6.705,6.1549997,4.9049997,4.2549996,5.2549996,5.205,5.455,5.055,6.055,7.305,6.6549997,7.1549997,6.7549996
2024-02-11,3.2050002,6.9049997,8.205,9.005,6.705,6.1549997,4.9049997,4.2549996,5.2549996,5.205,5.455,5.055,6.055,7.305,6.6549997,7.1549997
2024-02-12,5.4049997,3.2050002,6.9049997,8.205,9.005,6.705,6.1549997,4.9049997,4.2549996,5.2549996,5.205,5.455,5.055,6.055,7.305,6.6549997
2024-02-13,9.655001,5.4049997,3.2050002,6.9049997,8.205,9.005,6.705,6.1549997,4.9049997,4.2549996,5.2549996,5.205,5.455,5.055,6.055,7.305
2024-02-14,8.705,9.655001,5.4049997,3.2050002,6.9049997,8.205,9.005,6.705,6.1549997,4.9049997,4.2549996,5.2549996,5.205,5.455,5.055,6.055
2024-02-15,9.905001,8.705,9.655001,5.4049997,3.2050002,6.9049997,8.205,9.005,6.705,6.1549997,4.9049997,4.2549996,5.2549996,5.205,5.455,5.055
2024-02-16,9.305,9.905001,8.705,9.655001,5.4049997,3.2050002,6.9049997,8.205,9.005,6.705,6.1549997,4.9049997,4.2549996,5.2549996,5.205,5.455
2024-02-17,5.705,9.305,9.905001,8.705,9.655001,5.4049997,3.2050002,6.9049997,8.205,9.005,6.705,6.1549997,4.9049997,4.2549996,5.2549996,5.205
2024-02-18,4.4049997,5.705,9.305,9.905001,8.705,9.655001,5.4049997,3.2050002,6.9049997,8.205,9.005,6.705,6.1549997,4.9049997,4.2549996,5.2549996
2024-02-19,6.055,4.4049997,5.705,9.305,9.905001,8.705,9.655001,5.4049997,3.2050002,6.9049997,8.205,9.005,6.705,6.1549997,4.9049997,4.2549996
2024-02-20,6.355,6.055,4.4049997,5.705,9.305,9.905001,8.705,9.655001,5.4049997,3.2050002,6.9049997,8.205,9.005,6.705,6.1549997,4.9049997
2024-02-21,6.105,6.355,6.055,4.4049997,5.705,9.305,9.905001,8.705,9.655001,5.4049997,3.2050002,6.9049997,8.205,9.005,6.705,6.1549997
2024-02-22,10.205,6.105,6.355,6.055,4.4049997,5.705,9.305,9.905001,8.705,9.655001,5.4049997,3.2050002,6.9049997,8.205,9.005,6.705
2024-02-23,5.9049997,10.205,6.105,6.355,6.055,4.4049997,5.705,9.305,9.905001,8.705,9.655001,5.4049997,3.2050002,6.9049997,8.205,9.005
2024-02-24,3.305,5.9049997,10.205,6.105,6.355,6.055,4.4049997,5.705,9.305,9.905001,8.705,9.655001,5.4049997,3.2050002,6.9049997,8.205
2024-02-25,5.4049997,3.305,5.9049997,10.205,6.105,6.355,6.055,4.4049997,5.705,9.305,9.905001,8.705,9.655001,5.4049997,3.2050002,6.9049997
2024-02-26,9.805,5.4049997,3.305,5.9049997,10.205,6.105,6.355,6.055,4.4049997,5.705,9.305,9.905001,8.705,9.655001,5.4049997,3.2050002
2024-02-27,4.605,9.805,5.4049997,3.305,5.9049997,10.205,6.105,6.355,6.055,4.4049997,5.705,9.305,9.905001,8.705,9.655001,5.4049997
2024-02-28,3.005,4.605,9.805,5.4049997,3.305,5.9049997,10.205,6.105,6.355,6.055,4.4049997,5.705,9.305,9.905001,8.705,9.655001
2024-02-29,3.005,3.005,4.605,9.805,5.4049997,3.305,5.9049997,10.205,6.105,6.355,6.055,4.4049997,5.705,9.305,9.905001,8.705
2024-03-01,3.655,3.005,3.005,4.605,9.805,5.4049997,3.305,5.9049997,10.205,6.105,6.355,6.055,4.4049997,5.705,9.305,9.905001
2024-03-02,5.6549997,3.655,3.005,3.005,4.605,9.805,5.4049997,3.305,5.9049997,10.205,6.105,6.355,6.055,4.4049997,5.705,9.305
2024-03-03,3.355,5.6549997,3.655,3.005,3.005,4.605,9.805,5.4049997,3.305,5.9049997,10.205,6.105,6.355,6.055,4.4049997,5.705
2024-03-04,3.905,3.355,5.6549997,3.655,3.005,3.005,4.605,9.805,5.4049997,3.305,5.9049997,10.205,6.105,6.355,6.055,4.4049997
2024-03-05,4.7549996,3.905,3.355,5.6549997,3.655,3.005,3.005,4.605,9.805,5.4049997,3.305,5.9049997,10.205,6.105,6.355,6.055
2024-03-06,3.005,4.7549996,3.905,3.355,5.6549997,3.655,3.005,3.005,4.605,9.805,5.4049997,3.305,5.9049997,10.205,6.105,6.355
2024-03-07,7.9549994,3.005,4.7549996,3.905,3.355,5.6549997,3.655,3.005,3.005,4.605,9.805,5.4049997,3.305,5.9049997,10.205,6.105
2024-03-08,4.205,7.9549994,3.005,4.7549996,3.905,3.355,5.6549997,3.655,3.005,3.005,4.605,9.805,5.4049997,3.305,5.9049997,10.205
2024-03-09,7.205,4.205,7.9549994,3.005,4.7549996,3.905,3.355,5.6549997,3.655,3.005,3.005,4.605,9.805,5.4049997,3.305,5.9049997
2024-03-10,4.5049996,7.205,4.205,7.9549994,3.005,4.7549996,3.905,3.355,5.6549997,3.655,3.005,3.005,4.605,9.805,5.4049997,3.305
2024-03-11,6.455,4.5049996,7.205,4.205,7.9549994,3.005,4.7549996,3.905,3.355,5.6549997,3.655,3.005,3.005,4.605,9.805,5.4049997
2024-03-12,4.705,6.455,4.5049996,7.205,4.205,7.9549994,3.005,4.7549996,3.905,3.355,5.6549997,3.655,3.005,3.005,4.605,9.805
2024-03-13,5.1549997,4.705,6.455,4.5049996,7.205,4.205,7.9549994,3.005,4.7549996,3.905,3.355,5.6549997,3.655,3.005,3.005,4.605
2024-03-14,7.5049996,5.1549997,4.705,6.455,4.5049996,7.205,4.205,7.9549994,3.005,4.7549996,3.905,3.355,5.6549997,3.655,3.005,3.005
2024-03-15,8.155001,7.5049996,5.1549997,4.705,6.455,4.5049996,7.205,4.205,7.9549994,3.005,4.7549996,3.905,3.355,5.6549997,3.655,3.005
2024-03-16,8.555,8.155001,7.5049996,5.1549997,4.705,6.455,4.5049996,7.205,4.205,7.9549994,3.005,4.7549996,3.905,3.355,5.6549997,3.655
2024-03-17,10.155001,8.555,8.155001,7.5049996,5.1549997,4.705,6.455,4.5049996,7.205,4.205,7.9549994,3.005,4.7549996,3.905,3.355,5.6549997
2024-03-18,11.005,10.155001,8.555,8.155001,7.5049996,5.1549997,4.705,6.455,4.5049996,7.205,4.205,7.9549994,3.005,4.7549996,3.905,3.355
2024-03-19,12.055,11.005,10.155001,8.555,8.155001,7.5049996,5.1549997,4.705,6.455,4.5049996,7.205,4.205,7.9549994,3.005,4.7549996,3.905
2024-03-20,13.655001,12.055,11.005,10.155001,8.555,8.155001,7.5049996,5.1549997,4.705,6.455,4.5049996,7.205,4.205,7.9549994,3.005,4.7549996
2024-03-21,12.005,13.655001,12.055,11.005,10.155001,8.555,8.155001,7.5049996,5.1549997,4.705,6.455,4.5049996,7.205,4.205,7.9549994,3.005
2024-03-22,12.905001,12.005,13.655001,12.055,11.005,10.155001,8.555,8.155001,7.5049996,5.1549997,4.705,6.455,4.5049996,7.205,4.205,7.9549994
2024-03-23,14.555,12.905001,12.005,13.655001,12.055,11.005,10.155001,8.555,8.155001,7.5049996,5.1549997,4.705,6.455,4.5049996,7.205,4.205
2024-03-24,12.705,14.555,12.905001,12.005,13.655001,12.055,11.005,10.155001,8.555,8.155001,7.5049996,5.1549997,4.705,6.455,4.5049996,7.205
2024-03-25,13.955,12.705,14.555,12.905001,12.005,13.655001,12.055,11.005,10.155001,8.555,8.155001,7.5049996,5.1549997,4.705,6.455,4.5049996
2024-03-26,8.755,13.955,12.705,14.555,12.905001,12.005,13.655001,12.055,11.005,10.155001,8.555,8.155001,7.5049996,5.1549997,4.705,6.455
2024-03-27,4.705,8.755,13.955,12.705,14.555,12.905001,12.005,13.655001,12.055,11.005,10.155001,8.555,8.155001,7.5049996,5.1549997,4.705
2024-03-28,8.6050005,4.705,8.755,13.955,12.705,14.555,12.905001,12.005,13.655001,12.055,11.005,10.155001,8.555,8.155001,7.5049996,5.1549997
2024-03-29,11.3550005,8.6050005,4.705,8.755,13.955,12.705,14.555,12.905001,12.005,13.655001,12.055,11.005,10.155001,8.555,8.155001,7.5049996
2024-03-30,3.305,11.3550005,8.6050005,4.705,8.755,13.955,12.705,14.555,12.905001,12.005,13.655001,12.055,11.005,10.155001,8.555,8.155001
2024-03-31,6.055,3.305,11.3550005,8.6050005,4.705,8.755,13.955,12.705,14.555,12.905001,12.005,13.655001,12.055,11.005,10.155001,8.555
2024-04-01,3.9550002,6.055,3.305,11.3550005,8.6050005,4.705,8.755,13.955,12.705,14.555,12.905001,12.005,13.655001,12.055,11.005,10.155001
2024-04-02,5.7549996,3.9550002,6.055,3.305,11.3550005,8.6050005,4.705,8.755,13.955,12.705,14.555,12.905001,12.005,13.655001,12.055,11.005
2024-04-03,8.455,5.7549996,3.9550002,6.055,3.305,11.3550005,8.6050005,4.705,8.755,13.955,12.705,14.555,12.905001,12.005,13.655001,12.055
2024-04-04,8.155001,8.455,5.7549996,3.9550002,6.055,3.305,11.3550005,8.6050005,4.705,8.755,13.955,12.705,14.555,12.905001,12.005,13.655001
2024-04-05,11.6050005,8.155001,8.455,5.7549996,3.9550002,6.055,3.305,11.3550005,8.6050005,4.705,8.755,13.955,12.705,14.555,12.905001,12.005
2024-04-06,14.655001,11.6050005,8.155001,8.455,5.7549996,3.9550002,6.055,3.305,11.3550005,8.6050005,4.705,8.755,13.955,12.705,14.555,12.905001
2024-04-07,17.205,14.655001,11.6050005,8.155001,8.455,5.7549996,3.9550002,6.055,3.305,11.3550005,8.6050005,4.705,8.755,13.955,12.705,14.555
2024-04-08,13.005,17.205,14.655001,11.6050005,8.155001,8.455,5.7549996,3.9550002,6.055,3.305,11.3550005,8.6050005,4.705,8.755,13.955,12.705
2024-04-09,7.105,13.005,17.205,14.655001,11.6050005,8.155001,8.455,5.7549996,3.9550002,6.055,3.305,11.3550005,8.6050005,4.705,8.755,13.955
2024-04-10,6.705,7.105,13.005,17.205,14.655001,11.6050005,8.155001,8.455,5.7549996,3.9550002,6.055,3.305,11.3550005,8.6050005,4.705,8.755
2024-04-11,10.755,6.705,7.105,13.005,17.205,14.655001,11.6050005,8.155001,8.455,5.7549996,3.9550002,6.055,3.305,11.3550005,8.6050005,4.705
2024-04-12,11.3550005,10.755,6.705,7.105,13.005,17.205,14.655001,11.6050005,8.155001,8.455,5.7549996,3.9550002,6.055,3.305,11.3550005,8.6050005
2024-04-13,13.8550005,11.3550005,10.755,6.705,7.105,13.005,17.205,14.655001,11.6050005,8.155001,8.455,5.7549996,3.9550002,6.055,3.305,11.3550005
2024-04-14,14.655001,13.8550005,11.3550005,10.755,6.705,7.105,13.005,17.205,14.655001,11.6050005,8.155001,8.455,5.7549996,3.9550002,6.055,3.305
2024-04-15,17.105,14.655001,13.8550005,11.3550005,10.755,6.705,7.105,13.005,17.205,14.655001,11.6050005,8.155001,8.455,5.7549996,3.9550002,6.055
2024-04-16,15.505,17.105,14.655001,13.8550005,11.3550005,10.755,6.705,7.105,13.005,17.205,14.655001,11.6050005,8.155001,8.455,5.7549996,3.9550002
2024-04-17,13.1050005,15.505,17.105,14.655001,13.8550005,11.3550005,10.755,6.705,7.105,13.005,17.205,14.655001,11.6050005,8.155001,8.455,5.7549996
2024-04-18,11.705,13.1050005,15.505,17.105,14.655001,13.8550005,11.3550005,10.755,6.705,7.105,13.005,17.205,14.655001,11.6050005,8.155001,8.455
2024-04-19,10.405001,11.705,13.1050005,15.505,17.105,14.655001,13.8550005,11.3550005,10.755,6.705,7.105,13.005,17.205,14.655001,11.6050005,8.155001
2024-04-20,13.505,10.405001,11.705,13.1050005,15.505,17.105,14.655001,13.8550005,11.3550005,10.755,6.705,7.105,13.005,17.205,14.655001,11.6050005
2024-04-21,12.6050005,13.505,10.405001,11.705,13.1050005,15.505,17.105,14.655001,13.8550005,11.3550005,10.755,6.705,7.105,13.005,17.205,14.655001
2024-04-22,11.405001,12.6050005,13.505,10.405001,11.705,13.1050005,15.505,17.105,14.655001,13.8550005,11.3550005,10.755,6.705,7.105,13.005,17.205
2024-04-23,6.7549996,11.405001,12.6050005,13.505,10.405001,11.705,13.1050005,15.505,17.105,14.655001,13.8550005,11.3550005,10.755,6.705,7.105,13.005
2024-04-24,8.455,6.7549996,11.405001,12.6050005,13.505,10.405001,11.705,13.1050005,15.505,17.105,14.655001,13.8550005,11.3550005,10.755,6.705,7.105
2024-04-25,11.055,8.455,6.7549996,11.405001,12.6050005,13.505,10.405001,11.705,13.1050005,15.505,17.105,14.655001,13.8550005,11.3550005,10.755,6.705
2024-04-26,11.155001,11.055,8.455,6.7549996,11.405001,12.6050005,13.505,10.405001,11.705,13.1050005,15.505,17.105,14.655001,13.8550005,11.3550005,10.755
2024-04-27,10.305,11.155001,11.055,8.455,6.7549996,11.405001,12.6050005,13.505,10.405001,11.705,13.1050005,15.505,17.105,14.655001,13.8550005,11.3550005
2024-04-28,7.1549997,10.305,11.155001,11.055,8.455,6.7549996,11.405001,12.6050005,13.505,10.405001,11.705,13.1050005,15.505,17.105,14.655001,13.8550005
2024-04-29,8.505,7.1549997,10.305,11.155001,11.055,8.455,6.7549996,11.405001,12.6050005,13.505,10.405001,11.705,13.1050005,15.505,17.105,14.655001
2024-04-30,8.1050005,8.505,7.1549997,10.305,11.155001,11.055,8.455,6.7549996,11.405001,12.6050005,13.505,10.405001,11.705,13.1050005,15.505,17.105
2024-05-01,10.1050005,8.1050005,8.505,7.1549997,10.305,11.155001,11.055,8.455,6.7549996,11.405001,12.6050005,13.505,10.405001,11.705,13.1050005,15.505
2024-05-02,6.205,10.1050005,8.1050005,8.505,7.1549997,10.305,11.155001,11.055,8.455,6.7549996,11.405001,12.6050005,13.505,10.405001,11.705,13.1050005
2024-05-03,7.555,6.205,10.1050005,8.1050005,8.505,7.1549997,10.305,11.155001,11.055,8.455,6.7549996,11.405001,12.6050005,13.505,10.405001,11.705
2024-05-04,10.805,7.555,6.205,10.1050005,8.1050005,8.505,7.1549997,10.305,11.155001,11.055,8.455,6.7549996,11.405001,12.6050005,13.505,10.405001
2024-05-05,13.905001,10.805,7.555,6.205,10.1050005,8.1050005,8.505,7.1549997,10.305,11.155001,11.055,8.455,6.7549996,11.405001,12.6050005,13.505
2024-05-06,12.655001,13.905001,10.805,7.555,6.205,10.1050005,8.1050005,8.505,7.1549997,10.305,11.155001,11.055,8.455,6.7549996,11.405001,12.6050005
2024-05-07,10.155001,12.655001,13.905001,10.805,7.555,6.205,10.1050005,8.1050005,8.505,7.1549997,10.305,11.155001,11.055,8.455,6.7549996,11.405001
2024-05-08,12.1050005,10.155001,12.655001,13.905001,10.805,7.555,6.205,10.1050005,8.1050005,8.505,7.1549997,10.305,11.155001,11.055,8.455,6.7549996
2024-05-09,14.3550005,12.1050005,10.155001,12.655001,13.905001,10.805,7.555,6.205,10.1050005,8.1050005,8.505,7.1549997,10.305,11.155001,11.055,8.455
2024-05-10,17.755001,14.3550005,12.1050005,10.155001,12.655001,13.905001,10.805,7.555,6.205,10.1050005,8.1050005,8.505,7.1549997,10.305,11.155001,11.055
2024-05-11,19.005001,17.755001,14.3550005,12.1050005,10.155001,12.655001,13.905001,10.805,7.555,6.205,10.1050005,8.1050005,8.505,7.1549997,10.305,11.155001
2024-05-12,16.805,19.005001,17.755001,14.3550005,12.1050005,10.155001,12.655001,13.905001,10.805,7.555,6.205,10.1050005,8.1050005,8.505,7.1549997,10.305
2024-05-13,18.255001,16.805,19.005001,17.755001,14.3550005,12.1050005,10.155001,12.655001,13.905001,10.805,7.555,6.205,10.1050005,8.1050005,8.505,7.1549997
2024-05-14,16.105,18.255001,16.805,19.005001,17.755001,14.3550005,12.1050005,10.155001,12.655001,13.905001,10.805,7.555,6.205,10.1050005,8.1050005,8.505
2024-05-15,10.955,16.105,18.255001,16.805,19.005001,17.755001,14.3550005,12.1050005,10.155001,12.655001,13.905001,10.805,7.555,6.205,10.1050005,8.1050005
2024-05-16,10.455,10.955,16.105,18.255001,16.805,19.005001,17.755001,14.3550005,12.1050005,10.155001,12.655001,13.905001,10.805,7.555,6.205,10.1050005
2024-05-17,12.005,10.455,10.955,16.105,18.255001,16.805,19.005001,17.755001,14.3550005,12.1050005,10.155001,12.655001,13.905001,10.805,7.555,6.205
2024-05-18,11.455,12.005,10.455,10.955,16.105,18.255001,16.805,19.005001,17.755001,14.3550005,12.1050005,10.155001,12.655001,13.905001,10.805,7.555
2024-05-19,12.055,11.455,12.005,10.455,10.955,16.105,18.255001,16.805,19.005001,17.755001,14.3550005,12.1050005,10.155001,12.655001,13.905001,10.805
2024-05-20,10.455,12.055,11.455,12.005,10.455,10.955,16.105,18.255001,16.805,19.005001,17.755001,14.3550005,12.1050005,10.155001,12.655001,13.905001
2024-05-21,11.405001,10.455,12.055,11.455,12.005,10.455,10.955,16.105,18.255001,16.805,19.005001,17.755001,14.3550005,12.1050005,10.155001,12.655001
2024-05-22,10.405001,11.405001,10.455,12.055,11.455,12.005,10.455,10.955,16.105,18.255001,16.805,19.005001,17.755001,14.3550005,12.1050005,10.155001
2024-05-23,12.205,10.405001,11.405001,10.455,12.055,11.455,12.005,10.455,10.955,16.105,18.255001,16.805,19.005001,17.755001,14.3550005,12.1050005
2024-05-24,14.255,12.205,10.405001,11.405001,10.455,12.055,11.455,12.005,10.455,10.955,16.105,18.255001,16.805,19.005001,17.755001,14.3550005
2024-05-25,17.055,14.255,12.205,10.405001,11.405001,10.455,12.055,11.455,12.005,10.455,10.955,16.105,18.255001,16.805,19.005001,17.755001
2024-05-26,18.605,17.055,14.255,12.205,10.405001,11.405001,10.455,12.055,11.455,12.005,10.455,10.955,16.105,18.255001,16.805,19.005001
2024-05-27,18.455,18.605,17.055,14.255,12.205,10.405001,11.405001,10.455,12.055,11.455,12.005,10.455,10.955,16.105,18.255001,16.805
2024-05-28,18.655,18.455,18.605,17.055,14.255,12.205,10.405001,11.405001,10.455,12.055,11.455,12.005,10.455,10.955,16.105,18.255001
2024-05-29,21.655,18.655,18.455,18.605,17.055,14.255,12.205,10.405001,11.405001,10.455,12.055,11.455,12.005,10.455,10.955,16.105
2024-05-30,23.155,21.655,18.655,18.455,18.605,17.055,14.255,12.205,10.405001,11.405001,10.455,12.055,11.455,12.005,10.455,10.955
2024-05-31,19.655,23.155,21.655,18.655,18.455,18.605,17.055,14.255,12.205,10.405001,11.405001,10.455,12.055,11.455,12.005,10.455
